official_test_index,label,analysis_split
0,3,single_head_calibration
1,8,single_head_calibration
2,8,single_head_calibration
3,0,single_head_calibration
4,6,single_head_calibration
5,6,single_head_calibration
6,1,single_head_calibration
7,6,single_head_calibration
8,3,single_head_calibration
9,1,single_head_calibration
10,0,single_head_calibration
11,9,single_head_calibration
12,5,single_head_calibration
13,7,single_head_calibration
14,9,single_head_calibration
15,8,single_head_calibration
16,5,single_head_calibration
17,7,multihead_evaluation
18,8,single_head_calibration
19,6,single_head_calibration
20,7,single_head_calibration
21,0,single_head_calibration
22,4,single_head_calibration
23,9,single_head_calibration
24,5,single_head_calibration
25,2,single_head_calibration
26,4,single_head_calibration
27,0,single_head_calibration
28,9,single_head_calibration
29,6,single_head_calibration
30,6,single_head_calibration
31,5,single_head_calibration
32,4,single_head_calibration
33,5,single_head_calibration
34,9,single_head_calibration
35,2,single_head_calibration
36,4,single_head_calibration
37,1,multihead_evaluation
38,9,multihead_evaluation
39,5,single_head_calibration
40,4,single_head_calibration
41,6,single_head_calibration
42,5,single_head_calibration
43,6,single_head_calibration
44,0,multihead_evaluation
45,9,single_head_calibration
46,3,single_head_calibration
47,9,single_head_calibration
48,7,single_head_calibration
49,6,single_head_calibration
50,9,single_head_calibration
51,8,multihead_evaluation
52,0,single_head_calibration
53,3,single_head_calibration
54,8,single_head_calibration
55,8,single_head_calibration
56,7,single_head_calibration
57,7,single_head_calibration
58,4,multihead_evaluation
59,6,single_head_calibration
60,7,single_head_calibration
61,3,single_head_calibration
62,6,single_head_calibration
63,3,single_head_calibration
64,6,single_head_calibration
65,2,single_head_calibration
66,1,single_head_calibration
67,2,single_head_calibration
68,3,single_head_calibration
69,7,single_head_calibration
70,2,single_head_calibration
71,6,single_head_calibration
72,8,multihead_evaluation
73,8,single_head_calibration
74,0,single_head_calibration
75,2,single_head_calibration
76,9,single_head_calibration
77,3,single_head_calibration
78,3,multihead_evaluation
79,8,single_head_calibration
80,8,single_head_calibration
81,1,single_head_calibration
82,1,single_head_calibration
83,7,single_head_calibration
84,2,single_head_calibration
85,5,single_head_calibration
86,2,single_head_calibration
87,7,single_head_calibration
88,8,single_head_calibration
89,9,single_head_calibration
90,0,single_head_calibration
91,3,single_head_calibration
92,8,single_head_calibration
93,6,single_head_calibration
94,4,single_head_calibration
95,6,single_head_calibration
96,6,multihead_evaluation
97,0,single_head_calibration
98,0,single_head_calibration
99,7,single_head_calibration
100,4,multihead_evaluation
101,5,single_head_calibration
102,6,single_head_calibration
103,3,single_head_calibration
104,1,single_head_calibration
105,1,single_head_calibration
106,3,single_head_calibration
107,6,single_head_calibration
108,8,single_head_calibration
109,7,single_head_calibration
110,4,single_head_calibration
111,0,single_head_calibration
112,6,single_head_calibration
113,2,multihead_evaluation
114,1,single_head_calibration
115,3,single_head_calibration
116,0,single_head_calibration
117,4,single_head_calibration
118,2,single_head_calibration
119,7,single_head_calibration
120,8,single_head_calibration
121,3,single_head_calibration
122,1,single_head_calibration
123,2,single_head_calibration
124,8,single_head_calibration
125,0,multihead_evaluation
126,8,single_head_calibration
127,3,single_head_calibration
128,5,single_head_calibration
129,2,single_head_calibration
130,4,single_head_calibration
131,1,single_head_calibration
132,8,single_head_calibration
133,9,single_head_calibration
134,1,single_head_calibration
135,2,single_head_calibration
136,9,single_head_calibration
137,7,single_head_calibration
138,2,single_head_calibration
139,9,single_head_calibration
140,6,multihead_evaluation
141,5,single_head_calibration
142,6,single_head_calibration
143,3,single_head_calibration
144,8,single_head_calibration
145,7,multihead_evaluation
146,6,single_head_calibration
147,2,multihead_evaluation
148,5,single_head_calibration
149,2,single_head_calibration
150,8,single_head_calibration
151,9,single_head_calibration
152,6,single_head_calibration
153,0,single_head_calibration
154,0,single_head_calibration
155,5,single_head_calibration
156,2,single_head_calibration
157,9,single_head_calibration
158,5,single_head_calibration
159,4,single_head_calibration
160,2,single_head_calibration
161,1,single_head_calibration
162,6,single_head_calibration
163,6,single_head_calibration
164,8,single_head_calibration
165,4,single_head_calibration
166,8,single_head_calibration
167,4,single_head_calibration
168,5,single_head_calibration
169,0,single_head_calibration
170,9,multihead_evaluation
171,9,single_head_calibration
172,9,single_head_calibration
173,8,single_head_calibration
174,9,single_head_calibration
175,9,single_head_calibration
176,3,single_head_calibration
177,7,single_head_calibration
178,5,single_head_calibration
179,0,single_head_calibration
180,0,single_head_calibration
181,5,single_head_calibration
182,2,single_head_calibration
183,2,multihead_evaluation
184,3,single_head_calibration
185,8,multihead_evaluation
186,6,single_head_calibration
187,3,single_head_calibration
188,4,single_head_calibration
189,0,single_head_calibration
190,5,single_head_calibration
191,8,single_head_calibration
192,0,single_head_calibration
193,1,single_head_calibration
194,7,single_head_calibration
195,2,multihead_evaluation
196,8,single_head_calibration
197,8,single_head_calibration
198,7,single_head_calibration
199,8,single_head_calibration
200,5,single_head_calibration
201,1,single_head_calibration
202,8,single_head_calibration
203,7,single_head_calibration
204,1,single_head_calibration
205,3,single_head_calibration
206,0,single_head_calibration
207,5,single_head_calibration
208,7,multihead_evaluation
209,9,single_head_calibration
210,7,single_head_calibration
211,4,single_head_calibration
212,5,single_head_calibration
213,9,single_head_calibration
214,8,single_head_calibration
215,0,single_head_calibration
216,7,single_head_calibration
217,9,single_head_calibration
218,8,single_head_calibration
219,2,single_head_calibration
220,7,single_head_calibration
221,6,single_head_calibration
222,9,single_head_calibration
223,4,single_head_calibration
224,3,single_head_calibration
225,9,single_head_calibration
226,6,single_head_calibration
227,4,single_head_calibration
228,7,single_head_calibration
229,6,single_head_calibration
230,5,single_head_calibration
231,1,single_head_calibration
232,5,single_head_calibration
233,8,single_head_calibration
234,8,single_head_calibration
235,0,single_head_calibration
236,4,single_head_calibration
237,0,multihead_evaluation
238,5,single_head_calibration
239,5,single_head_calibration
240,1,single_head_calibration
241,1,single_head_calibration
242,8,single_head_calibration
243,9,single_head_calibration
244,0,single_head_calibration
245,3,single_head_calibration
246,1,single_head_calibration
247,9,single_head_calibration
248,2,single_head_calibration
249,2,single_head_calibration
250,5,single_head_calibration
251,3,single_head_calibration
252,9,single_head_calibration
253,9,single_head_calibration
254,4,multihead_evaluation
255,0,single_head_calibration
256,3,single_head_calibration
257,0,single_head_calibration
258,0,single_head_calibration
259,9,multihead_evaluation
260,8,single_head_calibration
261,1,single_head_calibration
262,5,single_head_calibration
263,7,single_head_calibration
264,0,single_head_calibration
265,8,single_head_calibration
266,2,multihead_evaluation
267,4,single_head_calibration
268,7,single_head_calibration
269,0,single_head_calibration
270,2,single_head_calibration
271,3,single_head_calibration
272,6,single_head_calibration
273,3,single_head_calibration
274,8,single_head_calibration
275,5,single_head_calibration
276,0,single_head_calibration
277,3,single_head_calibration
278,4,single_head_calibration
279,3,single_head_calibration
280,9,single_head_calibration
281,0,single_head_calibration
282,6,multihead_evaluation
283,1,single_head_calibration
284,0,single_head_calibration
285,9,single_head_calibration
286,1,single_head_calibration
287,0,single_head_calibration
288,7,single_head_calibration
289,9,single_head_calibration
290,1,single_head_calibration
291,2,multihead_evaluation
292,6,single_head_calibration
293,9,single_head_calibration
294,3,single_head_calibration
295,4,single_head_calibration
296,6,single_head_calibration
297,0,single_head_calibration
298,0,single_head_calibration
299,6,single_head_calibration
300,6,single_head_calibration
301,6,single_head_calibration
302,3,single_head_calibration
303,2,single_head_calibration
304,6,single_head_calibration
305,1,single_head_calibration
306,8,single_head_calibration
307,2,single_head_calibration
308,1,single_head_calibration
309,6,single_head_calibration
310,8,single_head_calibration
311,6,multihead_evaluation
312,8,single_head_calibration
313,0,single_head_calibration
314,4,single_head_calibration
315,0,single_head_calibration
316,7,single_head_calibration
317,7,multihead_evaluation
318,5,single_head_calibration
319,5,single_head_calibration
320,3,single_head_calibration
321,5,single_head_calibration
322,2,single_head_calibration
323,3,single_head_calibration
324,4,multihead_evaluation
325,1,single_head_calibration
326,7,multihead_evaluation
327,5,single_head_calibration
328,4,single_head_calibration
329,6,single_head_calibration
330,1,multihead_evaluation
331,9,single_head_calibration
332,3,single_head_calibration
333,6,single_head_calibration
334,6,single_head_calibration
335,9,single_head_calibration
336,3,single_head_calibration
337,8,single_head_calibration
338,0,single_head_calibration
339,7,single_head_calibration
340,2,single_head_calibration
341,6,single_head_calibration
342,2,single_head_calibration
343,5,single_head_calibration
344,8,single_head_calibration
345,5,single_head_calibration
346,4,single_head_calibration
347,6,single_head_calibration
348,8,single_head_calibration
349,9,single_head_calibration
350,9,single_head_calibration
351,1,single_head_calibration
352,0,single_head_calibration
353,2,single_head_calibration
354,2,single_head_calibration
355,7,single_head_calibration
356,3,single_head_calibration
357,2,single_head_calibration
358,8,single_head_calibration
359,0,single_head_calibration
360,9,single_head_calibration
361,5,single_head_calibration
362,8,single_head_calibration
363,1,single_head_calibration
364,9,single_head_calibration
365,4,single_head_calibration
366,1,multihead_evaluation
367,3,single_head_calibration
368,8,single_head_calibration
369,1,single_head_calibration
370,4,single_head_calibration
371,7,single_head_calibration
372,9,single_head_calibration
373,4,single_head_calibration
374,2,single_head_calibration
375,7,single_head_calibration
376,0,single_head_calibration
377,7,single_head_calibration
378,0,single_head_calibration
379,6,single_head_calibration
380,6,single_head_calibration
381,9,single_head_calibration
382,0,single_head_calibration
383,9,single_head_calibration
384,2,single_head_calibration
385,8,single_head_calibration
386,7,single_head_calibration
387,2,single_head_calibration
388,2,single_head_calibration
389,5,single_head_calibration
390,1,single_head_calibration
391,2,single_head_calibration
392,6,single_head_calibration
393,2,single_head_calibration
394,9,multihead_evaluation
395,6,single_head_calibration
396,2,single_head_calibration
397,3,single_head_calibration
398,0,single_head_calibration
399,3,multihead_evaluation
400,9,single_head_calibration
401,8,single_head_calibration
402,7,single_head_calibration
403,8,multihead_evaluation
404,8,single_head_calibration
405,4,multihead_evaluation
406,0,single_head_calibration
407,1,single_head_calibration
408,8,single_head_calibration
409,2,single_head_calibration
410,7,single_head_calibration
411,9,single_head_calibration
412,3,single_head_calibration
413,6,single_head_calibration
414,1,single_head_calibration
415,9,single_head_calibration
416,0,single_head_calibration
417,7,single_head_calibration
418,3,single_head_calibration
419,7,single_head_calibration
420,4,single_head_calibration
421,5,single_head_calibration
422,0,single_head_calibration
423,0,single_head_calibration
424,2,single_head_calibration
425,9,single_head_calibration
426,3,single_head_calibration
427,4,single_head_calibration
428,0,single_head_calibration
429,6,single_head_calibration
430,2,single_head_calibration
431,5,single_head_calibration
432,3,single_head_calibration
433,7,single_head_calibration
434,3,single_head_calibration
435,7,single_head_calibration
436,2,single_head_calibration
437,5,multihead_evaluation
438,3,single_head_calibration
439,1,single_head_calibration
440,1,single_head_calibration
441,4,single_head_calibration
442,9,single_head_calibration
443,9,multihead_evaluation
444,5,single_head_calibration
445,7,single_head_calibration
446,5,single_head_calibration
447,0,single_head_calibration
448,2,single_head_calibration
449,2,single_head_calibration
450,2,single_head_calibration
451,9,single_head_calibration
452,7,single_head_calibration
453,3,single_head_calibration
454,9,single_head_calibration
455,4,multihead_evaluation
456,3,single_head_calibration
457,5,single_head_calibration
458,4,single_head_calibration
459,6,single_head_calibration
460,5,single_head_calibration
461,6,single_head_calibration
462,1,single_head_calibration
463,4,single_head_calibration
464,3,multihead_evaluation
465,4,single_head_calibration
466,4,single_head_calibration
467,3,single_head_calibration
468,7,single_head_calibration
469,8,single_head_calibration
470,3,single_head_calibration
471,7,single_head_calibration
472,8,single_head_calibration
473,0,single_head_calibration
474,5,single_head_calibration
475,7,single_head_calibration
476,6,multihead_evaluation
477,0,single_head_calibration
478,5,single_head_calibration
479,4,single_head_calibration
480,8,single_head_calibration
481,6,single_head_calibration
482,8,multihead_evaluation
483,5,single_head_calibration
484,5,single_head_calibration
485,9,single_head_calibration
486,9,multihead_evaluation
487,9,single_head_calibration
488,5,single_head_calibration
489,0,single_head_calibration
490,1,single_head_calibration
491,0,single_head_calibration
492,8,multihead_evaluation
493,1,single_head_calibration
494,1,single_head_calibration
495,8,single_head_calibration
496,0,single_head_calibration
497,2,single_head_calibration
498,2,single_head_calibration
499,0,single_head_calibration
500,4,single_head_calibration
501,6,single_head_calibration
502,5,single_head_calibration
503,4,single_head_calibration
504,9,single_head_calibration
505,4,single_head_calibration
506,7,single_head_calibration
507,9,single_head_calibration
508,9,single_head_calibration
509,4,single_head_calibration
510,5,single_head_calibration
511,6,single_head_calibration
512,6,single_head_calibration
513,1,single_head_calibration
514,5,single_head_calibration
515,3,single_head_calibration
516,8,single_head_calibration
517,9,single_head_calibration
518,5,single_head_calibration
519,8,single_head_calibration
520,5,multihead_evaluation
521,7,single_head_calibration
522,0,single_head_calibration
523,7,single_head_calibration
524,0,single_head_calibration
525,5,single_head_calibration
526,0,single_head_calibration
527,0,single_head_calibration
528,4,single_head_calibration
529,6,single_head_calibration
530,9,single_head_calibration
531,0,single_head_calibration
532,9,single_head_calibration
533,5,single_head_calibration
534,6,single_head_calibration
535,6,single_head_calibration
536,6,multihead_evaluation
537,2,single_head_calibration
538,9,single_head_calibration
539,0,single_head_calibration
540,1,single_head_calibration
541,7,single_head_calibration
542,6,single_head_calibration
543,7,single_head_calibration
544,5,single_head_calibration
545,9,single_head_calibration
546,1,single_head_calibration
547,6,multihead_evaluation
548,2,single_head_calibration
549,5,single_head_calibration
550,5,single_head_calibration
551,5,single_head_calibration
552,8,multihead_evaluation
553,5,multihead_evaluation
554,9,single_head_calibration
555,4,single_head_calibration
556,6,single_head_calibration
557,4,single_head_calibration
558,3,single_head_calibration
559,2,single_head_calibration
560,0,single_head_calibration
561,7,single_head_calibration
562,6,single_head_calibration
563,2,single_head_calibration
564,2,single_head_calibration
565,3,single_head_calibration
566,9,single_head_calibration
567,7,single_head_calibration
568,9,single_head_calibration
569,2,single_head_calibration
570,6,single_head_calibration
571,7,single_head_calibration
572,1,multihead_evaluation
573,3,multihead_evaluation
574,6,single_head_calibration
575,6,single_head_calibration
576,8,single_head_calibration
577,9,single_head_calibration
578,7,single_head_calibration
579,5,single_head_calibration
580,4,single_head_calibration
581,0,single_head_calibration
582,8,single_head_calibration
583,4,single_head_calibration
584,0,single_head_calibration
585,9,single_head_calibration
586,3,single_head_calibration
587,4,multihead_evaluation
588,8,single_head_calibration
589,9,single_head_calibration
590,6,single_head_calibration
591,9,single_head_calibration
592,2,single_head_calibration
593,6,single_head_calibration
594,1,single_head_calibration
595,4,multihead_evaluation
596,7,single_head_calibration
597,3,single_head_calibration
598,5,single_head_calibration
599,3,single_head_calibration
600,8,multihead_evaluation
601,5,single_head_calibration
602,0,single_head_calibration
603,2,single_head_calibration
604,1,single_head_calibration
605,6,single_head_calibration
606,4,multihead_evaluation
607,3,single_head_calibration
608,3,single_head_calibration
609,9,single_head_calibration
610,6,multihead_evaluation
611,9,multihead_evaluation
612,8,single_head_calibration
613,8,single_head_calibration
614,5,single_head_calibration
615,8,single_head_calibration
616,6,single_head_calibration
617,6,multihead_evaluation
618,2,single_head_calibration
619,1,single_head_calibration
620,7,single_head_calibration
621,7,single_head_calibration
622,1,single_head_calibration
623,2,single_head_calibration
624,7,single_head_calibration
625,9,single_head_calibration
626,9,single_head_calibration
627,4,single_head_calibration
628,4,single_head_calibration
629,1,single_head_calibration
630,2,single_head_calibration
631,5,single_head_calibration
632,6,single_head_calibration
633,8,single_head_calibration
634,7,single_head_calibration
635,6,single_head_calibration
636,8,single_head_calibration
637,3,single_head_calibration
638,0,single_head_calibration
639,5,single_head_calibration
640,5,single_head_calibration
641,3,single_head_calibration
642,0,single_head_calibration
643,7,single_head_calibration
644,9,multihead_evaluation
645,1,single_head_calibration
646,3,single_head_calibration
647,4,single_head_calibration
648,4,single_head_calibration
649,5,single_head_calibration
650,3,single_head_calibration
651,9,single_head_calibration
652,5,single_head_calibration
653,6,single_head_calibration
654,9,multihead_evaluation
655,2,single_head_calibration
656,1,single_head_calibration
657,1,single_head_calibration
658,4,multihead_evaluation
659,1,single_head_calibration
660,9,multihead_evaluation
661,4,single_head_calibration
662,7,single_head_calibration
663,6,multihead_evaluation
664,3,single_head_calibration
665,8,single_head_calibration
666,9,single_head_calibration
667,0,single_head_calibration
668,1,single_head_calibration
669,3,single_head_calibration
670,6,single_head_calibration
671,3,single_head_calibration
672,6,single_head_calibration
673,3,single_head_calibration
674,2,single_head_calibration
675,0,single_head_calibration
676,3,multihead_evaluation
677,1,single_head_calibration
678,0,single_head_calibration
679,5,single_head_calibration
680,9,single_head_calibration
681,6,single_head_calibration
682,4,single_head_calibration
683,8,single_head_calibration
684,9,single_head_calibration
685,6,single_head_calibration
686,9,single_head_calibration
687,6,single_head_calibration
688,3,single_head_calibration
689,0,multihead_evaluation
690,3,single_head_calibration
691,2,single_head_calibration
692,2,single_head_calibration
693,7,single_head_calibration
694,8,single_head_calibration
695,3,single_head_calibration
696,8,single_head_calibration
697,2,single_head_calibration
698,7,single_head_calibration
699,5,single_head_calibration
700,7,single_head_calibration
701,2,single_head_calibration
702,4,single_head_calibration
703,8,single_head_calibration
704,7,single_head_calibration
705,4,single_head_calibration
706,2,single_head_calibration
707,9,single_head_calibration
708,8,single_head_calibration
709,8,single_head_calibration
710,6,single_head_calibration
711,8,single_head_calibration
712,8,single_head_calibration
713,7,single_head_calibration
714,4,single_head_calibration
715,3,single_head_calibration
716,3,single_head_calibration
717,8,single_head_calibration
718,4,single_head_calibration
719,9,single_head_calibration
720,4,single_head_calibration
721,8,single_head_calibration
722,8,multihead_evaluation
723,1,single_head_calibration
724,8,single_head_calibration
725,2,single_head_calibration
726,1,single_head_calibration
727,3,single_head_calibration
728,6,single_head_calibration
729,5,single_head_calibration
730,4,single_head_calibration
731,2,single_head_calibration
732,7,multihead_evaluation
733,9,multihead_evaluation
734,9,single_head_calibration
735,4,single_head_calibration
736,1,single_head_calibration
737,4,single_head_calibration
738,1,single_head_calibration
739,3,single_head_calibration
740,2,multihead_evaluation
741,7,single_head_calibration
742,0,single_head_calibration
743,7,single_head_calibration
744,9,single_head_calibration
745,7,single_head_calibration
746,6,single_head_calibration
747,6,multihead_evaluation
748,2,single_head_calibration
749,5,single_head_calibration
750,9,single_head_calibration
751,2,single_head_calibration
752,9,single_head_calibration
753,1,single_head_calibration
754,2,single_head_calibration
755,2,single_head_calibration
756,6,single_head_calibration
757,8,single_head_calibration
758,2,multihead_evaluation
759,1,multihead_evaluation
760,3,single_head_calibration
761,6,single_head_calibration
762,6,single_head_calibration
763,0,single_head_calibration
764,1,single_head_calibration
765,2,single_head_calibration
766,7,multihead_evaluation
767,0,single_head_calibration
768,5,single_head_calibration
769,4,single_head_calibration
770,6,single_head_calibration
771,1,single_head_calibration
772,6,single_head_calibration
773,4,multihead_evaluation
774,0,single_head_calibration
775,2,single_head_calibration
776,2,single_head_calibration
777,6,single_head_calibration
778,0,multihead_evaluation
779,5,single_head_calibration
780,9,single_head_calibration
781,1,multihead_evaluation
782,7,single_head_calibration
783,6,single_head_calibration
784,7,single_head_calibration
785,0,single_head_calibration
786,3,single_head_calibration
787,9,single_head_calibration
788,6,single_head_calibration
789,8,single_head_calibration
790,3,single_head_calibration
791,0,single_head_calibration
792,3,single_head_calibration
793,4,single_head_calibration
794,7,single_head_calibration
795,7,single_head_calibration
796,1,single_head_calibration
797,4,single_head_calibration
798,7,single_head_calibration
799,2,single_head_calibration
800,7,single_head_calibration
801,1,single_head_calibration
802,4,single_head_calibration
803,7,multihead_evaluation
804,4,multihead_evaluation
805,4,single_head_calibration
806,8,single_head_calibration
807,4,single_head_calibration
808,7,single_head_calibration
809,7,single_head_calibration
810,5,single_head_calibration
811,3,single_head_calibration
812,7,single_head_calibration
813,2,single_head_calibration
814,0,single_head_calibration
815,8,single_head_calibration
816,9,single_head_calibration
817,5,multihead_evaluation
818,8,single_head_calibration
819,3,single_head_calibration
820,6,single_head_calibration
821,2,single_head_calibration
822,0,single_head_calibration
823,8,single_head_calibration
824,7,single_head_calibration
825,3,multihead_evaluation
826,7,single_head_calibration
827,6,single_head_calibration
828,5,single_head_calibration
829,3,single_head_calibration
830,1,single_head_calibration
831,3,single_head_calibration
832,2,single_head_calibration
833,2,single_head_calibration
834,5,single_head_calibration
835,4,single_head_calibration
836,1,single_head_calibration
837,2,single_head_calibration
838,9,single_head_calibration
839,2,single_head_calibration
840,7,single_head_calibration
841,0,single_head_calibration
842,7,single_head_calibration
843,2,single_head_calibration
844,1,single_head_calibration
845,3,single_head_calibration
846,2,single_head_calibration
847,0,single_head_calibration
848,2,single_head_calibration
849,4,single_head_calibration
850,7,single_head_calibration
851,9,single_head_calibration
852,8,single_head_calibration
853,9,single_head_calibration
854,0,single_head_calibration
855,7,multihead_evaluation
856,7,single_head_calibration
857,0,single_head_calibration
858,7,single_head_calibration
859,8,single_head_calibration
860,4,multihead_evaluation
861,6,single_head_calibration
862,3,single_head_calibration
863,3,single_head_calibration
864,0,multihead_evaluation
865,1,single_head_calibration
866,3,single_head_calibration
867,7,single_head_calibration
868,0,single_head_calibration
869,1,single_head_calibration
870,3,single_head_calibration
871,1,single_head_calibration
872,4,single_head_calibration
873,2,single_head_calibration
874,3,single_head_calibration
875,8,single_head_calibration
876,4,single_head_calibration
877,2,multihead_evaluation
878,3,single_head_calibration
879,7,multihead_evaluation
880,8,single_head_calibration
881,4,single_head_calibration
882,3,single_head_calibration
883,0,single_head_calibration
884,9,single_head_calibration
885,0,single_head_calibration
886,0,multihead_evaluation
887,1,multihead_evaluation
888,0,single_head_calibration
889,4,multihead_evaluation
890,4,single_head_calibration
891,6,single_head_calibration
892,7,single_head_calibration
893,6,single_head_calibration
894,1,single_head_calibration
895,1,single_head_calibration
896,3,multihead_evaluation
897,7,multihead_evaluation
898,3,single_head_calibration
899,5,single_head_calibration
900,2,single_head_calibration
901,6,single_head_calibration
902,6,single_head_calibration
903,5,single_head_calibration
904,8,single_head_calibration
905,7,multihead_evaluation
906,1,single_head_calibration
907,6,single_head_calibration
908,8,single_head_calibration
909,8,single_head_calibration
910,5,single_head_calibration
911,3,single_head_calibration
912,0,single_head_calibration
913,4,single_head_calibration
914,0,single_head_calibration
915,1,single_head_calibration
916,3,single_head_calibration
917,8,single_head_calibration
918,8,single_head_calibration
919,0,single_head_calibration
920,6,single_head_calibration
921,9,multihead_evaluation
922,9,single_head_calibration
923,9,single_head_calibration
924,5,single_head_calibration
925,5,single_head_calibration
926,8,single_head_calibration
927,6,single_head_calibration
928,0,single_head_calibration
929,0,single_head_calibration
930,4,single_head_calibration
931,2,single_head_calibration
932,3,single_head_calibration
933,2,single_head_calibration
934,7,multihead_evaluation
935,2,single_head_calibration
936,2,single_head_calibration
937,5,single_head_calibration
938,9,single_head_calibration
939,8,single_head_calibration
940,9,single_head_calibration
941,1,multihead_evaluation
942,7,multihead_evaluation
943,4,single_head_calibration
944,0,single_head_calibration
945,3,single_head_calibration
946,0,single_head_calibration
947,1,single_head_calibration
948,3,single_head_calibration
949,8,single_head_calibration
950,3,single_head_calibration
951,9,single_head_calibration
952,6,single_head_calibration
953,1,single_head_calibration
954,4,single_head_calibration
955,7,single_head_calibration
956,0,single_head_calibration
957,3,single_head_calibration
958,7,single_head_calibration
959,8,single_head_calibration
960,9,single_head_calibration
961,1,single_head_calibration
962,1,single_head_calibration
963,6,single_head_calibration
964,6,single_head_calibration
965,6,single_head_calibration
966,6,multihead_evaluation
967,9,single_head_calibration
968,1,single_head_calibration
969,9,single_head_calibration
970,9,single_head_calibration
971,4,single_head_calibration
972,2,single_head_calibration
973,1,single_head_calibration
974,7,single_head_calibration
975,0,single_head_calibration
976,6,single_head_calibration
977,8,multihead_evaluation
978,1,single_head_calibration
979,9,single_head_calibration
980,2,single_head_calibration
981,9,single_head_calibration
982,0,single_head_calibration
983,4,single_head_calibration
984,7,single_head_calibration
985,8,single_head_calibration
986,3,single_head_calibration
987,1,single_head_calibration
988,2,single_head_calibration
989,0,single_head_calibration
990,1,single_head_calibration
991,5,single_head_calibration
992,8,single_head_calibration
993,4,single_head_calibration
994,6,single_head_calibration
995,3,multihead_evaluation
996,8,single_head_calibration
997,1,single_head_calibration
998,3,single_head_calibration
999,8,single_head_calibration
1000,5,single_head_calibration
1001,0,single_head_calibration
1002,8,single_head_calibration
1003,4,single_head_calibration
1004,8,single_head_calibration
1005,1,single_head_calibration
1006,1,single_head_calibration
1007,8,single_head_calibration
1008,9,single_head_calibration
1009,6,single_head_calibration
1010,0,multihead_evaluation
1011,8,single_head_calibration
1012,6,single_head_calibration
1013,1,single_head_calibration
1014,3,single_head_calibration
1015,4,multihead_evaluation
1016,1,single_head_calibration
1017,6,single_head_calibration
1018,0,single_head_calibration
1019,5,single_head_calibration
1020,1,single_head_calibration
1021,1,single_head_calibration
1022,0,single_head_calibration
1023,0,single_head_calibration
1024,3,single_head_calibration
1025,5,single_head_calibration
1026,0,single_head_calibration
1027,0,multihead_evaluation
1028,6,single_head_calibration
1029,6,single_head_calibration
1030,3,single_head_calibration
1031,3,single_head_calibration
1032,6,single_head_calibration
1033,3,single_head_calibration
1034,6,single_head_calibration
1035,6,single_head_calibration
1036,0,single_head_calibration
1037,7,single_head_calibration
1038,2,single_head_calibration
1039,2,multihead_evaluation
1040,7,single_head_calibration
1041,5,single_head_calibration
1042,5,multihead_evaluation
1043,2,single_head_calibration
1044,8,multihead_evaluation
1045,5,multihead_evaluation
1046,2,single_head_calibration
1047,1,single_head_calibration
1048,1,single_head_calibration
1049,4,single_head_calibration
1050,3,single_head_calibration
1051,2,single_head_calibration
1052,0,single_head_calibration
1053,3,single_head_calibration
1054,1,single_head_calibration
1055,5,single_head_calibration
1056,3,single_head_calibration
1057,7,single_head_calibration
1058,6,single_head_calibration
1059,8,single_head_calibration
1060,9,single_head_calibration
1061,1,single_head_calibration
1062,6,single_head_calibration
1063,4,single_head_calibration
1064,9,single_head_calibration
1065,3,single_head_calibration
1066,9,single_head_calibration
1067,0,single_head_calibration
1068,9,single_head_calibration
1069,6,single_head_calibration
1070,3,single_head_calibration
1071,6,single_head_calibration
1072,0,single_head_calibration
1073,7,single_head_calibration
1074,3,single_head_calibration
1075,8,single_head_calibration
1076,0,single_head_calibration
1077,0,single_head_calibration
1078,0,single_head_calibration
1079,6,single_head_calibration
1080,6,single_head_calibration
1081,6,single_head_calibration
1082,9,single_head_calibration
1083,2,single_head_calibration
1084,5,single_head_calibration
1085,4,single_head_calibration
1086,4,single_head_calibration
1087,6,single_head_calibration
1088,3,single_head_calibration
1089,6,single_head_calibration
1090,0,single_head_calibration
1091,8,single_head_calibration
1092,6,single_head_calibration
1093,0,single_head_calibration
1094,6,single_head_calibration
1095,2,single_head_calibration
1096,7,single_head_calibration
1097,5,single_head_calibration
1098,1,single_head_calibration
1099,2,single_head_calibration
1100,7,single_head_calibration
1101,8,single_head_calibration
1102,8,single_head_calibration
1103,0,single_head_calibration
1104,9,single_head_calibration
1105,4,multihead_evaluation
1106,9,single_head_calibration
1107,7,single_head_calibration
1108,2,single_head_calibration
1109,0,single_head_calibration
1110,2,single_head_calibration
1111,8,single_head_calibration
1112,3,single_head_calibration
1113,8,single_head_calibration
1114,9,single_head_calibration
1115,1,multihead_evaluation
1116,5,multihead_evaluation
1117,5,single_head_calibration
1118,4,single_head_calibration
1119,7,single_head_calibration
1120,5,multihead_evaluation
1121,3,single_head_calibration
1122,8,single_head_calibration
1123,3,single_head_calibration
1124,3,single_head_calibration
1125,6,single_head_calibration
1126,2,single_head_calibration
1127,8,single_head_calibration
1128,4,single_head_calibration
1129,3,multihead_evaluation
1130,7,single_head_calibration
1131,1,single_head_calibration
1132,2,single_head_calibration
1133,4,single_head_calibration
1134,1,single_head_calibration
1135,6,single_head_calibration
1136,9,single_head_calibration
1137,0,single_head_calibration
1138,5,single_head_calibration
1139,8,single_head_calibration
1140,6,multihead_evaluation
1141,1,single_head_calibration
1142,8,single_head_calibration
1143,6,single_head_calibration
1144,1,single_head_calibration
1145,4,single_head_calibration
1146,2,single_head_calibration
1147,6,single_head_calibration
1148,2,multihead_evaluation
1149,7,single_head_calibration
1150,2,single_head_calibration
1151,2,single_head_calibration
1152,0,single_head_calibration
1153,8,single_head_calibration
1154,6,single_head_calibration
1155,9,single_head_calibration
1156,1,single_head_calibration
1157,7,single_head_calibration
1158,1,single_head_calibration
1159,8,single_head_calibration
1160,8,single_head_calibration
1161,0,single_head_calibration
1162,7,single_head_calibration
1163,3,single_head_calibration
1164,8,single_head_calibration
1165,0,single_head_calibration
1166,3,single_head_calibration
1167,4,single_head_calibration
1168,3,single_head_calibration
1169,7,single_head_calibration
1170,7,single_head_calibration
1171,9,single_head_calibration
1172,2,single_head_calibration
1173,3,single_head_calibration
1174,1,single_head_calibration
1175,9,single_head_calibration
1176,1,single_head_calibration
1177,9,multihead_evaluation
1178,6,single_head_calibration
1179,3,single_head_calibration
1180,3,single_head_calibration
1181,3,multihead_evaluation
1182,1,single_head_calibration
1183,0,single_head_calibration
1184,6,single_head_calibration
1185,1,single_head_calibration
1186,4,single_head_calibration
1187,1,single_head_calibration
1188,0,single_head_calibration
1189,0,single_head_calibration
1190,1,multihead_evaluation
1191,1,multihead_evaluation
1192,6,single_head_calibration
1193,5,single_head_calibration
1194,4,single_head_calibration
1195,6,single_head_calibration
1196,2,multihead_evaluation
1197,0,single_head_calibration
1198,7,single_head_calibration
1199,9,single_head_calibration
1200,8,single_head_calibration
1201,7,single_head_calibration
1202,2,multihead_evaluation
1203,0,single_head_calibration
1204,6,single_head_calibration
1205,8,single_head_calibration
1206,1,single_head_calibration
1207,4,single_head_calibration
1208,3,single_head_calibration
1209,7,single_head_calibration
1210,0,single_head_calibration
1211,6,single_head_calibration
1212,1,single_head_calibration
1213,8,single_head_calibration
1214,5,single_head_calibration
1215,7,single_head_calibration
1216,8,single_head_calibration
1217,4,single_head_calibration
1218,8,single_head_calibration
1219,3,single_head_calibration
1220,9,single_head_calibration
1221,9,single_head_calibration
1222,9,single_head_calibration
1223,8,single_head_calibration
1224,7,single_head_calibration
1225,6,single_head_calibration
1226,6,single_head_calibration
1227,3,single_head_calibration
1228,5,single_head_calibration
1229,1,single_head_calibration
1230,5,single_head_calibration
1231,9,single_head_calibration
1232,1,single_head_calibration
1233,4,single_head_calibration
1234,1,single_head_calibration
1235,5,single_head_calibration
1236,7,single_head_calibration
1237,0,single_head_calibration
1238,1,multihead_evaluation
1239,5,single_head_calibration
1240,2,single_head_calibration
1241,0,single_head_calibration
1242,8,single_head_calibration
1243,8,multihead_evaluation
1244,5,single_head_calibration
1245,6,single_head_calibration
1246,7,single_head_calibration
1247,3,single_head_calibration
1248,2,single_head_calibration
1249,4,single_head_calibration
1250,7,single_head_calibration
1251,2,single_head_calibration
1252,5,multihead_evaluation
1253,8,single_head_calibration
1254,2,single_head_calibration
1255,4,single_head_calibration
1256,9,multihead_evaluation
1257,2,single_head_calibration
1258,1,single_head_calibration
1259,8,single_head_calibration
1260,1,multihead_evaluation
1261,9,single_head_calibration
1262,8,single_head_calibration
1263,8,single_head_calibration
1264,8,single_head_calibration
1265,9,single_head_calibration
1266,0,single_head_calibration
1267,4,single_head_calibration
1268,3,single_head_calibration
1269,3,single_head_calibration
1270,1,single_head_calibration
1271,8,single_head_calibration
1272,4,single_head_calibration
1273,6,single_head_calibration
1274,3,single_head_calibration
1275,3,single_head_calibration
1276,5,single_head_calibration
1277,2,single_head_calibration
1278,2,single_head_calibration
1279,8,single_head_calibration
1280,3,single_head_calibration
1281,8,single_head_calibration
1282,9,single_head_calibration
1283,5,multihead_evaluation
1284,8,single_head_calibration
1285,9,single_head_calibration
1286,8,single_head_calibration
1287,9,single_head_calibration
1288,1,single_head_calibration
1289,6,single_head_calibration
1290,5,multihead_evaluation
1291,9,single_head_calibration
1292,4,single_head_calibration
1293,4,single_head_calibration
1294,8,single_head_calibration
1295,0,single_head_calibration
1296,7,single_head_calibration
1297,2,single_head_calibration
1298,9,single_head_calibration
1299,7,single_head_calibration
1300,4,single_head_calibration
1301,1,single_head_calibration
1302,6,single_head_calibration
1303,4,single_head_calibration
1304,4,multihead_evaluation
1305,9,single_head_calibration
1306,1,single_head_calibration
1307,2,single_head_calibration
1308,5,single_head_calibration
1309,6,single_head_calibration
1310,0,single_head_calibration
1311,8,single_head_calibration
1312,6,single_head_calibration
1313,1,single_head_calibration
1314,9,single_head_calibration
1315,4,single_head_calibration
1316,5,single_head_calibration
1317,9,single_head_calibration
1318,5,single_head_calibration
1319,0,single_head_calibration
1320,7,single_head_calibration
1321,2,single_head_calibration
1322,0,multihead_evaluation
1323,0,single_head_calibration
1324,4,single_head_calibration
1325,2,single_head_calibration
1326,6,single_head_calibration
1327,6,single_head_calibration
1328,5,single_head_calibration
1329,5,multihead_evaluation
1330,2,single_head_calibration
1331,8,single_head_calibration
1332,1,single_head_calibration
1333,7,single_head_calibration
1334,3,single_head_calibration
1335,1,single_head_calibration
1336,4,single_head_calibration
1337,5,single_head_calibration
1338,6,multihead_evaluation
1339,5,single_head_calibration
1340,1,single_head_calibration
1341,4,single_head_calibration
1342,7,single_head_calibration
1343,0,single_head_calibration
1344,9,single_head_calibration
1345,4,single_head_calibration
1346,3,single_head_calibration
1347,8,single_head_calibration
1348,2,single_head_calibration
1349,8,single_head_calibration
1350,4,multihead_evaluation
1351,7,single_head_calibration
1352,2,single_head_calibration
1353,3,single_head_calibration
1354,1,single_head_calibration
1355,5,single_head_calibration
1356,2,single_head_calibration
1357,9,single_head_calibration
1358,8,single_head_calibration
1359,9,single_head_calibration
1360,7,single_head_calibration
1361,9,single_head_calibration
1362,5,single_head_calibration
1363,1,single_head_calibration
1364,4,single_head_calibration
1365,0,single_head_calibration
1366,8,single_head_calibration
1367,2,single_head_calibration
1368,3,single_head_calibration
1369,8,single_head_calibration
1370,9,single_head_calibration
1371,1,multihead_evaluation
1372,1,single_head_calibration
1373,3,single_head_calibration
1374,2,single_head_calibration
1375,4,single_head_calibration
1376,9,single_head_calibration
1377,3,single_head_calibration
1378,1,multihead_evaluation
1379,7,single_head_calibration
1380,4,single_head_calibration
1381,6,single_head_calibration
1382,2,multihead_evaluation
1383,8,single_head_calibration
1384,9,single_head_calibration
1385,5,single_head_calibration
1386,3,single_head_calibration
1387,9,single_head_calibration
1388,5,single_head_calibration
1389,5,single_head_calibration
1390,6,single_head_calibration
1391,7,single_head_calibration
1392,2,multihead_evaluation
1393,4,single_head_calibration
1394,6,single_head_calibration
1395,3,single_head_calibration
1396,1,single_head_calibration
1397,0,single_head_calibration
1398,7,single_head_calibration
1399,2,single_head_calibration
1400,5,multihead_evaluation
1401,4,single_head_calibration
1402,7,single_head_calibration
1403,6,single_head_calibration
1404,1,single_head_calibration
1405,1,single_head_calibration
1406,9,multihead_evaluation
1407,8,single_head_calibration
1408,1,single_head_calibration
1409,0,single_head_calibration
1410,1,single_head_calibration
1411,3,single_head_calibration
1412,1,single_head_calibration
1413,1,single_head_calibration
1414,1,single_head_calibration
1415,7,single_head_calibration
1416,3,multihead_evaluation
1417,9,single_head_calibration
1418,6,single_head_calibration
1419,8,single_head_calibration
1420,4,single_head_calibration
1421,6,single_head_calibration
1422,8,multihead_evaluation
1423,4,single_head_calibration
1424,9,single_head_calibration
1425,4,single_head_calibration
1426,7,single_head_calibration
1427,9,single_head_calibration
1428,7,single_head_calibration
1429,6,single_head_calibration
1430,8,single_head_calibration
1431,4,single_head_calibration
1432,9,single_head_calibration
1433,7,single_head_calibration
1434,0,single_head_calibration
1435,1,single_head_calibration
1436,6,single_head_calibration
1437,1,single_head_calibration
1438,5,single_head_calibration
1439,9,single_head_calibration
1440,0,single_head_calibration
1441,4,single_head_calibration
1442,3,single_head_calibration
1443,4,single_head_calibration
1444,1,single_head_calibration
1445,3,single_head_calibration
1446,0,single_head_calibration
1447,8,single_head_calibration
1448,4,single_head_calibration
1449,6,single_head_calibration
1450,2,single_head_calibration
1451,2,single_head_calibration
1452,6,multihead_evaluation
1453,5,single_head_calibration
1454,3,single_head_calibration
1455,6,single_head_calibration
1456,2,single_head_calibration
1457,1,single_head_calibration
1458,1,single_head_calibration
1459,8,single_head_calibration
1460,6,single_head_calibration
1461,0,single_head_calibration
1462,4,single_head_calibration
1463,0,multihead_evaluation
1464,1,single_head_calibration
1465,9,single_head_calibration
1466,7,single_head_calibration
1467,1,single_head_calibration
1468,3,single_head_calibration
1469,7,single_head_calibration
1470,7,single_head_calibration
1471,8,multihead_evaluation
1472,7,single_head_calibration
1473,7,single_head_calibration
1474,3,single_head_calibration
1475,9,single_head_calibration
1476,7,multihead_evaluation
1477,7,multihead_evaluation
1478,7,single_head_calibration
1479,2,single_head_calibration
1480,1,single_head_calibration
1481,2,single_head_calibration
1482,8,single_head_calibration
1483,6,single_head_calibration
1484,4,single_head_calibration
1485,0,single_head_calibration
1486,7,multihead_evaluation
1487,9,single_head_calibration
1488,8,single_head_calibration
1489,6,single_head_calibration
1490,8,single_head_calibration
1491,4,single_head_calibration
1492,9,single_head_calibration
1493,1,single_head_calibration
1494,7,single_head_calibration
1495,2,single_head_calibration
1496,2,single_head_calibration
1497,8,single_head_calibration
1498,5,single_head_calibration
1499,8,single_head_calibration
1500,1,single_head_calibration
1501,2,multihead_evaluation
1502,2,single_head_calibration
1503,4,single_head_calibration
1504,1,single_head_calibration
1505,2,single_head_calibration
1506,5,single_head_calibration
1507,2,single_head_calibration
1508,8,single_head_calibration
1509,1,single_head_calibration
1510,8,single_head_calibration
1511,1,single_head_calibration
1512,8,single_head_calibration
1513,6,single_head_calibration
1514,0,single_head_calibration
1515,2,single_head_calibration
1516,4,single_head_calibration
1517,1,single_head_calibration
1518,3,single_head_calibration
1519,6,single_head_calibration
1520,7,single_head_calibration
1521,7,single_head_calibration
1522,4,single_head_calibration
1523,4,single_head_calibration
1524,3,single_head_calibration
1525,3,single_head_calibration
1526,4,single_head_calibration
1527,5,single_head_calibration
1528,2,single_head_calibration
1529,4,multihead_evaluation
1530,3,single_head_calibration
1531,7,single_head_calibration
1532,8,multihead_evaluation
1533,4,single_head_calibration
1534,4,single_head_calibration
1535,4,single_head_calibration
1536,5,single_head_calibration
1537,4,single_head_calibration
1538,3,single_head_calibration
1539,2,single_head_calibration
1540,8,multihead_evaluation
1541,4,single_head_calibration
1542,5,single_head_calibration
1543,5,single_head_calibration
1544,4,single_head_calibration
1545,1,single_head_calibration
1546,4,single_head_calibration
1547,2,single_head_calibration
1548,5,single_head_calibration
1549,1,single_head_calibration
1550,6,single_head_calibration
1551,4,single_head_calibration
1552,3,single_head_calibration
1553,4,single_head_calibration
1554,4,single_head_calibration
1555,0,single_head_calibration
1556,8,single_head_calibration
1557,8,single_head_calibration
1558,4,single_head_calibration
1559,5,single_head_calibration
1560,7,single_head_calibration
1561,5,single_head_calibration
1562,6,single_head_calibration
1563,9,single_head_calibration
1564,1,single_head_calibration
1565,6,multihead_evaluation
1566,7,single_head_calibration
1567,2,single_head_calibration
1568,0,single_head_calibration
1569,1,single_head_calibration
1570,4,single_head_calibration
1571,5,single_head_calibration
1572,6,single_head_calibration
1573,0,multihead_evaluation
1574,0,single_head_calibration
1575,2,single_head_calibration
1576,7,single_head_calibration
1577,5,single_head_calibration
1578,6,single_head_calibration
1579,0,multihead_evaluation
1580,6,multihead_evaluation
1581,2,single_head_calibration
1582,9,single_head_calibration
1583,1,single_head_calibration
1584,7,single_head_calibration
1585,7,single_head_calibration
1586,5,single_head_calibration
1587,2,single_head_calibration
1588,5,single_head_calibration
1589,6,single_head_calibration
1590,4,single_head_calibration
1591,1,single_head_calibration
1592,4,single_head_calibration
1593,3,single_head_calibration
1594,3,single_head_calibration
1595,3,single_head_calibration
1596,0,single_head_calibration
1597,3,single_head_calibration
1598,5,single_head_calibration
1599,5,single_head_calibration
1600,8,single_head_calibration
1601,9,single_head_calibration
1602,7,multihead_evaluation
1603,3,single_head_calibration
1604,1,single_head_calibration
1605,3,multihead_evaluation
1606,3,single_head_calibration
1607,3,single_head_calibration
1608,4,single_head_calibration
1609,4,single_head_calibration
1610,2,single_head_calibration
1611,3,single_head_calibration
1612,3,single_head_calibration
1613,8,single_head_calibration
1614,1,single_head_calibration
1615,7,single_head_calibration
1616,7,single_head_calibration
1617,0,single_head_calibration
1618,7,single_head_calibration
1619,4,single_head_calibration
1620,5,single_head_calibration
1621,1,single_head_calibration
1622,4,single_head_calibration
1623,2,single_head_calibration
1624,4,single_head_calibration
1625,3,single_head_calibration
1626,9,single_head_calibration
1627,9,single_head_calibration
1628,4,single_head_calibration
1629,9,single_head_calibration
1630,9,single_head_calibration
1631,1,single_head_calibration
1632,8,single_head_calibration
1633,1,single_head_calibration
1634,6,single_head_calibration
1635,7,single_head_calibration
1636,5,single_head_calibration
1637,5,single_head_calibration
1638,4,single_head_calibration
1639,9,single_head_calibration
1640,7,single_head_calibration
1641,6,single_head_calibration
1642,5,single_head_calibration
1643,9,single_head_calibration
1644,2,single_head_calibration
1645,4,single_head_calibration
1646,0,multihead_evaluation
1647,7,single_head_calibration
1648,8,single_head_calibration
1649,5,multihead_evaluation
1650,5,single_head_calibration
1651,0,single_head_calibration
1652,0,single_head_calibration
1653,9,single_head_calibration
1654,9,multihead_evaluation
1655,8,multihead_evaluation
1656,2,single_head_calibration
1657,5,single_head_calibration
1658,4,single_head_calibration
1659,8,single_head_calibration
1660,3,single_head_calibration
1661,6,single_head_calibration
1662,3,multihead_evaluation
1663,6,single_head_calibration
1664,0,single_head_calibration
1665,6,single_head_calibration
1666,6,single_head_calibration
1667,6,single_head_calibration
1668,9,single_head_calibration
1669,6,single_head_calibration
1670,6,single_head_calibration
1671,8,single_head_calibration
1672,6,single_head_calibration
1673,2,single_head_calibration
1674,4,single_head_calibration
1675,5,single_head_calibration
1676,8,single_head_calibration
1677,1,single_head_calibration
1678,2,single_head_calibration
1679,7,single_head_calibration
1680,6,single_head_calibration
1681,5,multihead_evaluation
1682,7,multihead_evaluation
1683,8,single_head_calibration
1684,1,single_head_calibration
1685,8,single_head_calibration
1686,0,multihead_evaluation
1687,8,single_head_calibration
1688,6,single_head_calibration
1689,9,single_head_calibration
1690,2,single_head_calibration
1691,8,single_head_calibration
1692,9,single_head_calibration
1693,4,single_head_calibration
1694,0,multihead_evaluation
1695,9,single_head_calibration
1696,4,single_head_calibration
1697,9,single_head_calibration
1698,5,single_head_calibration
1699,7,single_head_calibration
1700,5,single_head_calibration
1701,5,single_head_calibration
1702,9,single_head_calibration
1703,5,single_head_calibration
1704,3,single_head_calibration
1705,0,single_head_calibration
1706,1,single_head_calibration
1707,9,single_head_calibration
1708,7,single_head_calibration
1709,2,single_head_calibration
1710,4,single_head_calibration
1711,1,single_head_calibration
1712,0,single_head_calibration
1713,8,single_head_calibration
1714,0,single_head_calibration
1715,3,single_head_calibration
1716,1,single_head_calibration
1717,7,single_head_calibration
1718,0,single_head_calibration
1719,0,single_head_calibration
1720,4,multihead_evaluation
1721,8,single_head_calibration
1722,6,multihead_evaluation
1723,2,single_head_calibration
1724,4,single_head_calibration
1725,0,single_head_calibration
1726,0,single_head_calibration
1727,9,single_head_calibration
1728,0,single_head_calibration
1729,8,single_head_calibration
1730,4,single_head_calibration
1731,5,multihead_evaluation
1732,9,single_head_calibration
1733,3,single_head_calibration
1734,9,single_head_calibration
1735,0,single_head_calibration
1736,5,single_head_calibration
1737,6,single_head_calibration
1738,5,multihead_evaluation
1739,0,single_head_calibration
1740,1,single_head_calibration
1741,4,single_head_calibration
1742,8,single_head_calibration
1743,1,single_head_calibration
1744,0,single_head_calibration
1745,5,single_head_calibration
1746,2,multihead_evaluation
1747,1,single_head_calibration
1748,0,single_head_calibration
1749,2,single_head_calibration
1750,8,single_head_calibration
1751,1,single_head_calibration
1752,5,single_head_calibration
1753,6,single_head_calibration
1754,7,single_head_calibration
1755,7,single_head_calibration
1756,2,single_head_calibration
1757,6,single_head_calibration
1758,2,single_head_calibration
1759,5,single_head_calibration
1760,0,single_head_calibration
1761,1,single_head_calibration
1762,4,single_head_calibration
1763,2,single_head_calibration
1764,5,single_head_calibration
1765,4,single_head_calibration
1766,6,single_head_calibration
1767,2,single_head_calibration
1768,2,single_head_calibration
1769,1,single_head_calibration
1770,7,single_head_calibration
1771,2,single_head_calibration
1772,8,multihead_evaluation
1773,5,single_head_calibration
1774,5,single_head_calibration
1775,3,multihead_evaluation
1776,0,single_head_calibration
1777,4,single_head_calibration
1778,8,single_head_calibration
1779,3,single_head_calibration
1780,7,single_head_calibration
1781,6,single_head_calibration
1782,3,single_head_calibration
1783,8,multihead_evaluation
1784,1,single_head_calibration
1785,0,single_head_calibration
1786,1,single_head_calibration
1787,3,single_head_calibration
1788,3,single_head_calibration
1789,0,single_head_calibration
1790,7,single_head_calibration
1791,4,single_head_calibration
1792,9,single_head_calibration
1793,5,multihead_evaluation
1794,3,single_head_calibration
1795,6,single_head_calibration
1796,0,single_head_calibration
1797,1,multihead_evaluation
1798,4,single_head_calibration
1799,4,single_head_calibration
1800,4,single_head_calibration
1801,4,single_head_calibration
1802,2,single_head_calibration
1803,2,single_head_calibration
1804,5,single_head_calibration
1805,8,single_head_calibration
1806,1,single_head_calibration
1807,5,single_head_calibration
1808,9,single_head_calibration
1809,8,single_head_calibration
1810,1,single_head_calibration
1811,1,single_head_calibration
1812,5,single_head_calibration
1813,3,single_head_calibration
1814,9,single_head_calibration
1815,9,single_head_calibration
1816,7,single_head_calibration
1817,6,single_head_calibration
1818,5,single_head_calibration
1819,0,single_head_calibration
1820,8,single_head_calibration
1821,4,single_head_calibration
1822,7,single_head_calibration
1823,0,single_head_calibration
1824,9,single_head_calibration
1825,2,single_head_calibration
1826,8,single_head_calibration
1827,4,single_head_calibration
1828,7,single_head_calibration
1829,1,single_head_calibration
1830,3,multihead_evaluation
1831,9,single_head_calibration
1832,6,single_head_calibration
1833,8,single_head_calibration
1834,9,single_head_calibration
1835,0,single_head_calibration
1836,4,single_head_calibration
1837,9,single_head_calibration
1838,6,single_head_calibration
1839,7,single_head_calibration
1840,8,single_head_calibration
1841,9,single_head_calibration
1842,4,single_head_calibration
1843,8,single_head_calibration
1844,9,single_head_calibration
1845,7,single_head_calibration
1846,2,single_head_calibration
1847,5,single_head_calibration
1848,3,multihead_evaluation
1849,7,single_head_calibration
1850,1,single_head_calibration
1851,0,single_head_calibration
1852,2,single_head_calibration
1853,9,single_head_calibration
1854,5,single_head_calibration
1855,5,single_head_calibration
1856,8,multihead_evaluation
1857,5,single_head_calibration
1858,4,single_head_calibration
1859,2,single_head_calibration
1860,8,single_head_calibration
1861,3,single_head_calibration
1862,5,single_head_calibration
1863,5,single_head_calibration
1864,7,single_head_calibration
1865,7,single_head_calibration
1866,8,single_head_calibration
1867,6,single_head_calibration
1868,2,single_head_calibration
1869,8,single_head_calibration
1870,2,single_head_calibration
1871,3,single_head_calibration
1872,5,single_head_calibration
1873,6,multihead_evaluation
1874,8,single_head_calibration
1875,0,single_head_calibration
1876,2,single_head_calibration
1877,3,single_head_calibration
1878,7,single_head_calibration
1879,0,single_head_calibration
1880,1,single_head_calibration
1881,9,multihead_evaluation
1882,1,single_head_calibration
1883,3,single_head_calibration
1884,7,single_head_calibration
1885,5,single_head_calibration
1886,8,single_head_calibration
1887,3,single_head_calibration
1888,2,single_head_calibration
1889,9,single_head_calibration
1890,6,single_head_calibration
1891,8,single_head_calibration
1892,6,multihead_evaluation
1893,9,single_head_calibration
1894,3,single_head_calibration
1895,8,single_head_calibration
1896,9,single_head_calibration
1897,8,single_head_calibration
1898,0,multihead_evaluation
1899,7,single_head_calibration
1900,8,single_head_calibration
1901,5,single_head_calibration
1902,0,single_head_calibration
1903,0,multihead_evaluation
1904,1,single_head_calibration
1905,3,single_head_calibration
1906,9,single_head_calibration
1907,1,single_head_calibration
1908,5,single_head_calibration
1909,3,single_head_calibration
1910,4,single_head_calibration
1911,4,single_head_calibration
1912,0,single_head_calibration
1913,9,multihead_evaluation
1914,9,multihead_evaluation
1915,9,single_head_calibration
1916,9,single_head_calibration
1917,8,single_head_calibration
1918,2,single_head_calibration
1919,4,single_head_calibration
1920,2,multihead_evaluation
1921,2,multihead_evaluation
1922,5,single_head_calibration
1923,1,single_head_calibration
1924,9,single_head_calibration
1925,1,single_head_calibration
1926,0,single_head_calibration
1927,9,single_head_calibration
1928,4,single_head_calibration
1929,2,single_head_calibration
1930,1,single_head_calibration
1931,6,single_head_calibration
1932,0,single_head_calibration
1933,3,single_head_calibration
1934,7,single_head_calibration
1935,6,single_head_calibration
1936,3,single_head_calibration
1937,1,single_head_calibration
1938,8,single_head_calibration
1939,6,single_head_calibration
1940,5,single_head_calibration
1941,7,single_head_calibration
1942,2,multihead_evaluation
1943,8,multihead_evaluation
1944,4,single_head_calibration
1945,4,single_head_calibration
1946,8,single_head_calibration
1947,3,single_head_calibration
1948,5,single_head_calibration
1949,0,single_head_calibration
1950,5,single_head_calibration
1951,7,single_head_calibration
1952,4,multihead_evaluation
1953,4,single_head_calibration
1954,2,single_head_calibration
1955,2,single_head_calibration
1956,7,single_head_calibration
1957,3,single_head_calibration
1958,6,single_head_calibration
1959,0,single_head_calibration
1960,2,single_head_calibration
1961,7,single_head_calibration
1962,6,single_head_calibration
1963,2,single_head_calibration
1964,3,single_head_calibration
1965,0,single_head_calibration
1966,7,single_head_calibration
1967,7,single_head_calibration
1968,8,single_head_calibration
1969,1,single_head_calibration
1970,1,single_head_calibration
1971,4,single_head_calibration
1972,6,single_head_calibration
1973,0,single_head_calibration
1974,6,single_head_calibration
1975,6,single_head_calibration
1976,5,single_head_calibration
1977,5,single_head_calibration
1978,6,single_head_calibration
1979,3,single_head_calibration
1980,9,single_head_calibration
1981,3,single_head_calibration
1982,6,single_head_calibration
1983,8,single_head_calibration
1984,7,single_head_calibration
1985,6,single_head_calibration
1986,4,single_head_calibration
1987,9,single_head_calibration
1988,5,single_head_calibration
1989,6,single_head_calibration
1990,4,multihead_evaluation
1991,1,single_head_calibration
1992,6,single_head_calibration
1993,3,single_head_calibration
1994,8,single_head_calibration
1995,2,multihead_evaluation
1996,3,single_head_calibration
1997,9,multihead_evaluation
1998,8,single_head_calibration
1999,5,single_head_calibration
2000,1,single_head_calibration
2001,5,single_head_calibration
2002,4,multihead_evaluation
2003,5,single_head_calibration
2004,7,single_head_calibration
2005,5,single_head_calibration
2006,7,single_head_calibration
2007,8,single_head_calibration
2008,9,single_head_calibration
2009,1,single_head_calibration
2010,7,single_head_calibration
2011,2,single_head_calibration
2012,5,multihead_evaluation
2013,6,single_head_calibration
2014,8,single_head_calibration
2015,4,single_head_calibration
2016,6,single_head_calibration
2017,5,single_head_calibration
2018,3,single_head_calibration
2019,9,single_head_calibration
2020,9,single_head_calibration
2021,8,single_head_calibration
2022,5,single_head_calibration
2023,5,single_head_calibration
2024,6,single_head_calibration
2025,4,single_head_calibration
2026,5,single_head_calibration
2027,9,single_head_calibration
2028,7,single_head_calibration
2029,3,single_head_calibration
2030,4,single_head_calibration
2031,1,single_head_calibration
2032,4,single_head_calibration
2033,2,multihead_evaluation
2034,3,multihead_evaluation
2035,6,multihead_evaluation
2036,5,single_head_calibration
2037,5,single_head_calibration
2038,2,single_head_calibration
2039,8,single_head_calibration
2040,0,single_head_calibration
2041,0,single_head_calibration
2042,1,single_head_calibration
2043,8,single_head_calibration
2044,3,single_head_calibration
2045,1,single_head_calibration
2046,3,single_head_calibration
2047,5,single_head_calibration
2048,8,single_head_calibration
2049,3,single_head_calibration
2050,8,multihead_evaluation
2051,5,single_head_calibration
2052,8,multihead_evaluation
2053,6,single_head_calibration
2054,3,single_head_calibration
2055,5,single_head_calibration
2056,5,single_head_calibration
2057,5,multihead_evaluation
2058,0,single_head_calibration
2059,9,single_head_calibration
2060,5,multihead_evaluation
2061,5,single_head_calibration
2062,7,single_head_calibration
2063,1,single_head_calibration
2064,8,single_head_calibration
2065,2,single_head_calibration
2066,2,single_head_calibration
2067,7,single_head_calibration
2068,3,single_head_calibration
2069,4,single_head_calibration
2070,2,single_head_calibration
2071,9,single_head_calibration
2072,6,single_head_calibration
2073,2,single_head_calibration
2074,2,single_head_calibration
2075,4,single_head_calibration
2076,3,single_head_calibration
2077,0,single_head_calibration
2078,2,single_head_calibration
2079,0,multihead_evaluation
2080,1,single_head_calibration
2081,3,single_head_calibration
2082,2,single_head_calibration
2083,2,single_head_calibration
2084,7,single_head_calibration
2085,0,multihead_evaluation
2086,1,single_head_calibration
2087,0,single_head_calibration
2088,7,single_head_calibration
2089,7,single_head_calibration
2090,2,single_head_calibration
2091,0,single_head_calibration
2092,1,single_head_calibration
2093,6,multihead_evaluation
2094,5,single_head_calibration
2095,0,single_head_calibration
2096,2,single_head_calibration
2097,2,single_head_calibration
2098,0,single_head_calibration
2099,1,single_head_calibration
2100,2,single_head_calibration
2101,6,single_head_calibration
2102,0,single_head_calibration
2103,1,single_head_calibration
2104,6,single_head_calibration
2105,6,single_head_calibration
2106,5,single_head_calibration
2107,3,single_head_calibration
2108,4,single_head_calibration
2109,0,single_head_calibration
2110,0,single_head_calibration
2111,9,single_head_calibration
2112,1,multihead_evaluation
2113,0,single_head_calibration
2114,2,single_head_calibration
2115,5,single_head_calibration
2116,9,single_head_calibration
2117,7,single_head_calibration
2118,8,single_head_calibration
2119,6,multihead_evaluation
2120,4,single_head_calibration
2121,6,single_head_calibration
2122,0,single_head_calibration
2123,2,single_head_calibration
2124,0,single_head_calibration
2125,1,single_head_calibration
2126,9,single_head_calibration
2127,2,single_head_calibration
2128,4,single_head_calibration
2129,9,single_head_calibration
2130,0,multihead_evaluation
2131,7,single_head_calibration
2132,2,single_head_calibration
2133,3,single_head_calibration
2134,4,single_head_calibration
2135,8,multihead_evaluation
2136,0,single_head_calibration
2137,2,single_head_calibration
2138,6,single_head_calibration
2139,8,single_head_calibration
2140,9,single_head_calibration
2141,7,single_head_calibration
2142,1,single_head_calibration
2143,9,single_head_calibration
2144,3,single_head_calibration
2145,7,single_head_calibration
2146,2,single_head_calibration
2147,7,single_head_calibration
2148,9,single_head_calibration
2149,6,single_head_calibration
2150,9,single_head_calibration
2151,5,single_head_calibration
2152,7,single_head_calibration
2153,8,single_head_calibration
2154,5,single_head_calibration
2155,9,single_head_calibration
2156,8,single_head_calibration
2157,3,single_head_calibration
2158,9,single_head_calibration
2159,8,single_head_calibration
2160,0,single_head_calibration
2161,5,single_head_calibration
2162,5,single_head_calibration
2163,7,single_head_calibration
2164,1,single_head_calibration
2165,2,single_head_calibration
2166,0,single_head_calibration
2167,7,single_head_calibration
2168,5,single_head_calibration
2169,8,single_head_calibration
2170,2,single_head_calibration
2171,2,single_head_calibration
2172,5,single_head_calibration
2173,3,single_head_calibration
2174,9,single_head_calibration
2175,3,single_head_calibration
2176,1,single_head_calibration
2177,9,single_head_calibration
2178,3,single_head_calibration
2179,1,single_head_calibration
2180,4,single_head_calibration
2181,3,single_head_calibration
2182,4,single_head_calibration
2183,4,single_head_calibration
2184,9,single_head_calibration
2185,0,single_head_calibration
2186,9,single_head_calibration
2187,5,single_head_calibration
2188,9,single_head_calibration
2189,2,single_head_calibration
2190,9,single_head_calibration
2191,4,single_head_calibration
2192,0,single_head_calibration
2193,2,single_head_calibration
2194,8,single_head_calibration
2195,4,single_head_calibration
2196,8,single_head_calibration
2197,6,single_head_calibration
2198,8,single_head_calibration
2199,2,single_head_calibration
2200,0,single_head_calibration
2201,5,single_head_calibration
2202,9,multihead_evaluation
2203,6,single_head_calibration
2204,9,single_head_calibration
2205,5,single_head_calibration
2206,1,multihead_evaluation
2207,3,single_head_calibration
2208,4,single_head_calibration
2209,4,single_head_calibration
2210,2,multihead_evaluation
2211,7,single_head_calibration
2212,2,single_head_calibration
2213,4,single_head_calibration
2214,4,single_head_calibration
2215,0,single_head_calibration
2216,2,single_head_calibration
2217,8,single_head_calibration
2218,4,multihead_evaluation
2219,5,single_head_calibration
2220,1,single_head_calibration
2221,2,single_head_calibration
2222,6,single_head_calibration
2223,8,single_head_calibration
2224,1,multihead_evaluation
2225,7,single_head_calibration
2226,2,single_head_calibration
2227,8,single_head_calibration
2228,7,single_head_calibration
2229,4,multihead_evaluation
2230,3,single_head_calibration
2231,3,single_head_calibration
2232,0,single_head_calibration
2233,3,single_head_calibration
2234,7,single_head_calibration
2235,2,single_head_calibration
2236,5,single_head_calibration
2237,6,single_head_calibration
2238,1,single_head_calibration
2239,7,single_head_calibration
2240,9,single_head_calibration
2241,0,single_head_calibration
2242,2,single_head_calibration
2243,3,single_head_calibration
2244,9,single_head_calibration
2245,8,single_head_calibration
2246,9,multihead_evaluation
2247,5,single_head_calibration
2248,0,single_head_calibration
2249,0,single_head_calibration
2250,7,single_head_calibration
2251,6,single_head_calibration
2252,3,single_head_calibration
2253,3,single_head_calibration
2254,8,single_head_calibration
2255,1,single_head_calibration
2256,4,single_head_calibration
2257,0,single_head_calibration
2258,1,single_head_calibration
2259,5,single_head_calibration
2260,4,multihead_evaluation
2261,3,single_head_calibration
2262,2,single_head_calibration
2263,6,single_head_calibration
2264,0,multihead_evaluation
2265,8,single_head_calibration
2266,8,single_head_calibration
2267,6,single_head_calibration
2268,3,single_head_calibration
2269,3,single_head_calibration
2270,2,single_head_calibration
2271,9,single_head_calibration
2272,7,single_head_calibration
2273,5,single_head_calibration
2274,1,single_head_calibration
2275,6,single_head_calibration
2276,0,single_head_calibration
2277,5,single_head_calibration
2278,9,single_head_calibration
2279,9,single_head_calibration
2280,4,single_head_calibration
2281,5,single_head_calibration
2282,9,single_head_calibration
2283,4,single_head_calibration
2284,8,single_head_calibration
2285,3,single_head_calibration
2286,3,single_head_calibration
2287,2,single_head_calibration
2288,5,single_head_calibration
2289,1,single_head_calibration
2290,9,single_head_calibration
2291,5,single_head_calibration
2292,5,single_head_calibration
2293,8,single_head_calibration
2294,1,single_head_calibration
2295,8,multihead_evaluation
2296,9,single_head_calibration
2297,7,single_head_calibration
2298,0,single_head_calibration
2299,6,single_head_calibration
2300,3,single_head_calibration
2301,2,single_head_calibration
2302,0,single_head_calibration
2303,2,single_head_calibration
2304,6,single_head_calibration
2305,9,single_head_calibration
2306,3,single_head_calibration
2307,9,single_head_calibration
2308,1,single_head_calibration
2309,6,single_head_calibration
2310,6,single_head_calibration
2311,7,single_head_calibration
2312,2,single_head_calibration
2313,6,multihead_evaluation
2314,3,single_head_calibration
2315,2,single_head_calibration
2316,5,single_head_calibration
2317,5,single_head_calibration
2318,2,single_head_calibration
2319,7,single_head_calibration
2320,5,single_head_calibration
2321,2,single_head_calibration
2322,0,single_head_calibration
2323,8,single_head_calibration
2324,0,single_head_calibration
2325,7,single_head_calibration
2326,7,single_head_calibration
2327,1,single_head_calibration
2328,7,single_head_calibration
2329,4,single_head_calibration
2330,0,single_head_calibration
2331,2,single_head_calibration
2332,2,single_head_calibration
2333,6,single_head_calibration
2334,1,single_head_calibration
2335,5,single_head_calibration
2336,9,single_head_calibration
2337,7,single_head_calibration
2338,6,single_head_calibration
2339,2,single_head_calibration
2340,7,single_head_calibration
2341,0,single_head_calibration
2342,5,single_head_calibration
2343,6,single_head_calibration
2344,0,single_head_calibration
2345,1,single_head_calibration
2346,1,single_head_calibration
2347,8,single_head_calibration
2348,4,single_head_calibration
2349,5,single_head_calibration
2350,3,single_head_calibration
2351,1,single_head_calibration
2352,2,single_head_calibration
2353,4,single_head_calibration
2354,8,single_head_calibration
2355,9,multihead_evaluation
2356,8,single_head_calibration
2357,1,single_head_calibration
2358,7,single_head_calibration
2359,2,single_head_calibration
2360,7,single_head_calibration
2361,2,multihead_evaluation
2362,3,single_head_calibration
2363,2,single_head_calibration
2364,6,single_head_calibration
2365,7,single_head_calibration
2366,9,single_head_calibration
2367,4,single_head_calibration
2368,0,single_head_calibration
2369,1,single_head_calibration
2370,0,single_head_calibration
2371,4,single_head_calibration
2372,5,single_head_calibration
2373,0,single_head_calibration
2374,8,single_head_calibration
2375,0,single_head_calibration
2376,7,single_head_calibration
2377,6,single_head_calibration
2378,1,single_head_calibration
2379,0,single_head_calibration
2380,8,single_head_calibration
2381,5,single_head_calibration
2382,9,single_head_calibration
2383,2,single_head_calibration
2384,5,single_head_calibration
2385,4,single_head_calibration
2386,4,multihead_evaluation
2387,9,single_head_calibration
2388,0,single_head_calibration
2389,6,single_head_calibration
2390,1,single_head_calibration
2391,2,single_head_calibration
2392,5,single_head_calibration
2393,1,single_head_calibration
2394,6,single_head_calibration
2395,7,single_head_calibration
2396,1,single_head_calibration
2397,5,single_head_calibration
2398,8,single_head_calibration
2399,8,single_head_calibration
2400,0,single_head_calibration
2401,3,single_head_calibration
2402,9,single_head_calibration
2403,4,single_head_calibration
2404,0,single_head_calibration
2405,3,single_head_calibration
2406,4,single_head_calibration
2407,9,single_head_calibration
2408,2,single_head_calibration
2409,4,single_head_calibration
2410,3,single_head_calibration
2411,0,single_head_calibration
2412,6,single_head_calibration
2413,4,single_head_calibration
2414,5,single_head_calibration
2415,6,single_head_calibration
2416,6,single_head_calibration
2417,7,multihead_evaluation
2418,8,single_head_calibration
2419,4,single_head_calibration
2420,8,single_head_calibration
2421,8,multihead_evaluation
2422,3,single_head_calibration
2423,2,single_head_calibration
2424,8,single_head_calibration
2425,0,single_head_calibration
2426,2,single_head_calibration
2427,5,single_head_calibration
2428,6,single_head_calibration
2429,8,multihead_evaluation
2430,7,single_head_calibration
2431,8,single_head_calibration
2432,9,single_head_calibration
2433,9,single_head_calibration
2434,0,single_head_calibration
2435,6,single_head_calibration
2436,6,single_head_calibration
2437,8,single_head_calibration
2438,1,single_head_calibration
2439,1,single_head_calibration
2440,7,single_head_calibration
2441,4,single_head_calibration
2442,4,single_head_calibration
2443,2,single_head_calibration
2444,3,single_head_calibration
2445,6,single_head_calibration
2446,9,single_head_calibration
2447,6,single_head_calibration
2448,2,multihead_evaluation
2449,4,single_head_calibration
2450,1,single_head_calibration
2451,8,multihead_evaluation
2452,2,single_head_calibration
2453,3,single_head_calibration
2454,1,single_head_calibration
2455,6,single_head_calibration
2456,8,single_head_calibration
2457,6,single_head_calibration
2458,8,single_head_calibration
2459,5,single_head_calibration
2460,9,single_head_calibration
2461,0,single_head_calibration
2462,1,multihead_evaluation
2463,0,single_head_calibration
2464,2,multihead_evaluation
2465,9,single_head_calibration
2466,2,single_head_calibration
2467,9,single_head_calibration
2468,0,single_head_calibration
2469,9,single_head_calibration
2470,7,single_head_calibration
2471,8,single_head_calibration
2472,5,single_head_calibration
2473,0,single_head_calibration
2474,6,single_head_calibration
2475,6,single_head_calibration
2476,8,single_head_calibration
2477,1,single_head_calibration
2478,6,single_head_calibration
2479,5,single_head_calibration
2480,8,single_head_calibration
2481,7,single_head_calibration
2482,9,single_head_calibration
2483,2,single_head_calibration
2484,1,single_head_calibration
2485,6,single_head_calibration
2486,7,single_head_calibration
2487,5,single_head_calibration
2488,6,multihead_evaluation
2489,3,single_head_calibration
2490,0,single_head_calibration
2491,9,multihead_evaluation
2492,8,single_head_calibration
2493,9,single_head_calibration
2494,5,single_head_calibration
2495,9,single_head_calibration
2496,9,single_head_calibration
2497,9,single_head_calibration
2498,3,single_head_calibration
2499,6,single_head_calibration
2500,4,single_head_calibration
2501,4,single_head_calibration
2502,8,single_head_calibration
2503,8,single_head_calibration
2504,1,single_head_calibration
2505,7,single_head_calibration
2506,3,single_head_calibration
2507,0,single_head_calibration
2508,6,single_head_calibration
2509,2,single_head_calibration
2510,4,single_head_calibration
2511,8,single_head_calibration
2512,2,single_head_calibration
2513,2,single_head_calibration
2514,9,single_head_calibration
2515,2,single_head_calibration
2516,2,single_head_calibration
2517,9,single_head_calibration
2518,7,single_head_calibration
2519,4,single_head_calibration
2520,1,multihead_evaluation
2521,9,single_head_calibration
2522,1,single_head_calibration
2523,4,single_head_calibration
2524,3,multihead_evaluation
2525,5,multihead_evaluation
2526,3,single_head_calibration
2527,8,single_head_calibration
2528,9,single_head_calibration
2529,3,single_head_calibration
2530,6,single_head_calibration
2531,2,single_head_calibration
2532,0,single_head_calibration
2533,8,single_head_calibration
2534,9,single_head_calibration
2535,0,single_head_calibration
2536,5,single_head_calibration
2537,1,single_head_calibration
2538,5,single_head_calibration
2539,8,single_head_calibration
2540,2,single_head_calibration
2541,1,single_head_calibration
2542,2,multihead_evaluation
2543,3,single_head_calibration
2544,2,single_head_calibration
2545,4,single_head_calibration
2546,8,single_head_calibration
2547,4,single_head_calibration
2548,0,single_head_calibration
2549,6,multihead_evaluation
2550,4,single_head_calibration
2551,2,single_head_calibration
2552,9,single_head_calibration
2553,8,single_head_calibration
2554,4,single_head_calibration
2555,7,single_head_calibration
2556,6,single_head_calibration
2557,2,single_head_calibration
2558,4,single_head_calibration
2559,7,single_head_calibration
2560,7,single_head_calibration
2561,6,single_head_calibration
2562,4,single_head_calibration
2563,2,single_head_calibration
2564,2,single_head_calibration
2565,3,single_head_calibration
2566,2,single_head_calibration
2567,4,single_head_calibration
2568,9,single_head_calibration
2569,0,single_head_calibration
2570,0,multihead_evaluation
2571,9,single_head_calibration
2572,6,single_head_calibration
2573,5,single_head_calibration
2574,8,single_head_calibration
2575,5,multihead_evaluation
2576,2,single_head_calibration
2577,4,single_head_calibration
2578,8,single_head_calibration
2579,8,single_head_calibration
2580,6,single_head_calibration
2581,4,single_head_calibration
2582,5,single_head_calibration
2583,7,single_head_calibration
2584,6,single_head_calibration
2585,3,single_head_calibration
2586,7,single_head_calibration
2587,0,single_head_calibration
2588,4,single_head_calibration
2589,0,multihead_evaluation
2590,5,single_head_calibration
2591,8,single_head_calibration
2592,2,single_head_calibration
2593,8,single_head_calibration
2594,0,single_head_calibration
2595,4,single_head_calibration
2596,9,single_head_calibration
2597,2,single_head_calibration
2598,3,single_head_calibration
2599,6,single_head_calibration
2600,8,multihead_evaluation
2601,1,single_head_calibration
2602,6,single_head_calibration
2603,0,single_head_calibration
2604,8,single_head_calibration
2605,4,single_head_calibration
2606,3,single_head_calibration
2607,1,single_head_calibration
2608,4,single_head_calibration
2609,5,single_head_calibration
2610,2,single_head_calibration
2611,4,single_head_calibration
2612,3,single_head_calibration
2613,6,single_head_calibration
2614,0,multihead_evaluation
2615,7,single_head_calibration
2616,1,single_head_calibration
2617,3,single_head_calibration
2618,5,single_head_calibration
2619,7,single_head_calibration
2620,1,single_head_calibration
2621,8,single_head_calibration
2622,0,multihead_evaluation
2623,4,single_head_calibration
2624,8,multihead_evaluation
2625,2,multihead_evaluation
2626,7,single_head_calibration
2627,7,multihead_evaluation
2628,0,single_head_calibration
2629,2,single_head_calibration
2630,2,single_head_calibration
2631,4,single_head_calibration
2632,3,single_head_calibration
2633,3,single_head_calibration
2634,1,single_head_calibration
2635,6,multihead_evaluation
2636,1,single_head_calibration
2637,6,multihead_evaluation
2638,4,single_head_calibration
2639,6,single_head_calibration
2640,7,multihead_evaluation
2641,4,single_head_calibration
2642,7,single_head_calibration
2643,3,single_head_calibration
2644,8,single_head_calibration
2645,1,single_head_calibration
2646,3,single_head_calibration
2647,1,single_head_calibration
2648,4,single_head_calibration
2649,6,single_head_calibration
2650,5,single_head_calibration
2651,5,single_head_calibration
2652,7,single_head_calibration
2653,4,single_head_calibration
2654,5,single_head_calibration
2655,4,single_head_calibration
2656,9,single_head_calibration
2657,7,multihead_evaluation
2658,7,single_head_calibration
2659,2,single_head_calibration
2660,3,single_head_calibration
2661,3,single_head_calibration
2662,6,single_head_calibration
2663,7,single_head_calibration
2664,4,single_head_calibration
2665,1,single_head_calibration
2666,6,single_head_calibration
2667,1,single_head_calibration
2668,0,single_head_calibration
2669,6,single_head_calibration
2670,9,multihead_evaluation
2671,6,single_head_calibration
2672,0,single_head_calibration
2673,2,single_head_calibration
2674,0,single_head_calibration
2675,2,single_head_calibration
2676,4,single_head_calibration
2677,7,single_head_calibration
2678,0,single_head_calibration
2679,0,single_head_calibration
2680,0,single_head_calibration
2681,0,single_head_calibration
2682,7,single_head_calibration
2683,5,multihead_evaluation
2684,3,multihead_evaluation
2685,2,single_head_calibration
2686,7,single_head_calibration
2687,8,single_head_calibration
2688,5,single_head_calibration
2689,5,single_head_calibration
2690,2,single_head_calibration
2691,2,single_head_calibration
2692,8,single_head_calibration
2693,9,multihead_evaluation
2694,1,single_head_calibration
2695,2,single_head_calibration
2696,2,single_head_calibration
2697,0,single_head_calibration
2698,3,single_head_calibration
2699,4,single_head_calibration
2700,9,single_head_calibration
2701,1,multihead_evaluation
2702,6,single_head_calibration
2703,9,single_head_calibration
2704,0,single_head_calibration
2705,8,single_head_calibration
2706,3,single_head_calibration
2707,6,single_head_calibration
2708,4,single_head_calibration
2709,6,single_head_calibration
2710,7,single_head_calibration
2711,5,single_head_calibration
2712,1,multihead_evaluation
2713,8,single_head_calibration
2714,9,single_head_calibration
2715,0,single_head_calibration
2716,5,single_head_calibration
2717,0,single_head_calibration
2718,5,single_head_calibration
2719,4,single_head_calibration
2720,3,single_head_calibration
2721,8,single_head_calibration
2722,5,single_head_calibration
2723,2,single_head_calibration
2724,0,multihead_evaluation
2725,8,multihead_evaluation
2726,5,single_head_calibration
2727,9,single_head_calibration
2728,2,single_head_calibration
2729,5,single_head_calibration
2730,6,single_head_calibration
2731,5,single_head_calibration
2732,7,single_head_calibration
2733,3,single_head_calibration
2734,7,single_head_calibration
2735,2,single_head_calibration
2736,8,single_head_calibration
2737,8,single_head_calibration
2738,4,single_head_calibration
2739,2,multihead_evaluation
2740,1,single_head_calibration
2741,6,single_head_calibration
2742,2,single_head_calibration
2743,9,single_head_calibration
2744,9,single_head_calibration
2745,8,single_head_calibration
2746,2,single_head_calibration
2747,3,single_head_calibration
2748,1,single_head_calibration
2749,0,single_head_calibration
2750,5,single_head_calibration
2751,2,single_head_calibration
2752,3,single_head_calibration
2753,7,multihead_evaluation
2754,9,single_head_calibration
2755,5,multihead_evaluation
2756,9,single_head_calibration
2757,1,single_head_calibration
2758,1,single_head_calibration
2759,3,single_head_calibration
2760,2,single_head_calibration
2761,7,single_head_calibration
2762,4,single_head_calibration
2763,4,multihead_evaluation
2764,1,single_head_calibration
2765,9,single_head_calibration
2766,4,single_head_calibration
2767,5,single_head_calibration
2768,5,single_head_calibration
2769,2,single_head_calibration
2770,7,single_head_calibration
2771,7,multihead_evaluation
2772,6,single_head_calibration
2773,1,single_head_calibration
2774,2,single_head_calibration
2775,3,single_head_calibration
2776,7,multihead_evaluation
2777,5,single_head_calibration
2778,4,single_head_calibration
2779,3,single_head_calibration
2780,7,single_head_calibration
2781,7,single_head_calibration
2782,0,single_head_calibration
2783,0,single_head_calibration
2784,1,single_head_calibration
2785,4,single_head_calibration
2786,4,single_head_calibration
2787,3,single_head_calibration
2788,7,single_head_calibration
2789,9,single_head_calibration
2790,8,single_head_calibration
2791,7,single_head_calibration
2792,0,single_head_calibration
2793,9,single_head_calibration
2794,0,single_head_calibration
2795,3,single_head_calibration
2796,7,single_head_calibration
2797,6,single_head_calibration
2798,3,single_head_calibration
2799,8,single_head_calibration
2800,4,multihead_evaluation
2801,5,single_head_calibration
2802,6,single_head_calibration
2803,5,single_head_calibration
2804,3,single_head_calibration
2805,4,single_head_calibration
2806,2,single_head_calibration
2807,9,single_head_calibration
2808,2,multihead_evaluation
2809,4,single_head_calibration
2810,9,single_head_calibration
2811,2,single_head_calibration
2812,0,single_head_calibration
2813,1,single_head_calibration
2814,1,single_head_calibration
2815,3,single_head_calibration
2816,7,single_head_calibration
2817,9,single_head_calibration
2818,5,single_head_calibration
2819,1,single_head_calibration
2820,6,single_head_calibration
2821,0,single_head_calibration
2822,3,single_head_calibration
2823,3,single_head_calibration
2824,7,single_head_calibration
2825,2,multihead_evaluation
2826,4,single_head_calibration
2827,5,multihead_evaluation
2828,2,single_head_calibration
2829,3,single_head_calibration
2830,6,single_head_calibration
2831,3,single_head_calibration
2832,3,single_head_calibration
2833,0,single_head_calibration
2834,4,single_head_calibration
2835,4,single_head_calibration
2836,3,single_head_calibration
2837,8,single_head_calibration
2838,1,single_head_calibration
2839,2,single_head_calibration
2840,3,single_head_calibration
2841,2,single_head_calibration
2842,7,multihead_evaluation
2843,1,single_head_calibration
2844,4,single_head_calibration
2845,5,multihead_evaluation
2846,6,single_head_calibration
2847,8,single_head_calibration
2848,6,single_head_calibration
2849,6,single_head_calibration
2850,5,single_head_calibration
2851,4,single_head_calibration
2852,2,single_head_calibration
2853,9,single_head_calibration
2854,9,multihead_evaluation
2855,3,single_head_calibration
2856,2,single_head_calibration
2857,0,single_head_calibration
2858,4,single_head_calibration
2859,1,single_head_calibration
2860,5,single_head_calibration
2861,5,single_head_calibration
2862,6,single_head_calibration
2863,6,single_head_calibration
2864,5,single_head_calibration
2865,6,single_head_calibration
2866,9,multihead_evaluation
2867,7,single_head_calibration
2868,9,single_head_calibration
2869,4,single_head_calibration
2870,8,single_head_calibration
2871,3,multihead_evaluation
2872,1,single_head_calibration
2873,9,single_head_calibration
2874,8,single_head_calibration
2875,1,single_head_calibration
2876,9,single_head_calibration
2877,0,single_head_calibration
2878,3,single_head_calibration
2879,0,single_head_calibration
2880,4,single_head_calibration
2881,7,multihead_evaluation
2882,7,single_head_calibration
2883,2,multihead_evaluation
2884,6,single_head_calibration
2885,5,single_head_calibration
2886,6,single_head_calibration
2887,9,single_head_calibration
2888,7,single_head_calibration
2889,7,single_head_calibration
2890,5,multihead_evaluation
2891,7,single_head_calibration
2892,0,single_head_calibration
2893,8,single_head_calibration
2894,6,multihead_evaluation
2895,7,single_head_calibration
2896,8,single_head_calibration
2897,3,single_head_calibration
2898,8,single_head_calibration
2899,9,single_head_calibration
2900,3,single_head_calibration
2901,2,single_head_calibration
2902,9,single_head_calibration
2903,2,single_head_calibration
2904,7,single_head_calibration
2905,4,multihead_evaluation
2906,1,multihead_evaluation
2907,9,single_head_calibration
2908,7,single_head_calibration
2909,0,multihead_evaluation
2910,8,single_head_calibration
2911,1,single_head_calibration
2912,2,single_head_calibration
2913,0,single_head_calibration
2914,6,single_head_calibration
2915,5,single_head_calibration
2916,1,single_head_calibration
2917,4,single_head_calibration
2918,2,single_head_calibration
2919,8,single_head_calibration
2920,2,single_head_calibration
2921,8,single_head_calibration
2922,3,single_head_calibration
2923,3,single_head_calibration
2924,1,single_head_calibration
2925,4,multihead_evaluation
2926,9,single_head_calibration
2927,8,single_head_calibration
2928,1,single_head_calibration
2929,1,single_head_calibration
2930,7,single_head_calibration
2931,9,single_head_calibration
2932,9,single_head_calibration
2933,4,single_head_calibration
2934,6,single_head_calibration
2935,8,single_head_calibration
2936,5,multihead_evaluation
2937,3,single_head_calibration
2938,2,single_head_calibration
2939,2,single_head_calibration
2940,3,single_head_calibration
2941,8,single_head_calibration
2942,5,single_head_calibration
2943,1,single_head_calibration
2944,9,single_head_calibration
2945,7,multihead_evaluation
2946,9,multihead_evaluation
2947,1,single_head_calibration
2948,5,single_head_calibration
2949,3,single_head_calibration
2950,1,single_head_calibration
2951,0,single_head_calibration
2952,3,single_head_calibration
2953,8,single_head_calibration
2954,9,single_head_calibration
2955,2,single_head_calibration
2956,0,single_head_calibration
2957,8,multihead_evaluation
2958,0,single_head_calibration
2959,7,single_head_calibration
2960,9,single_head_calibration
2961,4,single_head_calibration
2962,8,single_head_calibration
2963,3,multihead_evaluation
2964,0,single_head_calibration
2965,7,single_head_calibration
2966,0,single_head_calibration
2967,7,single_head_calibration
2968,0,single_head_calibration
2969,5,single_head_calibration
2970,5,single_head_calibration
2971,4,single_head_calibration
2972,3,single_head_calibration
2973,0,single_head_calibration
2974,9,single_head_calibration
2975,9,single_head_calibration
2976,0,single_head_calibration
2977,2,single_head_calibration
2978,2,multihead_evaluation
2979,0,single_head_calibration
2980,8,single_head_calibration
2981,4,single_head_calibration
2982,4,multihead_evaluation
2983,5,single_head_calibration
2984,2,single_head_calibration
2985,2,single_head_calibration
2986,1,single_head_calibration
2987,1,single_head_calibration
2988,5,single_head_calibration
2989,5,single_head_calibration
2990,4,single_head_calibration
2991,3,single_head_calibration
2992,4,single_head_calibration
2993,0,single_head_calibration
2994,8,single_head_calibration
2995,4,single_head_calibration
2996,8,single_head_calibration
2997,2,single_head_calibration
2998,5,single_head_calibration
2999,6,single_head_calibration
3000,5,single_head_calibration
3001,1,single_head_calibration
3002,7,single_head_calibration
3003,2,single_head_calibration
3004,4,single_head_calibration
3005,0,single_head_calibration
3006,5,single_head_calibration
3007,6,multihead_evaluation
3008,8,single_head_calibration
3009,7,single_head_calibration
3010,6,single_head_calibration
3011,3,single_head_calibration
3012,1,single_head_calibration
3013,3,single_head_calibration
3014,6,single_head_calibration
3015,6,single_head_calibration
3016,4,single_head_calibration
3017,5,multihead_evaluation
3018,5,single_head_calibration
3019,5,single_head_calibration
3020,1,single_head_calibration
3021,8,single_head_calibration
3022,7,single_head_calibration
3023,3,single_head_calibration
3024,0,single_head_calibration
3025,2,single_head_calibration
3026,5,single_head_calibration
3027,1,single_head_calibration
3028,1,single_head_calibration
3029,1,single_head_calibration
3030,6,single_head_calibration
3031,7,single_head_calibration
3032,2,single_head_calibration
3033,1,single_head_calibration
3034,2,multihead_evaluation
3035,3,single_head_calibration
3036,9,single_head_calibration
3037,8,single_head_calibration
3038,3,multihead_evaluation
3039,1,single_head_calibration
3040,7,single_head_calibration
3041,4,single_head_calibration
3042,8,single_head_calibration
3043,4,single_head_calibration
3044,7,single_head_calibration
3045,5,multihead_evaluation
3046,8,multihead_evaluation
3047,6,single_head_calibration
3048,0,single_head_calibration
3049,3,single_head_calibration
3050,0,single_head_calibration
3051,8,single_head_calibration
3052,3,multihead_evaluation
3053,4,single_head_calibration
3054,4,single_head_calibration
3055,9,single_head_calibration
3056,4,single_head_calibration
3057,6,single_head_calibration
3058,1,multihead_evaluation
3059,5,single_head_calibration
3060,7,single_head_calibration
3061,7,single_head_calibration
3062,9,single_head_calibration
3063,0,single_head_calibration
3064,1,single_head_calibration
3065,3,single_head_calibration
3066,1,single_head_calibration
3067,3,multihead_evaluation
3068,2,single_head_calibration
3069,4,single_head_calibration
3070,0,single_head_calibration
3071,7,single_head_calibration
3072,8,single_head_calibration
3073,3,multihead_evaluation
3074,1,multihead_evaluation
3075,6,single_head_calibration
3076,2,single_head_calibration
3077,1,single_head_calibration
3078,8,single_head_calibration
3079,8,single_head_calibration
3080,1,single_head_calibration
3081,9,single_head_calibration
3082,7,single_head_calibration
3083,5,single_head_calibration
3084,3,single_head_calibration
3085,2,single_head_calibration
3086,9,single_head_calibration
3087,0,single_head_calibration
3088,6,single_head_calibration
3089,8,single_head_calibration
3090,4,multihead_evaluation
3091,1,single_head_calibration
3092,5,single_head_calibration
3093,7,single_head_calibration
3094,2,single_head_calibration
3095,4,single_head_calibration
3096,7,single_head_calibration
3097,0,single_head_calibration
3098,4,single_head_calibration
3099,9,single_head_calibration
3100,0,single_head_calibration
3101,7,single_head_calibration
3102,0,multihead_evaluation
3103,6,single_head_calibration
3104,7,single_head_calibration
3105,1,multihead_evaluation
3106,8,single_head_calibration
3107,5,single_head_calibration
3108,8,single_head_calibration
3109,8,single_head_calibration
3110,7,single_head_calibration
3111,0,single_head_calibration
3112,0,single_head_calibration
3113,3,single_head_calibration
3114,2,single_head_calibration
3115,5,multihead_evaluation
3116,7,single_head_calibration
3117,0,single_head_calibration
3118,6,single_head_calibration
3119,4,single_head_calibration
3120,4,single_head_calibration
3121,9,single_head_calibration
3122,1,single_head_calibration
3123,8,single_head_calibration
3124,6,single_head_calibration
3125,3,single_head_calibration
3126,9,single_head_calibration
3127,4,multihead_evaluation
3128,9,single_head_calibration
3129,3,single_head_calibration
3130,3,single_head_calibration
3131,7,single_head_calibration
3132,5,single_head_calibration
3133,9,single_head_calibration
3134,7,single_head_calibration
3135,7,single_head_calibration
3136,4,single_head_calibration
3137,5,multihead_evaluation
3138,8,single_head_calibration
3139,2,single_head_calibration
3140,8,single_head_calibration
3141,9,single_head_calibration
3142,5,single_head_calibration
3143,3,single_head_calibration
3144,1,single_head_calibration
3145,9,single_head_calibration
3146,2,single_head_calibration
3147,2,single_head_calibration
3148,0,multihead_evaluation
3149,1,multihead_evaluation
3150,1,single_head_calibration
3151,8,single_head_calibration
3152,1,single_head_calibration
3153,1,single_head_calibration
3154,9,single_head_calibration
3155,8,single_head_calibration
3156,9,single_head_calibration
3157,9,single_head_calibration
3158,0,single_head_calibration
3159,2,single_head_calibration
3160,6,single_head_calibration
3161,9,single_head_calibration
3162,1,single_head_calibration
3163,9,single_head_calibration
3164,0,single_head_calibration
3165,1,single_head_calibration
3166,9,single_head_calibration
3167,2,single_head_calibration
3168,9,single_head_calibration
3169,9,multihead_evaluation
3170,9,multihead_evaluation
3171,0,single_head_calibration
3172,9,single_head_calibration
3173,9,single_head_calibration
3174,2,single_head_calibration
3175,1,multihead_evaluation
3176,7,single_head_calibration
3177,0,single_head_calibration
3178,5,single_head_calibration
3179,6,single_head_calibration
3180,3,single_head_calibration
3181,9,single_head_calibration
3182,8,single_head_calibration
3183,3,single_head_calibration
3184,0,multihead_evaluation
3185,2,single_head_calibration
3186,7,multihead_evaluation
3187,7,single_head_calibration
3188,4,single_head_calibration
3189,8,multihead_evaluation
3190,3,single_head_calibration
3191,0,single_head_calibration
3192,5,single_head_calibration
3193,2,single_head_calibration
3194,3,single_head_calibration
3195,5,single_head_calibration
3196,7,single_head_calibration
3197,6,single_head_calibration
3198,6,single_head_calibration
3199,6,single_head_calibration
3200,5,single_head_calibration
3201,6,single_head_calibration
3202,5,single_head_calibration
3203,4,single_head_calibration
3204,5,single_head_calibration
3205,8,single_head_calibration
3206,8,single_head_calibration
3207,0,single_head_calibration
3208,9,single_head_calibration
3209,7,single_head_calibration
3210,9,multihead_evaluation
3211,0,single_head_calibration
3212,6,single_head_calibration
3213,9,single_head_calibration
3214,6,single_head_calibration
3215,1,multihead_evaluation
3216,4,single_head_calibration
3217,7,single_head_calibration
3218,9,single_head_calibration
3219,0,single_head_calibration
3220,3,single_head_calibration
3221,5,single_head_calibration
3222,4,multihead_evaluation
3223,7,single_head_calibration
3224,6,multihead_evaluation
3225,9,single_head_calibration
3226,8,single_head_calibration
3227,2,single_head_calibration
3228,3,single_head_calibration
3229,9,multihead_evaluation
3230,3,single_head_calibration
3231,3,single_head_calibration
3232,7,single_head_calibration
3233,8,single_head_calibration
3234,3,single_head_calibration
3235,5,single_head_calibration
3236,5,single_head_calibration
3237,9,single_head_calibration
3238,6,multihead_evaluation
3239,1,single_head_calibration
3240,4,single_head_calibration
3241,7,single_head_calibration
3242,4,single_head_calibration
3243,8,single_head_calibration
3244,7,single_head_calibration
3245,7,single_head_calibration
3246,1,single_head_calibration
3247,3,single_head_calibration
3248,0,multihead_evaluation
3249,3,single_head_calibration
3250,2,single_head_calibration
3251,5,single_head_calibration
3252,4,single_head_calibration
3253,9,single_head_calibration
3254,3,single_head_calibration
3255,5,multihead_evaluation
3256,4,single_head_calibration
3257,7,single_head_calibration
3258,0,single_head_calibration
3259,3,single_head_calibration
3260,7,single_head_calibration
3261,0,single_head_calibration
3262,2,single_head_calibration
3263,1,single_head_calibration
3264,5,single_head_calibration
3265,8,single_head_calibration
3266,7,single_head_calibration
3267,3,single_head_calibration
3268,5,single_head_calibration
3269,7,single_head_calibration
3270,8,single_head_calibration
3271,5,multihead_evaluation
3272,7,single_head_calibration
3273,8,single_head_calibration
3274,1,single_head_calibration
3275,5,single_head_calibration
3276,4,single_head_calibration
3277,7,single_head_calibration
3278,0,single_head_calibration
3279,8,single_head_calibration
3280,3,single_head_calibration
3281,2,multihead_evaluation
3282,9,single_head_calibration
3283,7,single_head_calibration
3284,4,single_head_calibration
3285,1,single_head_calibration
3286,6,single_head_calibration
3287,5,single_head_calibration
3288,9,single_head_calibration
3289,8,single_head_calibration
3290,5,multihead_evaluation
3291,5,single_head_calibration
3292,4,single_head_calibration
3293,1,single_head_calibration
3294,0,single_head_calibration
3295,9,single_head_calibration
3296,4,single_head_calibration
3297,4,single_head_calibration
3298,3,single_head_calibration
3299,0,single_head_calibration
3300,4,single_head_calibration
3301,8,single_head_calibration
3302,0,single_head_calibration
3303,8,single_head_calibration
3304,2,single_head_calibration
3305,9,multihead_evaluation
3306,5,single_head_calibration
3307,9,single_head_calibration
3308,7,single_head_calibration
3309,4,single_head_calibration
3310,6,single_head_calibration
3311,7,single_head_calibration
3312,9,single_head_calibration
3313,2,single_head_calibration
3314,9,single_head_calibration
3315,3,single_head_calibration
3316,7,single_head_calibration
3317,7,single_head_calibration
3318,8,multihead_evaluation
3319,2,single_head_calibration
3320,2,single_head_calibration
3321,0,single_head_calibration
3322,2,single_head_calibration
3323,5,single_head_calibration
3324,3,single_head_calibration
3325,6,single_head_calibration
3326,4,single_head_calibration
3327,7,single_head_calibration
3328,2,single_head_calibration
3329,3,single_head_calibration
3330,7,single_head_calibration
3331,8,single_head_calibration
3332,7,single_head_calibration
3333,2,single_head_calibration
3334,5,single_head_calibration
3335,0,multihead_evaluation
3336,0,single_head_calibration
3337,7,single_head_calibration
3338,0,single_head_calibration
3339,9,single_head_calibration
3340,6,single_head_calibration
3341,1,single_head_calibration
3342,0,single_head_calibration
3343,3,single_head_calibration
3344,9,single_head_calibration
3345,7,single_head_calibration
3346,4,single_head_calibration
3347,9,single_head_calibration
3348,1,single_head_calibration
3349,6,single_head_calibration
3350,8,single_head_calibration
3351,1,single_head_calibration
3352,2,single_head_calibration
3353,3,single_head_calibration
3354,3,single_head_calibration
3355,5,multihead_evaluation
3356,4,single_head_calibration
3357,8,multihead_evaluation
3358,9,single_head_calibration
3359,7,single_head_calibration
3360,4,single_head_calibration
3361,4,multihead_evaluation
3362,1,multihead_evaluation
3363,2,single_head_calibration
3364,4,single_head_calibration
3365,9,single_head_calibration
3366,8,single_head_calibration
3367,7,single_head_calibration
3368,9,single_head_calibration
3369,5,multihead_evaluation
3370,1,single_head_calibration
3371,2,single_head_calibration
3372,1,single_head_calibration
3373,6,single_head_calibration
3374,6,single_head_calibration
3375,4,single_head_calibration
3376,5,single_head_calibration
3377,7,single_head_calibration
3378,4,single_head_calibration
3379,5,single_head_calibration
3380,8,single_head_calibration
3381,5,single_head_calibration
3382,2,single_head_calibration
3383,8,single_head_calibration
3384,7,single_head_calibration
3385,8,single_head_calibration
3386,2,single_head_calibration
3387,3,single_head_calibration
3388,6,multihead_evaluation
3389,1,single_head_calibration
3390,3,single_head_calibration
3391,3,single_head_calibration
3392,1,single_head_calibration
3393,5,single_head_calibration
3394,1,single_head_calibration
3395,9,multihead_evaluation
3396,0,multihead_evaluation
3397,9,multihead_evaluation
3398,2,single_head_calibration
3399,0,single_head_calibration
3400,6,single_head_calibration
3401,2,single_head_calibration
3402,4,multihead_evaluation
3403,8,multihead_evaluation
3404,5,single_head_calibration
3405,7,single_head_calibration
3406,6,single_head_calibration
3407,1,single_head_calibration
3408,2,single_head_calibration
3409,9,single_head_calibration
3410,4,single_head_calibration
3411,5,single_head_calibration
3412,0,multihead_evaluation
3413,3,single_head_calibration
3414,3,single_head_calibration
3415,7,single_head_calibration
3416,7,single_head_calibration
3417,7,single_head_calibration
3418,1,single_head_calibration
3419,4,single_head_calibration
3420,5,single_head_calibration
3421,0,single_head_calibration
3422,2,multihead_evaluation
3423,8,single_head_calibration
3424,5,single_head_calibration
3425,0,single_head_calibration
3426,0,single_head_calibration
3427,6,single_head_calibration
3428,2,single_head_calibration
3429,0,single_head_calibration
3430,8,single_head_calibration
3431,4,single_head_calibration
3432,5,multihead_evaluation
3433,4,single_head_calibration
3434,5,single_head_calibration
3435,6,multihead_evaluation
3436,4,single_head_calibration
3437,7,multihead_evaluation
3438,9,single_head_calibration
3439,4,single_head_calibration
3440,2,single_head_calibration
3441,0,single_head_calibration
3442,6,single_head_calibration
3443,4,single_head_calibration
3444,0,single_head_calibration
3445,0,single_head_calibration
3446,6,single_head_calibration
3447,4,single_head_calibration
3448,6,single_head_calibration
3449,1,single_head_calibration
3450,9,single_head_calibration
3451,5,single_head_calibration
3452,5,single_head_calibration
3453,2,single_head_calibration
3454,2,multihead_evaluation
3455,6,multihead_evaluation
3456,3,single_head_calibration
3457,4,single_head_calibration
3458,5,single_head_calibration
3459,9,single_head_calibration
3460,1,multihead_evaluation
3461,7,single_head_calibration
3462,2,multihead_evaluation
3463,3,multihead_evaluation
3464,9,single_head_calibration
3465,6,single_head_calibration
3466,5,single_head_calibration
3467,0,single_head_calibration
3468,2,single_head_calibration
3469,9,single_head_calibration
3470,7,single_head_calibration
3471,1,single_head_calibration
3472,7,single_head_calibration
3473,2,single_head_calibration
3474,2,single_head_calibration
3475,0,single_head_calibration
3476,8,single_head_calibration
3477,6,single_head_calibration
3478,4,single_head_calibration
3479,3,single_head_calibration
3480,2,single_head_calibration
3481,7,single_head_calibration
3482,7,single_head_calibration
3483,0,single_head_calibration
3484,4,single_head_calibration
3485,1,single_head_calibration
3486,6,single_head_calibration
3487,5,single_head_calibration
3488,1,single_head_calibration
3489,3,single_head_calibration
3490,0,multihead_evaluation
3491,3,single_head_calibration
3492,9,single_head_calibration
3493,0,single_head_calibration
3494,0,single_head_calibration
3495,2,single_head_calibration
3496,5,single_head_calibration
3497,0,single_head_calibration
3498,4,single_head_calibration
3499,0,single_head_calibration
3500,1,single_head_calibration
3501,9,single_head_calibration
3502,8,single_head_calibration
3503,4,multihead_evaluation
3504,9,single_head_calibration
3505,4,multihead_evaluation
3506,2,single_head_calibration
3507,4,single_head_calibration
3508,3,single_head_calibration
3509,3,single_head_calibration
3510,4,single_head_calibration
3511,0,single_head_calibration
3512,4,single_head_calibration
3513,3,single_head_calibration
3514,2,single_head_calibration
3515,8,single_head_calibration
3516,9,single_head_calibration
3517,1,multihead_evaluation
3518,5,single_head_calibration
3519,8,single_head_calibration
3520,1,single_head_calibration
3521,8,single_head_calibration
3522,2,single_head_calibration
3523,4,single_head_calibration
3524,5,single_head_calibration
3525,2,single_head_calibration
3526,4,single_head_calibration
3527,1,single_head_calibration
3528,1,single_head_calibration
3529,6,single_head_calibration
3530,6,single_head_calibration
3531,8,single_head_calibration
3532,5,single_head_calibration
3533,2,single_head_calibration
3534,2,multihead_evaluation
3535,5,single_head_calibration
3536,0,single_head_calibration
3537,8,single_head_calibration
3538,2,single_head_calibration
3539,3,multihead_evaluation
3540,6,multihead_evaluation
3541,2,single_head_calibration
3542,9,single_head_calibration
3543,6,single_head_calibration
3544,1,single_head_calibration
3545,4,single_head_calibration
3546,5,single_head_calibration
3547,9,single_head_calibration
3548,0,single_head_calibration
3549,1,single_head_calibration
3550,0,single_head_calibration
3551,0,single_head_calibration
3552,8,single_head_calibration
3553,1,single_head_calibration
3554,1,single_head_calibration
3555,6,single_head_calibration
3556,6,single_head_calibration
3557,9,single_head_calibration
3558,5,single_head_calibration
3559,4,single_head_calibration
3560,1,single_head_calibration
3561,7,single_head_calibration
3562,8,single_head_calibration
3563,6,single_head_calibration
3564,9,single_head_calibration
3565,1,single_head_calibration
3566,7,single_head_calibration
3567,6,single_head_calibration
3568,0,single_head_calibration
3569,9,multihead_evaluation
3570,3,single_head_calibration
3571,5,single_head_calibration
3572,3,single_head_calibration
3573,2,single_head_calibration
3574,5,single_head_calibration
3575,3,single_head_calibration
3576,4,multihead_evaluation
3577,9,single_head_calibration
3578,7,multihead_evaluation
3579,1,single_head_calibration
3580,4,single_head_calibration
3581,4,single_head_calibration
3582,6,single_head_calibration
3583,1,single_head_calibration
3584,3,single_head_calibration
3585,8,single_head_calibration
3586,8,single_head_calibration
3587,0,single_head_calibration
3588,6,single_head_calibration
3589,7,multihead_evaluation
3590,7,single_head_calibration
3591,6,single_head_calibration
3592,7,single_head_calibration
3593,2,multihead_evaluation
3594,3,single_head_calibration
3595,2,single_head_calibration
3596,2,single_head_calibration
3597,6,single_head_calibration
3598,2,single_head_calibration
3599,7,single_head_calibration
3600,4,single_head_calibration
3601,0,single_head_calibration
3602,3,single_head_calibration
3603,6,multihead_evaluation
3604,2,single_head_calibration
3605,6,single_head_calibration
3606,3,multihead_evaluation
3607,3,single_head_calibration
3608,0,single_head_calibration
3609,9,single_head_calibration
3610,5,single_head_calibration
3611,1,single_head_calibration
3612,1,multihead_evaluation
3613,5,multihead_evaluation
3614,3,single_head_calibration
3615,6,single_head_calibration
3616,4,single_head_calibration
3617,3,single_head_calibration
3618,4,single_head_calibration
3619,1,single_head_calibration
3620,0,single_head_calibration
3621,4,single_head_calibration
3622,5,single_head_calibration
3623,5,single_head_calibration
3624,2,single_head_calibration
3625,8,single_head_calibration
3626,9,single_head_calibration
3627,4,multihead_evaluation
3628,3,single_head_calibration
3629,1,single_head_calibration
3630,8,multihead_evaluation
3631,0,single_head_calibration
3632,1,single_head_calibration
3633,3,single_head_calibration
3634,3,single_head_calibration
3635,4,single_head_calibration
3636,4,multihead_evaluation
3637,2,single_head_calibration
3638,9,single_head_calibration
3639,7,single_head_calibration
3640,6,single_head_calibration
3641,8,single_head_calibration
3642,1,single_head_calibration
3643,8,single_head_calibration
3644,9,single_head_calibration
3645,1,single_head_calibration
3646,3,multihead_evaluation
3647,1,single_head_calibration
3648,7,multihead_evaluation
3649,3,single_head_calibration
3650,0,single_head_calibration
3651,0,single_head_calibration
3652,2,multihead_evaluation
3653,8,single_head_calibration
3654,3,single_head_calibration
3655,9,single_head_calibration
3656,2,single_head_calibration
3657,7,single_head_calibration
3658,2,single_head_calibration
3659,6,single_head_calibration
3660,0,single_head_calibration
3661,1,single_head_calibration
3662,6,single_head_calibration
3663,1,single_head_calibration
3664,6,single_head_calibration
3665,7,single_head_calibration
3666,5,single_head_calibration
3667,5,single_head_calibration
3668,2,single_head_calibration
3669,5,single_head_calibration
3670,9,single_head_calibration
3671,4,single_head_calibration
3672,0,single_head_calibration
3673,2,single_head_calibration
3674,3,multihead_evaluation
3675,4,single_head_calibration
3676,9,multihead_evaluation
3677,4,single_head_calibration
3678,1,single_head_calibration
3679,0,single_head_calibration
3680,0,single_head_calibration
3681,2,single_head_calibration
3682,3,single_head_calibration
3683,8,single_head_calibration
3684,9,single_head_calibration
3685,2,multihead_evaluation
3686,8,single_head_calibration
3687,9,single_head_calibration
3688,5,single_head_calibration
3689,7,single_head_calibration
3690,9,single_head_calibration
3691,1,single_head_calibration
3692,4,single_head_calibration
3693,6,single_head_calibration
3694,2,multihead_evaluation
3695,8,single_head_calibration
3696,4,single_head_calibration
3697,4,single_head_calibration
3698,8,single_head_calibration
3699,9,single_head_calibration
3700,3,single_head_calibration
3701,1,single_head_calibration
3702,1,single_head_calibration
3703,6,single_head_calibration
3704,5,single_head_calibration
3705,8,single_head_calibration
3706,4,single_head_calibration
3707,6,single_head_calibration
3708,4,single_head_calibration
3709,5,single_head_calibration
3710,2,single_head_calibration
3711,6,single_head_calibration
3712,4,single_head_calibration
3713,2,single_head_calibration
3714,3,single_head_calibration
3715,1,single_head_calibration
3716,3,single_head_calibration
3717,6,multihead_evaluation
3718,8,single_head_calibration
3719,5,single_head_calibration
3720,2,single_head_calibration
3721,2,single_head_calibration
3722,7,single_head_calibration
3723,1,single_head_calibration
3724,6,single_head_calibration
3725,2,single_head_calibration
3726,5,single_head_calibration
3727,9,single_head_calibration
3728,2,single_head_calibration
3729,8,single_head_calibration
3730,1,single_head_calibration
3731,6,single_head_calibration
3732,9,single_head_calibration
3733,2,single_head_calibration
3734,7,single_head_calibration
3735,5,single_head_calibration
3736,3,single_head_calibration
3737,2,single_head_calibration
3738,9,single_head_calibration
3739,7,single_head_calibration
3740,0,single_head_calibration
3741,2,single_head_calibration
3742,9,single_head_calibration
3743,3,single_head_calibration
3744,4,single_head_calibration
3745,1,single_head_calibration
3746,7,single_head_calibration
3747,9,multihead_evaluation
3748,5,single_head_calibration
3749,8,single_head_calibration
3750,9,single_head_calibration
3751,7,single_head_calibration
3752,3,single_head_calibration
3753,4,single_head_calibration
3754,0,single_head_calibration
3755,9,single_head_calibration
3756,7,single_head_calibration
3757,4,single_head_calibration
3758,2,single_head_calibration
3759,4,single_head_calibration
3760,7,single_head_calibration
3761,0,single_head_calibration
3762,1,multihead_evaluation
3763,8,single_head_calibration
3764,1,single_head_calibration
3765,0,single_head_calibration
3766,4,single_head_calibration
3767,6,single_head_calibration
3768,1,multihead_evaluation
3769,9,single_head_calibration
3770,9,single_head_calibration
3771,2,single_head_calibration
3772,1,single_head_calibration
3773,2,multihead_evaluation
3774,5,single_head_calibration
3775,6,single_head_calibration
3776,9,single_head_calibration
3777,7,single_head_calibration
3778,7,single_head_calibration
3779,3,single_head_calibration
3780,4,single_head_calibration
3781,2,single_head_calibration
3782,0,single_head_calibration
3783,2,single_head_calibration
3784,5,single_head_calibration
3785,6,single_head_calibration
3786,7,multihead_evaluation
3787,3,single_head_calibration
3788,7,multihead_evaluation
3789,9,single_head_calibration
3790,4,single_head_calibration
3791,2,multihead_evaluation
3792,0,single_head_calibration
3793,6,single_head_calibration
3794,1,single_head_calibration
3795,7,single_head_calibration
3796,5,single_head_calibration
3797,6,single_head_calibration
3798,5,single_head_calibration
3799,3,single_head_calibration
3800,9,multihead_evaluation
3801,2,single_head_calibration
3802,7,single_head_calibration
3803,8,single_head_calibration
3804,5,single_head_calibration
3805,9,single_head_calibration
3806,5,single_head_calibration
3807,8,single_head_calibration
3808,5,single_head_calibration
3809,4,single_head_calibration
3810,3,multihead_evaluation
3811,7,single_head_calibration
3812,9,single_head_calibration
3813,8,multihead_evaluation
3814,1,single_head_calibration
3815,2,single_head_calibration
3816,2,single_head_calibration
3817,8,single_head_calibration
3818,9,single_head_calibration
3819,3,single_head_calibration
3820,0,single_head_calibration
3821,8,single_head_calibration
3822,4,single_head_calibration
3823,0,single_head_calibration
3824,2,single_head_calibration
3825,0,single_head_calibration
3826,1,single_head_calibration
3827,4,single_head_calibration
3828,1,single_head_calibration
3829,8,multihead_evaluation
3830,5,single_head_calibration
3831,5,single_head_calibration
3832,7,single_head_calibration
3833,9,single_head_calibration
3834,8,single_head_calibration
3835,3,single_head_calibration
3836,7,single_head_calibration
3837,9,multihead_evaluation
3838,1,single_head_calibration
3839,5,single_head_calibration
3840,6,single_head_calibration
3841,9,single_head_calibration
3842,8,single_head_calibration
3843,7,single_head_calibration
3844,2,single_head_calibration
3845,0,single_head_calibration
3846,9,single_head_calibration
3847,0,single_head_calibration
3848,8,single_head_calibration
3849,5,single_head_calibration
3850,9,single_head_calibration
3851,4,single_head_calibration
3852,2,single_head_calibration
3853,9,single_head_calibration
3854,8,single_head_calibration
3855,1,single_head_calibration
3856,9,single_head_calibration
3857,1,single_head_calibration
3858,8,single_head_calibration
3859,3,single_head_calibration
3860,7,single_head_calibration
3861,6,single_head_calibration
3862,4,single_head_calibration
3863,2,single_head_calibration
3864,3,single_head_calibration
3865,7,single_head_calibration
3866,0,single_head_calibration
3867,3,multihead_evaluation
3868,5,single_head_calibration
3869,8,single_head_calibration
3870,8,single_head_calibration
3871,8,single_head_calibration
3872,7,single_head_calibration
3873,9,single_head_calibration
3874,6,single_head_calibration
3875,2,single_head_calibration
3876,7,single_head_calibration
3877,4,single_head_calibration
3878,5,single_head_calibration
3879,7,single_head_calibration
3880,6,single_head_calibration
3881,7,single_head_calibration
3882,1,single_head_calibration
3883,7,single_head_calibration
3884,3,single_head_calibration
3885,6,single_head_calibration
3886,8,single_head_calibration
3887,2,single_head_calibration
3888,6,single_head_calibration
3889,6,single_head_calibration
3890,7,single_head_calibration
3891,1,single_head_calibration
3892,5,single_head_calibration
3893,9,multihead_evaluation
3894,7,single_head_calibration
3895,1,single_head_calibration
3896,7,single_head_calibration
3897,0,single_head_calibration
3898,1,single_head_calibration
3899,6,single_head_calibration
3900,3,single_head_calibration
3901,3,single_head_calibration
3902,9,single_head_calibration
3903,0,single_head_calibration
3904,1,single_head_calibration
3905,2,single_head_calibration
3906,3,single_head_calibration
3907,2,single_head_calibration
3908,2,single_head_calibration
3909,5,single_head_calibration
3910,4,single_head_calibration
3911,9,single_head_calibration
3912,8,multihead_evaluation
3913,7,single_head_calibration
3914,4,single_head_calibration
3915,4,single_head_calibration
3916,9,single_head_calibration
3917,7,single_head_calibration
3918,6,single_head_calibration
3919,7,single_head_calibration
3920,7,multihead_evaluation
3921,1,single_head_calibration
3922,2,single_head_calibration
3923,3,single_head_calibration
3924,5,multihead_evaluation
3925,1,single_head_calibration
3926,9,single_head_calibration
3927,0,single_head_calibration
3928,3,multihead_evaluation
3929,3,multihead_evaluation
3930,1,single_head_calibration
3931,5,single_head_calibration
3932,6,single_head_calibration
3933,6,single_head_calibration
3934,2,single_head_calibration
3935,4,single_head_calibration
3936,6,single_head_calibration
3937,8,single_head_calibration
3938,8,single_head_calibration
3939,9,single_head_calibration
3940,6,single_head_calibration
3941,6,single_head_calibration
3942,1,single_head_calibration
3943,0,single_head_calibration
3944,7,single_head_calibration
3945,5,multihead_evaluation
3946,8,single_head_calibration
3947,2,single_head_calibration
3948,1,single_head_calibration
3949,5,single_head_calibration
3950,8,single_head_calibration
3951,1,single_head_calibration
3952,4,single_head_calibration
3953,7,single_head_calibration
3954,5,single_head_calibration
3955,0,single_head_calibration
3956,3,single_head_calibration
3957,9,single_head_calibration
3958,9,single_head_calibration
3959,5,single_head_calibration
3960,2,single_head_calibration
3961,8,single_head_calibration
3962,4,single_head_calibration
3963,1,single_head_calibration
3964,9,single_head_calibration
3965,0,single_head_calibration
3966,4,single_head_calibration
3967,4,single_head_calibration
3968,8,single_head_calibration
3969,2,single_head_calibration
3970,9,single_head_calibration
3971,0,single_head_calibration
3972,7,single_head_calibration
3973,9,single_head_calibration
3974,8,single_head_calibration
3975,7,single_head_calibration
3976,1,single_head_calibration
3977,3,single_head_calibration
3978,2,multihead_evaluation
3979,9,single_head_calibration
3980,9,single_head_calibration
3981,5,single_head_calibration
3982,9,single_head_calibration
3983,7,single_head_calibration
3984,6,single_head_calibration
3985,7,multihead_evaluation
3986,7,single_head_calibration
3987,1,single_head_calibration
3988,1,single_head_calibration
3989,2,single_head_calibration
3990,4,single_head_calibration
3991,2,single_head_calibration
3992,0,single_head_calibration
3993,6,single_head_calibration
3994,8,single_head_calibration
3995,7,single_head_calibration
3996,6,multihead_evaluation
3997,2,single_head_calibration
3998,2,single_head_calibration
3999,9,multihead_evaluation
4000,8,single_head_calibration
4001,2,single_head_calibration
4002,4,single_head_calibration
4003,2,multihead_evaluation
4004,0,single_head_calibration
4005,5,single_head_calibration
4006,8,single_head_calibration
4007,6,multihead_evaluation
4008,8,single_head_calibration
4009,2,single_head_calibration
4010,7,single_head_calibration
4011,7,single_head_calibration
4012,3,single_head_calibration
4013,1,single_head_calibration
4014,8,single_head_calibration
4015,1,single_head_calibration
4016,6,single_head_calibration
4017,5,single_head_calibration
4018,9,single_head_calibration
4019,7,single_head_calibration
4020,8,single_head_calibration
4021,9,single_head_calibration
4022,6,single_head_calibration
4023,4,single_head_calibration
4024,8,single_head_calibration
4025,1,multihead_evaluation
4026,9,single_head_calibration
4027,4,single_head_calibration
4028,0,single_head_calibration
4029,4,multihead_evaluation
4030,1,multihead_evaluation
4031,4,multihead_evaluation
4032,3,single_head_calibration
4033,6,single_head_calibration
4034,2,single_head_calibration
4035,2,single_head_calibration
4036,7,single_head_calibration
4037,0,single_head_calibration
4038,0,single_head_calibration
4039,7,single_head_calibration
4040,0,single_head_calibration
4041,7,single_head_calibration
4042,4,single_head_calibration
4043,3,multihead_evaluation
4044,6,single_head_calibration
4045,7,single_head_calibration
4046,7,single_head_calibration
4047,4,single_head_calibration
4048,5,single_head_calibration
4049,4,single_head_calibration
4050,3,single_head_calibration
4051,5,single_head_calibration
4052,5,single_head_calibration
4053,4,single_head_calibration
4054,7,single_head_calibration
4055,1,single_head_calibration
4056,0,single_head_calibration
4057,7,single_head_calibration
4058,7,single_head_calibration
4059,1,single_head_calibration
4060,6,single_head_calibration
4061,5,single_head_calibration
4062,0,single_head_calibration
4063,7,multihead_evaluation
4064,7,single_head_calibration
4065,4,single_head_calibration
4066,6,multihead_evaluation
4067,1,single_head_calibration
4068,8,single_head_calibration
4069,5,single_head_calibration
4070,9,single_head_calibration
4071,3,single_head_calibration
4072,5,single_head_calibration
4073,6,single_head_calibration
4074,2,multihead_evaluation
4075,2,single_head_calibration
4076,7,multihead_evaluation
4077,3,single_head_calibration
4078,5,multihead_evaluation
4079,8,single_head_calibration
4080,1,single_head_calibration
4081,0,single_head_calibration
4082,6,single_head_calibration
4083,8,single_head_calibration
4084,7,single_head_calibration
4085,8,single_head_calibration
4086,8,single_head_calibration
4087,5,single_head_calibration
4088,7,multihead_evaluation
4089,5,single_head_calibration
4090,4,multihead_evaluation
4091,9,single_head_calibration
4092,7,single_head_calibration
4093,3,single_head_calibration
4094,3,single_head_calibration
4095,8,single_head_calibration
4096,8,single_head_calibration
4097,3,single_head_calibration
4098,9,single_head_calibration
4099,4,single_head_calibration
4100,7,single_head_calibration
4101,2,single_head_calibration
4102,0,single_head_calibration
4103,8,single_head_calibration
4104,0,single_head_calibration
4105,7,single_head_calibration
4106,3,single_head_calibration
4107,3,single_head_calibration
4108,2,single_head_calibration
4109,5,single_head_calibration
4110,2,single_head_calibration
4111,4,single_head_calibration
4112,4,single_head_calibration
4113,0,single_head_calibration
4114,4,single_head_calibration
4115,8,single_head_calibration
4116,2,single_head_calibration
4117,4,single_head_calibration
4118,0,multihead_evaluation
4119,6,single_head_calibration
4120,4,single_head_calibration
4121,5,multihead_evaluation
4122,6,single_head_calibration
4123,0,single_head_calibration
4124,8,single_head_calibration
4125,8,single_head_calibration
4126,0,single_head_calibration
4127,6,single_head_calibration
4128,1,single_head_calibration
4129,1,single_head_calibration
4130,6,single_head_calibration
4131,1,single_head_calibration
4132,4,single_head_calibration
4133,2,single_head_calibration
4134,1,multihead_evaluation
4135,1,single_head_calibration
4136,2,single_head_calibration
4137,4,single_head_calibration
4138,4,multihead_evaluation
4139,5,single_head_calibration
4140,5,single_head_calibration
4141,8,single_head_calibration
4142,8,multihead_evaluation
4143,5,single_head_calibration
4144,1,single_head_calibration
4145,8,single_head_calibration
4146,2,single_head_calibration
4147,3,single_head_calibration
4148,3,single_head_calibration
4149,9,single_head_calibration
4150,6,single_head_calibration
4151,6,single_head_calibration
4152,5,single_head_calibration
4153,0,single_head_calibration
4154,7,single_head_calibration
4155,3,single_head_calibration
4156,3,single_head_calibration
4157,2,single_head_calibration
4158,7,single_head_calibration
4159,4,single_head_calibration
4160,5,single_head_calibration
4161,6,single_head_calibration
4162,0,multihead_evaluation
4163,2,single_head_calibration
4164,1,single_head_calibration
4165,8,single_head_calibration
4166,1,single_head_calibration
4167,0,single_head_calibration
4168,9,single_head_calibration
4169,3,single_head_calibration
4170,1,single_head_calibration
4171,0,multihead_evaluation
4172,5,single_head_calibration
4173,4,single_head_calibration
4174,2,single_head_calibration
4175,3,single_head_calibration
4176,3,single_head_calibration
4177,6,single_head_calibration
4178,7,single_head_calibration
4179,6,single_head_calibration
4180,0,single_head_calibration
4181,0,single_head_calibration
4182,5,single_head_calibration
4183,7,single_head_calibration
4184,4,single_head_calibration
4185,7,single_head_calibration
4186,7,single_head_calibration
4187,0,multihead_evaluation
4188,6,single_head_calibration
4189,1,single_head_calibration
4190,3,single_head_calibration
4191,9,single_head_calibration
4192,0,single_head_calibration
4193,9,single_head_calibration
4194,0,single_head_calibration
4195,3,single_head_calibration
4196,8,single_head_calibration
4197,4,single_head_calibration
4198,8,single_head_calibration
4199,8,single_head_calibration
4200,4,single_head_calibration
4201,1,single_head_calibration
4202,0,single_head_calibration
4203,2,single_head_calibration
4204,2,single_head_calibration
4205,4,single_head_calibration
4206,1,single_head_calibration
4207,1,single_head_calibration
4208,2,single_head_calibration
4209,4,single_head_calibration
4210,3,single_head_calibration
4211,4,multihead_evaluation
4212,1,single_head_calibration
4213,4,single_head_calibration
4214,7,single_head_calibration
4215,1,single_head_calibration
4216,0,single_head_calibration
4217,0,single_head_calibration
4218,9,single_head_calibration
4219,0,single_head_calibration
4220,4,single_head_calibration
4221,2,single_head_calibration
4222,8,single_head_calibration
4223,8,single_head_calibration
4224,5,single_head_calibration
4225,5,single_head_calibration
4226,0,single_head_calibration
4227,4,single_head_calibration
4228,0,multihead_evaluation
4229,8,single_head_calibration
4230,6,single_head_calibration
4231,2,single_head_calibration
4232,5,single_head_calibration
4233,9,single_head_calibration
4234,2,single_head_calibration
4235,9,single_head_calibration
4236,1,single_head_calibration
4237,1,single_head_calibration
4238,5,single_head_calibration
4239,4,single_head_calibration
4240,7,single_head_calibration
4241,5,multihead_evaluation
4242,8,single_head_calibration
4243,6,single_head_calibration
4244,2,single_head_calibration
4245,1,single_head_calibration
4246,5,single_head_calibration
4247,5,single_head_calibration
4248,3,single_head_calibration
4249,4,single_head_calibration
4250,1,single_head_calibration
4251,8,single_head_calibration
4252,9,multihead_evaluation
4253,9,single_head_calibration
4254,8,single_head_calibration
4255,9,single_head_calibration
4256,8,single_head_calibration
4257,6,single_head_calibration
4258,8,multihead_evaluation
4259,5,multihead_evaluation
4260,8,single_head_calibration
4261,9,single_head_calibration
4262,4,single_head_calibration
4263,6,single_head_calibration
4264,2,single_head_calibration
4265,6,multihead_evaluation
4266,3,single_head_calibration
4267,7,single_head_calibration
4268,4,single_head_calibration
4269,0,multihead_evaluation
4270,0,single_head_calibration
4271,1,single_head_calibration
4272,7,single_head_calibration
4273,5,single_head_calibration
4274,1,single_head_calibration
4275,5,single_head_calibration
4276,9,single_head_calibration
4277,3,single_head_calibration
4278,1,single_head_calibration
4279,6,single_head_calibration
4280,8,single_head_calibration
4281,7,single_head_calibration
4282,3,single_head_calibration
4283,6,single_head_calibration
4284,9,single_head_calibration
4285,1,single_head_calibration
4286,2,single_head_calibration
4287,0,single_head_calibration
4288,1,single_head_calibration
4289,7,multihead_evaluation
4290,2,single_head_calibration
4291,6,single_head_calibration
4292,1,single_head_calibration
4293,9,single_head_calibration
4294,0,single_head_calibration
4295,0,multihead_evaluation
4296,8,single_head_calibration
4297,9,single_head_calibration
4298,9,single_head_calibration
4299,2,single_head_calibration
4300,8,single_head_calibration
4301,6,single_head_calibration
4302,2,single_head_calibration
4303,5,multihead_evaluation
4304,6,single_head_calibration
4305,0,multihead_evaluation
4306,3,single_head_calibration
4307,3,single_head_calibration
4308,0,single_head_calibration
4309,7,single_head_calibration
4310,4,multihead_evaluation
4311,7,single_head_calibration
4312,5,single_head_calibration
4313,0,multihead_evaluation
4314,1,single_head_calibration
4315,6,single_head_calibration
4316,8,single_head_calibration
4317,8,single_head_calibration
4318,1,single_head_calibration
4319,2,single_head_calibration
4320,1,single_head_calibration
4321,5,single_head_calibration
4322,4,single_head_calibration
4323,5,single_head_calibration
4324,9,multihead_evaluation
4325,6,multihead_evaluation
4326,7,single_head_calibration
4327,1,multihead_evaluation
4328,0,single_head_calibration
4329,6,multihead_evaluation
4330,9,single_head_calibration
4331,2,single_head_calibration
4332,7,multihead_evaluation
4333,7,single_head_calibration
4334,3,single_head_calibration
4335,9,single_head_calibration
4336,9,single_head_calibration
4337,1,single_head_calibration
4338,9,single_head_calibration
4339,7,single_head_calibration
4340,0,single_head_calibration
4341,1,single_head_calibration
4342,3,single_head_calibration
4343,5,single_head_calibration
4344,4,single_head_calibration
4345,6,single_head_calibration
4346,3,single_head_calibration
4347,8,single_head_calibration
4348,8,single_head_calibration
4349,0,single_head_calibration
4350,4,single_head_calibration
4351,8,single_head_calibration
4352,3,single_head_calibration
4353,6,single_head_calibration
4354,7,single_head_calibration
4355,0,single_head_calibration
4356,0,multihead_evaluation
4357,4,single_head_calibration
4358,5,single_head_calibration
4359,2,single_head_calibration
4360,6,single_head_calibration
4361,8,single_head_calibration
4362,4,single_head_calibration
4363,9,single_head_calibration
4364,9,single_head_calibration
4365,9,single_head_calibration
4366,2,single_head_calibration
4367,0,single_head_calibration
4368,4,single_head_calibration
4369,2,single_head_calibration
4370,8,single_head_calibration
4371,1,single_head_calibration
4372,1,single_head_calibration
4373,0,single_head_calibration
4374,0,single_head_calibration
4375,3,single_head_calibration
4376,7,single_head_calibration
4377,4,single_head_calibration
4378,1,multihead_evaluation
4379,1,single_head_calibration
4380,9,single_head_calibration
4381,7,single_head_calibration
4382,7,single_head_calibration
4383,4,single_head_calibration
4384,6,single_head_calibration
4385,8,single_head_calibration
4386,6,single_head_calibration
4387,0,single_head_calibration
4388,2,single_head_calibration
4389,8,single_head_calibration
4390,5,multihead_evaluation
4391,3,single_head_calibration
4392,5,single_head_calibration
4393,3,multihead_evaluation
4394,5,single_head_calibration
4395,7,single_head_calibration
4396,9,single_head_calibration
4397,8,single_head_calibration
4398,4,single_head_calibration
4399,4,single_head_calibration
4400,3,single_head_calibration
4401,1,single_head_calibration
4402,4,single_head_calibration
4403,8,single_head_calibration
4404,3,single_head_calibration
4405,6,single_head_calibration
4406,5,single_head_calibration
4407,3,single_head_calibration
4408,0,single_head_calibration
4409,8,single_head_calibration
4410,9,single_head_calibration
4411,5,single_head_calibration
4412,7,single_head_calibration
4413,6,single_head_calibration
4414,2,single_head_calibration
4415,0,single_head_calibration
4416,4,single_head_calibration
4417,9,single_head_calibration
4418,9,single_head_calibration
4419,0,single_head_calibration
4420,5,single_head_calibration
4421,2,single_head_calibration
4422,3,single_head_calibration
4423,6,single_head_calibration
4424,1,single_head_calibration
4425,1,single_head_calibration
4426,0,single_head_calibration
4427,2,single_head_calibration
4428,8,multihead_evaluation
4429,2,single_head_calibration
4430,1,multihead_evaluation
4431,1,single_head_calibration
4432,7,single_head_calibration
4433,5,single_head_calibration
4434,2,single_head_calibration
4435,3,single_head_calibration
4436,4,single_head_calibration
4437,1,single_head_calibration
4438,2,multihead_evaluation
4439,9,single_head_calibration
4440,2,single_head_calibration
4441,1,single_head_calibration
4442,3,single_head_calibration
4443,4,single_head_calibration
4444,8,single_head_calibration
4445,9,single_head_calibration
4446,0,single_head_calibration
4447,0,single_head_calibration
4448,4,single_head_calibration
4449,9,single_head_calibration
4450,0,single_head_calibration
4451,2,single_head_calibration
4452,2,single_head_calibration
4453,0,multihead_evaluation
4454,6,single_head_calibration
4455,8,single_head_calibration
4456,7,single_head_calibration
4457,3,multihead_evaluation
4458,3,multihead_evaluation
4459,8,single_head_calibration
4460,9,single_head_calibration
4461,0,single_head_calibration
4462,2,single_head_calibration
4463,5,single_head_calibration
4464,3,single_head_calibration
4465,6,single_head_calibration
4466,1,single_head_calibration
4467,3,single_head_calibration
4468,9,multihead_evaluation
4469,5,single_head_calibration
4470,0,single_head_calibration
4471,5,single_head_calibration
4472,4,single_head_calibration
4473,4,single_head_calibration
4474,0,single_head_calibration
4475,1,multihead_evaluation
4476,1,single_head_calibration
4477,6,single_head_calibration
4478,1,single_head_calibration
4479,7,single_head_calibration
4480,9,single_head_calibration
4481,9,single_head_calibration
4482,6,single_head_calibration
4483,2,single_head_calibration
4484,4,multihead_evaluation
4485,3,single_head_calibration
4486,8,single_head_calibration
4487,3,single_head_calibration
4488,4,single_head_calibration
4489,7,single_head_calibration
4490,0,single_head_calibration
4491,2,single_head_calibration
4492,8,single_head_calibration
4493,4,single_head_calibration
4494,8,single_head_calibration
4495,3,single_head_calibration
4496,8,single_head_calibration
4497,8,single_head_calibration
4498,8,single_head_calibration
4499,3,single_head_calibration
4500,3,single_head_calibration
4501,5,single_head_calibration
4502,7,single_head_calibration
4503,7,single_head_calibration
4504,0,single_head_calibration
4505,4,single_head_calibration
4506,1,single_head_calibration
4507,5,single_head_calibration
4508,9,single_head_calibration
4509,7,single_head_calibration
4510,0,single_head_calibration
4511,6,single_head_calibration
4512,8,single_head_calibration
4513,4,single_head_calibration
4514,9,single_head_calibration
4515,0,multihead_evaluation
4516,1,single_head_calibration
4517,8,single_head_calibration
4518,9,single_head_calibration
4519,6,multihead_evaluation
4520,3,single_head_calibration
4521,9,single_head_calibration
4522,2,multihead_evaluation
4523,4,single_head_calibration
4524,4,single_head_calibration
4525,0,single_head_calibration
4526,3,single_head_calibration
4527,3,single_head_calibration
4528,5,single_head_calibration
4529,4,single_head_calibration
4530,5,single_head_calibration
4531,1,single_head_calibration
4532,1,single_head_calibration
4533,8,single_head_calibration
4534,2,single_head_calibration
4535,2,single_head_calibration
4536,9,single_head_calibration
4537,3,single_head_calibration
4538,7,single_head_calibration
4539,8,single_head_calibration
4540,9,single_head_calibration
4541,2,single_head_calibration
4542,3,single_head_calibration
4543,1,single_head_calibration
4544,7,single_head_calibration
4545,3,single_head_calibration
4546,2,single_head_calibration
4547,3,single_head_calibration
4548,0,single_head_calibration
4549,1,single_head_calibration
4550,9,multihead_evaluation
4551,5,single_head_calibration
4552,5,single_head_calibration
4553,3,single_head_calibration
4554,4,single_head_calibration
4555,5,single_head_calibration
4556,2,multihead_evaluation
4557,0,single_head_calibration
4558,0,single_head_calibration
4559,3,single_head_calibration
4560,1,single_head_calibration
4561,3,single_head_calibration
4562,4,single_head_calibration
4563,7,single_head_calibration
4564,4,single_head_calibration
4565,2,single_head_calibration
4566,8,single_head_calibration
4567,4,single_head_calibration
4568,8,single_head_calibration
4569,9,single_head_calibration
4570,9,single_head_calibration
4571,4,single_head_calibration
4572,2,multihead_evaluation
4573,4,multihead_evaluation
4574,3,multihead_evaluation
4575,6,single_head_calibration
4576,4,single_head_calibration
4577,6,single_head_calibration
4578,4,single_head_calibration
4579,6,single_head_calibration
4580,6,single_head_calibration
4581,3,single_head_calibration
4582,8,single_head_calibration
4583,7,single_head_calibration
4584,4,single_head_calibration
4585,8,single_head_calibration
4586,0,single_head_calibration
4587,5,single_head_calibration
4588,9,single_head_calibration
4589,3,single_head_calibration
4590,9,single_head_calibration
4591,0,single_head_calibration
4592,7,single_head_calibration
4593,5,single_head_calibration
4594,1,multihead_evaluation
4595,9,single_head_calibration
4596,7,single_head_calibration
4597,9,single_head_calibration
4598,1,single_head_calibration
4599,8,single_head_calibration
4600,4,single_head_calibration
4601,2,single_head_calibration
4602,1,single_head_calibration
4603,6,single_head_calibration
4604,4,single_head_calibration
4605,3,single_head_calibration
4606,0,multihead_evaluation
4607,1,single_head_calibration
4608,4,single_head_calibration
4609,8,single_head_calibration
4610,6,single_head_calibration
4611,1,single_head_calibration
4612,7,single_head_calibration
4613,1,single_head_calibration
4614,3,single_head_calibration
4615,5,single_head_calibration
4616,4,single_head_calibration
4617,3,single_head_calibration
4618,3,multihead_evaluation
4619,9,single_head_calibration
4620,7,single_head_calibration
4621,8,single_head_calibration
4622,2,single_head_calibration
4623,5,single_head_calibration
4624,5,single_head_calibration
4625,4,single_head_calibration
4626,5,single_head_calibration
4627,4,single_head_calibration
4628,5,single_head_calibration
4629,7,single_head_calibration
4630,2,single_head_calibration
4631,5,single_head_calibration
4632,5,single_head_calibration
4633,1,single_head_calibration
4634,7,single_head_calibration
4635,7,single_head_calibration
4636,8,single_head_calibration
4637,3,multihead_evaluation
4638,6,single_head_calibration
4639,0,single_head_calibration
4640,2,single_head_calibration
4641,5,single_head_calibration
4642,2,single_head_calibration
4643,3,single_head_calibration
4644,7,single_head_calibration
4645,4,single_head_calibration
4646,2,single_head_calibration
4647,1,single_head_calibration
4648,6,single_head_calibration
4649,8,single_head_calibration
4650,6,single_head_calibration
4651,8,single_head_calibration
4652,3,single_head_calibration
4653,2,multihead_evaluation
4654,7,single_head_calibration
4655,7,single_head_calibration
4656,9,single_head_calibration
4657,7,single_head_calibration
4658,1,single_head_calibration
4659,4,single_head_calibration
4660,7,single_head_calibration
4661,4,single_head_calibration
4662,6,single_head_calibration
4663,1,single_head_calibration
4664,7,single_head_calibration
4665,3,single_head_calibration
4666,0,single_head_calibration
4667,0,single_head_calibration
4668,6,single_head_calibration
4669,6,single_head_calibration
4670,8,single_head_calibration
4671,6,single_head_calibration
4672,6,single_head_calibration
4673,0,single_head_calibration
4674,3,multihead_evaluation
4675,4,single_head_calibration
4676,7,single_head_calibration
4677,4,single_head_calibration
4678,9,single_head_calibration
4679,4,single_head_calibration
4680,9,single_head_calibration
4681,9,single_head_calibration
4682,3,single_head_calibration
4683,4,single_head_calibration
4684,1,single_head_calibration
4685,4,single_head_calibration
4686,0,single_head_calibration
4687,3,single_head_calibration
4688,7,single_head_calibration
4689,1,single_head_calibration
4690,2,single_head_calibration
4691,2,single_head_calibration
4692,8,single_head_calibration
4693,4,single_head_calibration
4694,7,single_head_calibration
4695,8,single_head_calibration
4696,5,single_head_calibration
4697,5,single_head_calibration
4698,6,single_head_calibration
4699,5,single_head_calibration
4700,6,single_head_calibration
4701,0,single_head_calibration
4702,6,single_head_calibration
4703,4,single_head_calibration
4704,9,single_head_calibration
4705,3,single_head_calibration
4706,2,single_head_calibration
4707,7,single_head_calibration
4708,3,single_head_calibration
4709,8,single_head_calibration
4710,3,single_head_calibration
4711,9,single_head_calibration
4712,4,single_head_calibration
4713,1,single_head_calibration
4714,6,single_head_calibration
4715,9,single_head_calibration
4716,9,single_head_calibration
4717,4,single_head_calibration
4718,3,single_head_calibration
4719,9,single_head_calibration
4720,8,single_head_calibration
4721,1,single_head_calibration
4722,6,single_head_calibration
4723,9,multihead_evaluation
4724,5,single_head_calibration
4725,9,single_head_calibration
4726,0,single_head_calibration
4727,9,single_head_calibration
4728,7,single_head_calibration
4729,2,single_head_calibration
4730,2,multihead_evaluation
4731,4,single_head_calibration
4732,2,single_head_calibration
4733,6,single_head_calibration
4734,4,single_head_calibration
4735,8,single_head_calibration
4736,1,single_head_calibration
4737,9,single_head_calibration
4738,5,single_head_calibration
4739,6,multihead_evaluation
4740,5,single_head_calibration
4741,1,single_head_calibration
4742,8,single_head_calibration
4743,6,single_head_calibration
4744,6,single_head_calibration
4745,7,single_head_calibration
4746,6,single_head_calibration
4747,5,single_head_calibration
4748,0,single_head_calibration
4749,2,single_head_calibration
4750,7,single_head_calibration
4751,6,single_head_calibration
4752,1,single_head_calibration
4753,2,single_head_calibration
4754,3,single_head_calibration
4755,1,single_head_calibration
4756,6,multihead_evaluation
4757,4,single_head_calibration
4758,9,single_head_calibration
4759,0,single_head_calibration
4760,3,single_head_calibration
4761,9,multihead_evaluation
4762,1,single_head_calibration
4763,0,single_head_calibration
4764,5,multihead_evaluation
4765,3,single_head_calibration
4766,1,single_head_calibration
4767,6,single_head_calibration
4768,9,single_head_calibration
4769,8,single_head_calibration
4770,9,single_head_calibration
4771,0,single_head_calibration
4772,6,multihead_evaluation
4773,1,single_head_calibration
4774,6,single_head_calibration
4775,2,multihead_evaluation
4776,3,single_head_calibration
4777,5,single_head_calibration
4778,6,single_head_calibration
4779,9,single_head_calibration
4780,0,single_head_calibration
4781,7,single_head_calibration
4782,2,multihead_evaluation
4783,4,multihead_evaluation
4784,0,multihead_evaluation
4785,3,single_head_calibration
4786,6,single_head_calibration
4787,8,single_head_calibration
4788,6,single_head_calibration
4789,9,single_head_calibration
4790,1,single_head_calibration
4791,9,single_head_calibration
4792,0,single_head_calibration
4793,6,single_head_calibration
4794,4,single_head_calibration
4795,5,single_head_calibration
4796,9,single_head_calibration
4797,5,single_head_calibration
4798,4,single_head_calibration
4799,1,single_head_calibration
4800,9,single_head_calibration
4801,2,single_head_calibration
4802,0,single_head_calibration
4803,7,single_head_calibration
4804,3,single_head_calibration
4805,5,single_head_calibration
4806,1,single_head_calibration
4807,8,single_head_calibration
4808,3,single_head_calibration
4809,0,single_head_calibration
4810,5,single_head_calibration
4811,2,single_head_calibration
4812,8,single_head_calibration
4813,8,single_head_calibration
4814,3,single_head_calibration
4815,9,single_head_calibration
4816,6,single_head_calibration
4817,0,single_head_calibration
4818,3,single_head_calibration
4819,5,single_head_calibration
4820,3,multihead_evaluation
4821,4,single_head_calibration
4822,1,single_head_calibration
4823,5,multihead_evaluation
4824,0,single_head_calibration
4825,7,single_head_calibration
4826,3,single_head_calibration
4827,9,single_head_calibration
4828,4,multihead_evaluation
4829,5,single_head_calibration
4830,3,single_head_calibration
4831,1,single_head_calibration
4832,4,single_head_calibration
4833,2,single_head_calibration
4834,4,single_head_calibration
4835,9,single_head_calibration
4836,9,single_head_calibration
4837,7,multihead_evaluation
4838,1,single_head_calibration
4839,7,single_head_calibration
4840,0,single_head_calibration
4841,1,single_head_calibration
4842,2,single_head_calibration
4843,1,single_head_calibration
4844,5,single_head_calibration
4845,3,single_head_calibration
4846,8,single_head_calibration
4847,4,single_head_calibration
4848,1,single_head_calibration
4849,5,single_head_calibration
4850,1,single_head_calibration
4851,9,single_head_calibration
4852,9,single_head_calibration
4853,7,single_head_calibration
4854,0,single_head_calibration
4855,1,single_head_calibration
4856,7,single_head_calibration
4857,6,single_head_calibration
4858,2,single_head_calibration
4859,6,single_head_calibration
4860,5,single_head_calibration
4861,0,single_head_calibration
4862,3,single_head_calibration
4863,1,multihead_evaluation
4864,3,single_head_calibration
4865,8,single_head_calibration
4866,9,single_head_calibration
4867,9,single_head_calibration
4868,0,single_head_calibration
4869,8,single_head_calibration
4870,8,single_head_calibration
4871,7,multihead_evaluation
4872,9,multihead_evaluation
4873,2,single_head_calibration
4874,9,single_head_calibration
4875,1,single_head_calibration
4876,3,single_head_calibration
4877,6,single_head_calibration
4878,7,single_head_calibration
4879,6,single_head_calibration
4880,0,multihead_evaluation
4881,8,single_head_calibration
4882,6,single_head_calibration
4883,2,single_head_calibration
4884,4,single_head_calibration
4885,2,multihead_evaluation
4886,3,single_head_calibration
4887,5,single_head_calibration
4888,5,single_head_calibration
4889,4,single_head_calibration
4890,1,single_head_calibration
4891,6,single_head_calibration
4892,7,single_head_calibration
4893,1,single_head_calibration
4894,6,multihead_evaluation
4895,1,single_head_calibration
4896,7,single_head_calibration
4897,1,single_head_calibration
4898,6,single_head_calibration
4899,2,single_head_calibration
4900,3,single_head_calibration
4901,0,single_head_calibration
4902,4,multihead_evaluation
4903,2,single_head_calibration
4904,9,single_head_calibration
4905,7,single_head_calibration
4906,5,single_head_calibration
4907,5,single_head_calibration
4908,6,single_head_calibration
4909,0,single_head_calibration
4910,8,multihead_evaluation
4911,8,single_head_calibration
4912,1,single_head_calibration
4913,1,single_head_calibration
4914,3,single_head_calibration
4915,5,single_head_calibration
4916,6,single_head_calibration
4917,5,single_head_calibration
4918,3,multihead_evaluation
4919,8,single_head_calibration
4920,7,single_head_calibration
4921,5,single_head_calibration
4922,0,single_head_calibration
4923,7,multihead_evaluation
4924,7,single_head_calibration
4925,5,single_head_calibration
4926,7,single_head_calibration
4927,1,single_head_calibration
4928,9,single_head_calibration
4929,9,single_head_calibration
4930,1,single_head_calibration
4931,9,single_head_calibration
4932,9,single_head_calibration
4933,3,single_head_calibration
4934,5,single_head_calibration
4935,5,single_head_calibration
4936,3,single_head_calibration
4937,0,single_head_calibration
4938,3,multihead_evaluation
4939,0,single_head_calibration
4940,6,single_head_calibration
4941,6,single_head_calibration
4942,5,single_head_calibration
4943,6,single_head_calibration
4944,8,single_head_calibration
4945,9,single_head_calibration
4946,4,single_head_calibration
4947,5,single_head_calibration
4948,1,single_head_calibration
4949,1,single_head_calibration
4950,2,single_head_calibration
4951,7,single_head_calibration
4952,9,multihead_evaluation
4953,0,single_head_calibration
4954,1,single_head_calibration
4955,2,single_head_calibration
4956,5,single_head_calibration
4957,4,single_head_calibration
4958,4,single_head_calibration
4959,7,single_head_calibration
4960,4,single_head_calibration
4961,8,single_head_calibration
4962,3,single_head_calibration
4963,3,single_head_calibration
4964,5,single_head_calibration
4965,3,single_head_calibration
4966,5,single_head_calibration
4967,7,single_head_calibration
4968,0,single_head_calibration
4969,1,single_head_calibration
4970,2,multihead_evaluation
4971,9,single_head_calibration
4972,8,multihead_evaluation
4973,1,single_head_calibration
4974,7,single_head_calibration
4975,3,single_head_calibration
4976,5,single_head_calibration
4977,9,single_head_calibration
4978,1,single_head_calibration
4979,9,single_head_calibration
4980,1,single_head_calibration
4981,1,single_head_calibration
4982,3,multihead_evaluation
4983,6,single_head_calibration
4984,7,single_head_calibration
4985,4,multihead_evaluation
4986,8,single_head_calibration
4987,3,single_head_calibration
4988,5,single_head_calibration
4989,6,single_head_calibration
4990,7,single_head_calibration
4991,0,single_head_calibration
4992,1,single_head_calibration
4993,7,single_head_calibration
4994,7,single_head_calibration
4995,2,single_head_calibration
4996,3,single_head_calibration
4997,3,single_head_calibration
4998,5,single_head_calibration
4999,1,single_head_calibration
5000,7,single_head_calibration
5001,6,single_head_calibration
5002,8,single_head_calibration
5003,4,single_head_calibration
5004,4,single_head_calibration
5005,5,single_head_calibration
5006,7,single_head_calibration
5007,3,single_head_calibration
5008,4,single_head_calibration
5009,7,single_head_calibration
5010,7,single_head_calibration
5011,3,single_head_calibration
5012,6,single_head_calibration
5013,0,single_head_calibration
5014,7,single_head_calibration
5015,2,single_head_calibration
5016,6,single_head_calibration
5017,7,single_head_calibration
5018,4,single_head_calibration
5019,1,single_head_calibration
5020,8,single_head_calibration
5021,0,multihead_evaluation
5022,2,single_head_calibration
5023,2,single_head_calibration
5024,1,single_head_calibration
5025,5,single_head_calibration
5026,4,single_head_calibration
5027,0,single_head_calibration
5028,9,single_head_calibration
5029,3,single_head_calibration
5030,4,single_head_calibration
5031,4,single_head_calibration
5032,2,single_head_calibration
5033,3,single_head_calibration
5034,8,single_head_calibration
5035,5,single_head_calibration
5036,0,single_head_calibration
5037,0,single_head_calibration
5038,4,single_head_calibration
5039,6,single_head_calibration
5040,3,single_head_calibration
5041,9,single_head_calibration
5042,2,single_head_calibration
5043,0,single_head_calibration
5044,5,single_head_calibration
5045,7,single_head_calibration
5046,5,single_head_calibration
5047,5,single_head_calibration
5048,1,single_head_calibration
5049,7,single_head_calibration
5050,3,single_head_calibration
5051,1,single_head_calibration
5052,6,single_head_calibration
5053,7,single_head_calibration
5054,9,single_head_calibration
5055,0,single_head_calibration
5056,1,single_head_calibration
5057,2,single_head_calibration
5058,1,single_head_calibration
5059,4,single_head_calibration
5060,6,single_head_calibration
5061,1,single_head_calibration
5062,5,single_head_calibration
5063,9,single_head_calibration
5064,5,single_head_calibration
5065,0,multihead_evaluation
5066,4,single_head_calibration
5067,9,single_head_calibration
5068,4,single_head_calibration
5069,9,single_head_calibration
5070,7,single_head_calibration
5071,1,multihead_evaluation
5072,6,single_head_calibration
5073,8,single_head_calibration
5074,0,single_head_calibration
5075,6,single_head_calibration
5076,5,single_head_calibration
5077,0,single_head_calibration
5078,8,single_head_calibration
5079,1,single_head_calibration
5080,7,single_head_calibration
5081,5,single_head_calibration
5082,6,multihead_evaluation
5083,9,single_head_calibration
5084,3,single_head_calibration
5085,2,single_head_calibration
5086,3,single_head_calibration
5087,9,single_head_calibration
5088,8,single_head_calibration
5089,6,single_head_calibration
5090,1,single_head_calibration
5091,0,single_head_calibration
5092,9,single_head_calibration
5093,0,single_head_calibration
5094,9,single_head_calibration
5095,8,single_head_calibration
5096,7,multihead_evaluation
5097,7,single_head_calibration
5098,5,single_head_calibration
5099,2,single_head_calibration
5100,3,single_head_calibration
5101,5,single_head_calibration
5102,5,single_head_calibration
5103,7,single_head_calibration
5104,8,single_head_calibration
5105,7,multihead_evaluation
5106,6,single_head_calibration
5107,9,single_head_calibration
5108,1,single_head_calibration
5109,9,single_head_calibration
5110,8,single_head_calibration
5111,6,single_head_calibration
5112,5,single_head_calibration
5113,6,single_head_calibration
5114,7,single_head_calibration
5115,5,single_head_calibration
5116,6,single_head_calibration
5117,7,single_head_calibration
5118,2,single_head_calibration
5119,5,single_head_calibration
5120,9,single_head_calibration
5121,6,single_head_calibration
5122,6,single_head_calibration
5123,7,single_head_calibration
5124,0,single_head_calibration
5125,1,multihead_evaluation
5126,0,single_head_calibration
5127,1,single_head_calibration
5128,3,single_head_calibration
5129,2,single_head_calibration
5130,5,single_head_calibration
5131,6,single_head_calibration
5132,1,single_head_calibration
5133,2,single_head_calibration
5134,5,single_head_calibration
5135,1,multihead_evaluation
5136,9,single_head_calibration
5137,9,single_head_calibration
5138,8,single_head_calibration
5139,6,single_head_calibration
5140,8,single_head_calibration
5141,6,single_head_calibration
5142,8,single_head_calibration
5143,9,single_head_calibration
5144,0,single_head_calibration
5145,4,single_head_calibration
5146,0,single_head_calibration
5147,3,single_head_calibration
5148,3,single_head_calibration
5149,6,single_head_calibration
5150,4,single_head_calibration
5151,9,single_head_calibration
5152,9,single_head_calibration
5153,7,single_head_calibration
5154,2,single_head_calibration
5155,3,single_head_calibration
5156,5,single_head_calibration
5157,6,multihead_evaluation
5158,4,single_head_calibration
5159,6,single_head_calibration
5160,0,single_head_calibration
5161,3,single_head_calibration
5162,7,single_head_calibration
5163,5,single_head_calibration
5164,0,single_head_calibration
5165,2,single_head_calibration
5166,9,multihead_evaluation
5167,2,single_head_calibration
5168,7,single_head_calibration
5169,2,single_head_calibration
5170,9,single_head_calibration
5171,2,single_head_calibration
5172,4,single_head_calibration
5173,0,single_head_calibration
5174,6,single_head_calibration
5175,6,single_head_calibration
5176,3,single_head_calibration
5177,4,single_head_calibration
5178,5,multihead_evaluation
5179,5,single_head_calibration
5180,9,single_head_calibration
5181,1,single_head_calibration
5182,1,multihead_evaluation
5183,4,single_head_calibration
5184,4,single_head_calibration
5185,3,single_head_calibration
5186,5,single_head_calibration
5187,4,single_head_calibration
5188,8,single_head_calibration
5189,0,single_head_calibration
5190,0,single_head_calibration
5191,3,single_head_calibration
5192,9,single_head_calibration
5193,4,single_head_calibration
5194,7,single_head_calibration
5195,4,single_head_calibration
5196,2,single_head_calibration
5197,8,single_head_calibration
5198,3,single_head_calibration
5199,6,single_head_calibration
5200,3,multihead_evaluation
5201,1,single_head_calibration
5202,9,single_head_calibration
5203,6,single_head_calibration
5204,3,single_head_calibration
5205,8,single_head_calibration
5206,3,single_head_calibration
5207,8,single_head_calibration
5208,4,single_head_calibration
5209,7,single_head_calibration
5210,5,single_head_calibration
5211,7,single_head_calibration
5212,5,single_head_calibration
5213,3,single_head_calibration
5214,1,single_head_calibration
5215,2,single_head_calibration
5216,6,single_head_calibration
5217,1,single_head_calibration
5218,3,multihead_evaluation
5219,2,multihead_evaluation
5220,0,single_head_calibration
5221,7,multihead_evaluation
5222,5,single_head_calibration
5223,0,single_head_calibration
5224,0,multihead_evaluation
5225,0,single_head_calibration
5226,1,single_head_calibration
5227,4,multihead_evaluation
5228,3,single_head_calibration
5229,5,single_head_calibration
5230,8,single_head_calibration
5231,4,single_head_calibration
5232,3,single_head_calibration
5233,1,single_head_calibration
5234,7,multihead_evaluation
5235,1,single_head_calibration
5236,0,single_head_calibration
5237,4,single_head_calibration
5238,2,single_head_calibration
5239,4,single_head_calibration
5240,1,single_head_calibration
5241,4,single_head_calibration
5242,0,single_head_calibration
5243,1,single_head_calibration
5244,2,single_head_calibration
5245,1,single_head_calibration
5246,7,single_head_calibration
5247,7,single_head_calibration
5248,9,single_head_calibration
5249,8,single_head_calibration
5250,7,single_head_calibration
5251,5,multihead_evaluation
5252,4,single_head_calibration
5253,0,single_head_calibration
5254,9,multihead_evaluation
5255,0,single_head_calibration
5256,0,single_head_calibration
5257,8,single_head_calibration
5258,2,multihead_evaluation
5259,0,single_head_calibration
5260,0,single_head_calibration
5261,2,single_head_calibration
5262,4,single_head_calibration
5263,8,single_head_calibration
5264,6,single_head_calibration
5265,2,single_head_calibration
5266,4,single_head_calibration
5267,6,single_head_calibration
5268,3,multihead_evaluation
5269,5,single_head_calibration
5270,1,single_head_calibration
5271,5,single_head_calibration
5272,3,single_head_calibration
5273,7,single_head_calibration
5274,2,single_head_calibration
5275,2,single_head_calibration
5276,9,single_head_calibration
5277,8,single_head_calibration
5278,0,single_head_calibration
5279,0,single_head_calibration
5280,0,single_head_calibration
5281,3,single_head_calibration
5282,4,single_head_calibration
5283,4,multihead_evaluation
5284,6,single_head_calibration
5285,1,single_head_calibration
5286,6,single_head_calibration
5287,7,single_head_calibration
5288,4,single_head_calibration
5289,4,single_head_calibration
5290,3,single_head_calibration
5291,9,single_head_calibration
5292,4,single_head_calibration
5293,0,single_head_calibration
5294,8,single_head_calibration
5295,0,single_head_calibration
5296,4,single_head_calibration
5297,6,single_head_calibration
5298,5,single_head_calibration
5299,7,single_head_calibration
5300,9,single_head_calibration
5301,7,single_head_calibration
5302,0,single_head_calibration
5303,5,single_head_calibration
5304,7,single_head_calibration
5305,7,single_head_calibration
5306,3,multihead_evaluation
5307,1,single_head_calibration
5308,9,single_head_calibration
5309,3,multihead_evaluation
5310,0,single_head_calibration
5311,9,single_head_calibration
5312,5,single_head_calibration
5313,3,single_head_calibration
5314,7,single_head_calibration
5315,9,single_head_calibration
5316,4,single_head_calibration
5317,4,single_head_calibration
5318,1,single_head_calibration
5319,7,single_head_calibration
5320,7,single_head_calibration
5321,1,single_head_calibration
5322,4,single_head_calibration
5323,1,multihead_evaluation
5324,2,single_head_calibration
5325,8,single_head_calibration
5326,7,multihead_evaluation
5327,0,single_head_calibration
5328,0,single_head_calibration
5329,4,multihead_evaluation
5330,7,single_head_calibration
5331,2,single_head_calibration
5332,9,single_head_calibration
5333,7,single_head_calibration
5334,6,single_head_calibration
5335,9,single_head_calibration
5336,3,single_head_calibration
5337,5,multihead_evaluation
5338,8,single_head_calibration
5339,0,single_head_calibration
5340,3,single_head_calibration
5341,6,single_head_calibration
5342,8,single_head_calibration
5343,3,single_head_calibration
5344,2,single_head_calibration
5345,4,multihead_evaluation
5346,7,single_head_calibration
5347,1,single_head_calibration
5348,1,single_head_calibration
5349,3,single_head_calibration
5350,9,single_head_calibration
5351,7,single_head_calibration
5352,5,single_head_calibration
5353,1,multihead_evaluation
5354,0,single_head_calibration
5355,8,single_head_calibration
5356,7,single_head_calibration
5357,0,single_head_calibration
5358,1,single_head_calibration
5359,6,single_head_calibration
5360,9,single_head_calibration
5361,3,single_head_calibration
5362,2,multihead_evaluation
5363,7,single_head_calibration
5364,7,single_head_calibration
5365,8,single_head_calibration
5366,1,multihead_evaluation
5367,0,single_head_calibration
5368,3,single_head_calibration
5369,4,single_head_calibration
5370,6,single_head_calibration
5371,7,single_head_calibration
5372,5,single_head_calibration
5373,2,single_head_calibration
5374,0,single_head_calibration
5375,1,single_head_calibration
5376,5,single_head_calibration
5377,5,single_head_calibration
5378,1,single_head_calibration
5379,4,single_head_calibration
5380,1,single_head_calibration
5381,3,single_head_calibration
5382,0,single_head_calibration
5383,8,single_head_calibration
5384,6,single_head_calibration
5385,2,single_head_calibration
5386,1,single_head_calibration
5387,3,multihead_evaluation
5388,6,single_head_calibration
5389,4,single_head_calibration
5390,1,single_head_calibration
5391,9,multihead_evaluation
5392,0,multihead_evaluation
5393,4,multihead_evaluation
5394,1,single_head_calibration
5395,0,single_head_calibration
5396,1,single_head_calibration
5397,9,single_head_calibration
5398,8,single_head_calibration
5399,6,single_head_calibration
5400,9,single_head_calibration
5401,2,single_head_calibration
5402,4,single_head_calibration
5403,7,single_head_calibration
5404,2,single_head_calibration
5405,2,single_head_calibration
5406,7,single_head_calibration
5407,4,single_head_calibration
5408,9,single_head_calibration
5409,1,single_head_calibration
5410,3,single_head_calibration
5411,2,single_head_calibration
5412,6,single_head_calibration
5413,3,single_head_calibration
5414,4,single_head_calibration
5415,4,single_head_calibration
5416,9,single_head_calibration
5417,4,single_head_calibration
5418,8,single_head_calibration
5419,2,single_head_calibration
5420,6,single_head_calibration
5421,6,single_head_calibration
5422,1,single_head_calibration
5423,6,single_head_calibration
5424,3,single_head_calibration
5425,6,single_head_calibration
5426,5,single_head_calibration
5427,8,multihead_evaluation
5428,4,multihead_evaluation
5429,6,single_head_calibration
5430,7,single_head_calibration
5431,1,single_head_calibration
5432,9,multihead_evaluation
5433,3,single_head_calibration
5434,6,single_head_calibration
5435,7,single_head_calibration
5436,6,single_head_calibration
5437,0,single_head_calibration
5438,7,single_head_calibration
5439,1,single_head_calibration
5440,9,single_head_calibration
5441,5,single_head_calibration
5442,2,multihead_evaluation
5443,6,single_head_calibration
5444,7,single_head_calibration
5445,7,single_head_calibration
5446,6,single_head_calibration
5447,5,multihead_evaluation
5448,9,single_head_calibration
5449,1,single_head_calibration
5450,5,single_head_calibration
5451,6,single_head_calibration
5452,0,single_head_calibration
5453,2,single_head_calibration
5454,0,single_head_calibration
5455,9,single_head_calibration
5456,1,multihead_evaluation
5457,8,single_head_calibration
5458,3,single_head_calibration
5459,5,multihead_evaluation
5460,0,single_head_calibration
5461,0,single_head_calibration
5462,0,single_head_calibration
5463,5,single_head_calibration
5464,7,single_head_calibration
5465,7,single_head_calibration
5466,8,single_head_calibration
5467,5,single_head_calibration
5468,5,single_head_calibration
5469,5,single_head_calibration
5470,1,multihead_evaluation
5471,6,single_head_calibration
5472,1,single_head_calibration
5473,5,single_head_calibration
5474,1,single_head_calibration
5475,0,single_head_calibration
5476,6,single_head_calibration
5477,2,single_head_calibration
5478,3,single_head_calibration
5479,2,multihead_evaluation
5480,1,multihead_evaluation
5481,7,single_head_calibration
5482,5,multihead_evaluation
5483,1,single_head_calibration
5484,9,single_head_calibration
5485,8,single_head_calibration
5486,3,single_head_calibration
5487,6,single_head_calibration
5488,9,single_head_calibration
5489,7,single_head_calibration
5490,3,single_head_calibration
5491,0,single_head_calibration
5492,2,single_head_calibration
5493,3,single_head_calibration
5494,9,single_head_calibration
5495,4,single_head_calibration
5496,4,single_head_calibration
5497,3,single_head_calibration
5498,9,multihead_evaluation
5499,6,single_head_calibration
5500,8,single_head_calibration
5501,6,single_head_calibration
5502,6,multihead_evaluation
5503,8,single_head_calibration
5504,5,single_head_calibration
5505,4,single_head_calibration
5506,3,single_head_calibration
5507,6,single_head_calibration
5508,7,single_head_calibration
5509,7,single_head_calibration
5510,4,single_head_calibration
5511,3,single_head_calibration
5512,9,single_head_calibration
5513,6,single_head_calibration
5514,2,single_head_calibration
5515,4,single_head_calibration
5516,0,single_head_calibration
5517,1,single_head_calibration
5518,3,single_head_calibration
5519,6,single_head_calibration
5520,4,single_head_calibration
5521,9,single_head_calibration
5522,2,single_head_calibration
5523,6,single_head_calibration
5524,0,single_head_calibration
5525,3,single_head_calibration
5526,8,single_head_calibration
5527,7,single_head_calibration
5528,5,single_head_calibration
5529,3,single_head_calibration
5530,3,single_head_calibration
5531,8,single_head_calibration
5532,3,single_head_calibration
5533,2,single_head_calibration
5534,6,single_head_calibration
5535,3,single_head_calibration
5536,6,multihead_evaluation
5537,2,single_head_calibration
5538,7,single_head_calibration
5539,4,single_head_calibration
5540,5,multihead_evaluation
5541,7,single_head_calibration
5542,9,single_head_calibration
5543,0,single_head_calibration
5544,0,multihead_evaluation
5545,6,single_head_calibration
5546,7,single_head_calibration
5547,2,single_head_calibration
5548,8,single_head_calibration
5549,5,single_head_calibration
5550,5,single_head_calibration
5551,7,single_head_calibration
5552,5,single_head_calibration
5553,5,single_head_calibration
5554,9,single_head_calibration
5555,4,single_head_calibration
5556,6,single_head_calibration
5557,4,single_head_calibration
5558,7,single_head_calibration
5559,3,single_head_calibration
5560,3,single_head_calibration
5561,6,single_head_calibration
5562,4,single_head_calibration
5563,1,single_head_calibration
5564,6,single_head_calibration
5565,3,single_head_calibration
5566,1,single_head_calibration
5567,6,single_head_calibration
5568,7,single_head_calibration
5569,0,single_head_calibration
5570,5,single_head_calibration
5571,0,single_head_calibration
5572,1,single_head_calibration
5573,9,single_head_calibration
5574,7,single_head_calibration
5575,3,single_head_calibration
5576,5,single_head_calibration
5577,2,single_head_calibration
5578,3,single_head_calibration
5579,9,single_head_calibration
5580,5,single_head_calibration
5581,6,single_head_calibration
5582,4,single_head_calibration
5583,0,single_head_calibration
5584,0,single_head_calibration
5585,0,single_head_calibration
5586,8,single_head_calibration
5587,0,single_head_calibration
5588,3,single_head_calibration
5589,2,single_head_calibration
5590,4,single_head_calibration
5591,5,single_head_calibration
5592,3,single_head_calibration
5593,7,single_head_calibration
5594,9,single_head_calibration
5595,6,single_head_calibration
5596,9,single_head_calibration
5597,3,single_head_calibration
5598,1,single_head_calibration
5599,2,single_head_calibration
5600,6,single_head_calibration
5601,7,single_head_calibration
5602,4,single_head_calibration
5603,5,single_head_calibration
5604,1,single_head_calibration
5605,3,single_head_calibration
5606,7,single_head_calibration
5607,6,single_head_calibration
5608,9,multihead_evaluation
5609,5,single_head_calibration
5610,8,single_head_calibration
5611,5,single_head_calibration
5612,8,single_head_calibration
5613,5,single_head_calibration
5614,8,single_head_calibration
5615,5,single_head_calibration
5616,6,single_head_calibration
5617,5,single_head_calibration
5618,0,single_head_calibration
5619,8,single_head_calibration
5620,3,single_head_calibration
5621,8,single_head_calibration
5622,1,single_head_calibration
5623,8,single_head_calibration
5624,1,single_head_calibration
5625,5,single_head_calibration
5626,0,single_head_calibration
5627,9,single_head_calibration
5628,8,single_head_calibration
5629,6,single_head_calibration
5630,3,single_head_calibration
5631,6,single_head_calibration
5632,3,single_head_calibration
5633,4,single_head_calibration
5634,4,single_head_calibration
5635,7,single_head_calibration
5636,4,single_head_calibration
5637,7,single_head_calibration
5638,4,single_head_calibration
5639,3,single_head_calibration
5640,2,single_head_calibration
5641,4,single_head_calibration
5642,5,single_head_calibration
5643,5,multihead_evaluation
5644,7,single_head_calibration
5645,5,single_head_calibration
5646,4,single_head_calibration
5647,5,single_head_calibration
5648,8,single_head_calibration
5649,0,single_head_calibration
5650,5,multihead_evaluation
5651,4,single_head_calibration
5652,0,single_head_calibration
5653,5,single_head_calibration
5654,4,multihead_evaluation
5655,3,multihead_evaluation
5656,3,single_head_calibration
5657,2,single_head_calibration
5658,4,single_head_calibration
5659,2,single_head_calibration
5660,9,multihead_evaluation
5661,4,single_head_calibration
5662,8,single_head_calibration
5663,8,single_head_calibration
5664,6,single_head_calibration
5665,2,single_head_calibration
5666,6,multihead_evaluation
5667,1,single_head_calibration
5668,7,single_head_calibration
5669,0,single_head_calibration
5670,4,multihead_evaluation
5671,3,single_head_calibration
5672,8,single_head_calibration
5673,5,single_head_calibration
5674,9,multihead_evaluation
5675,7,single_head_calibration
5676,6,multihead_evaluation
5677,7,single_head_calibration
5678,1,single_head_calibration
5679,0,multihead_evaluation
5680,2,single_head_calibration
5681,3,single_head_calibration
5682,5,single_head_calibration
5683,6,single_head_calibration
5684,7,single_head_calibration
5685,1,single_head_calibration
5686,6,single_head_calibration
5687,2,single_head_calibration
5688,8,multihead_evaluation
5689,3,single_head_calibration
5690,7,single_head_calibration
5691,2,single_head_calibration
5692,5,single_head_calibration
5693,7,single_head_calibration
5694,5,single_head_calibration
5695,7,single_head_calibration
5696,7,single_head_calibration
5697,1,single_head_calibration
5698,7,single_head_calibration
5699,4,multihead_evaluation
5700,3,single_head_calibration
5701,3,single_head_calibration
5702,4,single_head_calibration
5703,0,single_head_calibration
5704,4,single_head_calibration
5705,2,single_head_calibration
5706,7,single_head_calibration
5707,0,single_head_calibration
5708,2,single_head_calibration
5709,2,single_head_calibration
5710,6,single_head_calibration
5711,6,multihead_evaluation
5712,2,single_head_calibration
5713,5,single_head_calibration
5714,2,single_head_calibration
5715,6,single_head_calibration
5716,0,single_head_calibration
5717,6,single_head_calibration
5718,1,single_head_calibration
5719,2,single_head_calibration
5720,9,single_head_calibration
5721,0,single_head_calibration
5722,0,single_head_calibration
5723,1,single_head_calibration
5724,5,single_head_calibration
5725,5,single_head_calibration
5726,1,single_head_calibration
5727,6,single_head_calibration
5728,7,single_head_calibration
5729,8,single_head_calibration
5730,5,single_head_calibration
5731,6,multihead_evaluation
5732,3,single_head_calibration
5733,3,single_head_calibration
5734,6,single_head_calibration
5735,0,single_head_calibration
5736,9,single_head_calibration
5737,9,single_head_calibration
5738,2,single_head_calibration
5739,2,single_head_calibration
5740,6,single_head_calibration
5741,1,single_head_calibration
5742,4,single_head_calibration
5743,6,single_head_calibration
5744,2,single_head_calibration
5745,5,single_head_calibration
5746,7,single_head_calibration
5747,8,single_head_calibration
5748,8,single_head_calibration
5749,5,multihead_evaluation
5750,6,single_head_calibration
5751,4,single_head_calibration
5752,3,single_head_calibration
5753,2,single_head_calibration
5754,3,single_head_calibration
5755,4,single_head_calibration
5756,4,single_head_calibration
5757,4,single_head_calibration
5758,8,single_head_calibration
5759,9,multihead_evaluation
5760,2,single_head_calibration
5761,6,multihead_evaluation
5762,0,single_head_calibration
5763,9,single_head_calibration
5764,7,single_head_calibration
5765,9,single_head_calibration
5766,8,single_head_calibration
5767,7,multihead_evaluation
5768,7,single_head_calibration
5769,3,single_head_calibration
5770,8,single_head_calibration
5771,2,single_head_calibration
5772,9,single_head_calibration
5773,3,single_head_calibration
5774,5,single_head_calibration
5775,7,single_head_calibration
5776,5,single_head_calibration
5777,8,single_head_calibration
5778,7,single_head_calibration
5779,3,single_head_calibration
5780,7,single_head_calibration
5781,0,multihead_evaluation
5782,7,single_head_calibration
5783,1,single_head_calibration
5784,6,single_head_calibration
5785,2,single_head_calibration
5786,4,single_head_calibration
5787,0,single_head_calibration
5788,0,single_head_calibration
5789,2,single_head_calibration
5790,9,single_head_calibration
5791,8,single_head_calibration
5792,2,single_head_calibration
5793,8,single_head_calibration
5794,7,single_head_calibration
5795,7,single_head_calibration
5796,5,single_head_calibration
5797,5,single_head_calibration
5798,0,single_head_calibration
5799,1,multihead_evaluation
5800,2,single_head_calibration
5801,9,single_head_calibration
5802,6,single_head_calibration
5803,1,single_head_calibration
5804,0,single_head_calibration
5805,1,single_head_calibration
5806,0,single_head_calibration
5807,6,single_head_calibration
5808,5,single_head_calibration
5809,0,single_head_calibration
5810,5,single_head_calibration
5811,7,multihead_evaluation
5812,4,single_head_calibration
5813,4,single_head_calibration
5814,8,single_head_calibration
5815,3,single_head_calibration
5816,5,single_head_calibration
5817,3,single_head_calibration
5818,7,single_head_calibration
5819,2,single_head_calibration
5820,5,single_head_calibration
5821,8,multihead_evaluation
5822,3,single_head_calibration
5823,5,single_head_calibration
5824,7,single_head_calibration
5825,3,single_head_calibration
5826,7,single_head_calibration
5827,0,single_head_calibration
5828,5,single_head_calibration
5829,4,single_head_calibration
5830,5,single_head_calibration
5831,6,single_head_calibration
5832,9,single_head_calibration
5833,3,multihead_evaluation
5834,5,single_head_calibration
5835,3,single_head_calibration
5836,8,single_head_calibration
5837,2,single_head_calibration
5838,4,single_head_calibration
5839,2,multihead_evaluation
5840,2,single_head_calibration
5841,6,single_head_calibration
5842,7,single_head_calibration
5843,6,single_head_calibration
5844,0,multihead_evaluation
5845,5,single_head_calibration
5846,5,single_head_calibration
5847,8,single_head_calibration
5848,4,multihead_evaluation
5849,5,single_head_calibration
5850,6,multihead_evaluation
5851,1,single_head_calibration
5852,3,single_head_calibration
5853,5,multihead_evaluation
5854,4,single_head_calibration
5855,7,single_head_calibration
5856,3,single_head_calibration
5857,0,single_head_calibration
5858,7,single_head_calibration
5859,2,single_head_calibration
5860,0,multihead_evaluation
5861,1,single_head_calibration
5862,2,multihead_evaluation
5863,4,single_head_calibration
5864,9,single_head_calibration
5865,6,multihead_evaluation
5866,4,single_head_calibration
5867,5,single_head_calibration
5868,9,multihead_evaluation
5869,7,single_head_calibration
5870,7,single_head_calibration
5871,6,single_head_calibration
5872,7,single_head_calibration
5873,4,single_head_calibration
5874,3,single_head_calibration
5875,1,single_head_calibration
5876,6,single_head_calibration
5877,9,single_head_calibration
5878,4,single_head_calibration
5879,8,single_head_calibration
5880,0,single_head_calibration
5881,3,single_head_calibration
5882,1,single_head_calibration
5883,6,single_head_calibration
5884,4,single_head_calibration
5885,4,single_head_calibration
5886,2,single_head_calibration
5887,1,single_head_calibration
5888,4,single_head_calibration
5889,6,multihead_evaluation
5890,3,multihead_evaluation
5891,0,multihead_evaluation
5892,8,single_head_calibration
5893,9,single_head_calibration
5894,7,single_head_calibration
5895,6,single_head_calibration
5896,8,single_head_calibration
5897,4,single_head_calibration
5898,8,single_head_calibration
5899,1,single_head_calibration
5900,4,single_head_calibration
5901,5,single_head_calibration
5902,9,single_head_calibration
5903,4,single_head_calibration
5904,7,single_head_calibration
5905,1,single_head_calibration
5906,4,multihead_evaluation
5907,5,single_head_calibration
5908,3,single_head_calibration
5909,1,single_head_calibration
5910,2,multihead_evaluation
5911,6,single_head_calibration
5912,4,single_head_calibration
5913,7,single_head_calibration
5914,1,single_head_calibration
5915,5,single_head_calibration
5916,9,single_head_calibration
5917,3,single_head_calibration
5918,1,single_head_calibration
5919,4,single_head_calibration
5920,8,single_head_calibration
5921,7,single_head_calibration
5922,7,single_head_calibration
5923,0,single_head_calibration
5924,4,single_head_calibration
5925,3,single_head_calibration
5926,4,single_head_calibration
5927,6,single_head_calibration
5928,7,single_head_calibration
5929,7,single_head_calibration
5930,5,single_head_calibration
5931,4,single_head_calibration
5932,4,single_head_calibration
5933,4,single_head_calibration
5934,3,single_head_calibration
5935,6,single_head_calibration
5936,6,single_head_calibration
5937,1,single_head_calibration
5938,9,single_head_calibration
5939,9,single_head_calibration
5940,7,multihead_evaluation
5941,9,multihead_evaluation
5942,4,single_head_calibration
5943,3,single_head_calibration
5944,2,single_head_calibration
5945,9,single_head_calibration
5946,8,single_head_calibration
5947,5,single_head_calibration
5948,0,single_head_calibration
5949,6,single_head_calibration
5950,9,multihead_evaluation
5951,0,single_head_calibration
5952,9,single_head_calibration
5953,7,single_head_calibration
5954,8,multihead_evaluation
5955,5,single_head_calibration
5956,4,single_head_calibration
5957,4,single_head_calibration
5958,9,single_head_calibration
5959,4,single_head_calibration
5960,2,single_head_calibration
5961,6,single_head_calibration
5962,6,single_head_calibration
5963,9,single_head_calibration
5964,9,single_head_calibration
5965,7,single_head_calibration
5966,9,single_head_calibration
5967,9,single_head_calibration
5968,0,multihead_evaluation
5969,5,single_head_calibration
5970,1,single_head_calibration
5971,1,single_head_calibration
5972,8,single_head_calibration
5973,6,single_head_calibration
5974,9,single_head_calibration
5975,9,single_head_calibration
5976,5,single_head_calibration
5977,6,single_head_calibration
5978,5,single_head_calibration
5979,5,single_head_calibration
5980,9,single_head_calibration
5981,7,single_head_calibration
5982,9,single_head_calibration
5983,4,single_head_calibration
5984,5,single_head_calibration
5985,4,multihead_evaluation
5986,3,single_head_calibration
5987,3,single_head_calibration
5988,9,single_head_calibration
5989,8,single_head_calibration
5990,8,single_head_calibration
5991,3,single_head_calibration
5992,4,single_head_calibration
5993,8,single_head_calibration
5994,4,single_head_calibration
5995,0,single_head_calibration
5996,4,single_head_calibration
5997,0,single_head_calibration
5998,7,single_head_calibration
5999,2,single_head_calibration
6000,8,single_head_calibration
6001,0,multihead_evaluation
6002,2,single_head_calibration
6003,0,multihead_evaluation
6004,7,single_head_calibration
6005,4,single_head_calibration
6006,0,single_head_calibration
6007,6,single_head_calibration
6008,3,single_head_calibration
6009,3,single_head_calibration
6010,1,multihead_evaluation
6011,7,single_head_calibration
6012,4,single_head_calibration
6013,6,single_head_calibration
6014,5,single_head_calibration
6015,0,single_head_calibration
6016,4,single_head_calibration
6017,9,single_head_calibration
6018,5,single_head_calibration
6019,6,single_head_calibration
6020,6,single_head_calibration
6021,3,single_head_calibration
6022,0,single_head_calibration
6023,5,single_head_calibration
6024,2,single_head_calibration
6025,6,single_head_calibration
6026,3,single_head_calibration
6027,3,single_head_calibration
6028,8,multihead_evaluation
6029,0,single_head_calibration
6030,8,single_head_calibration
6031,5,single_head_calibration
6032,4,single_head_calibration
6033,2,single_head_calibration
6034,9,single_head_calibration
6035,5,single_head_calibration
6036,0,single_head_calibration
6037,5,single_head_calibration
6038,4,single_head_calibration
6039,8,single_head_calibration
6040,2,multihead_evaluation
6041,7,single_head_calibration
6042,6,single_head_calibration
6043,5,single_head_calibration
6044,7,single_head_calibration
6045,8,single_head_calibration
6046,2,single_head_calibration
6047,0,single_head_calibration
6048,1,multihead_evaluation
6049,8,single_head_calibration
6050,2,single_head_calibration
6051,4,single_head_calibration
6052,8,single_head_calibration
6053,4,single_head_calibration
6054,3,single_head_calibration
6055,0,single_head_calibration
6056,4,single_head_calibration
6057,0,single_head_calibration
6058,1,single_head_calibration
6059,9,single_head_calibration
6060,3,single_head_calibration
6061,0,single_head_calibration
6062,3,single_head_calibration
6063,6,single_head_calibration
6064,5,single_head_calibration
6065,5,single_head_calibration
6066,2,single_head_calibration
6067,8,multihead_evaluation
6068,5,single_head_calibration
6069,0,single_head_calibration
6070,8,single_head_calibration
6071,7,single_head_calibration
6072,5,single_head_calibration
6073,2,single_head_calibration
6074,4,single_head_calibration
6075,3,single_head_calibration
6076,7,multihead_evaluation
6077,0,multihead_evaluation
6078,2,multihead_evaluation
6079,3,single_head_calibration
6080,1,single_head_calibration
6081,0,multihead_evaluation
6082,0,single_head_calibration
6083,2,single_head_calibration
6084,1,single_head_calibration
6085,2,single_head_calibration
6086,1,single_head_calibration
6087,4,single_head_calibration
6088,6,single_head_calibration
6089,7,single_head_calibration
6090,1,single_head_calibration
6091,0,single_head_calibration
6092,5,single_head_calibration
6093,2,single_head_calibration
6094,5,single_head_calibration
6095,9,single_head_calibration
6096,2,single_head_calibration
6097,5,single_head_calibration
6098,6,single_head_calibration
6099,7,single_head_calibration
6100,1,single_head_calibration
6101,9,single_head_calibration
6102,3,single_head_calibration
6103,6,single_head_calibration
6104,1,single_head_calibration
6105,0,single_head_calibration
6106,2,single_head_calibration
6107,9,single_head_calibration
6108,4,single_head_calibration
6109,2,single_head_calibration
6110,9,single_head_calibration
6111,3,single_head_calibration
6112,8,single_head_calibration
6113,2,single_head_calibration
6114,9,single_head_calibration
6115,8,single_head_calibration
6116,5,single_head_calibration
6117,1,single_head_calibration
6118,0,single_head_calibration
6119,1,single_head_calibration
6120,5,single_head_calibration
6121,2,single_head_calibration
6122,5,single_head_calibration
6123,6,single_head_calibration
6124,8,single_head_calibration
6125,8,single_head_calibration
6126,3,single_head_calibration
6127,5,single_head_calibration
6128,0,single_head_calibration
6129,4,single_head_calibration
6130,1,single_head_calibration
6131,3,single_head_calibration
6132,7,single_head_calibration
6133,0,single_head_calibration
6134,3,single_head_calibration
6135,3,single_head_calibration
6136,9,single_head_calibration
6137,2,single_head_calibration
6138,3,single_head_calibration
6139,9,single_head_calibration
6140,9,single_head_calibration
6141,8,single_head_calibration
6142,5,multihead_evaluation
6143,9,single_head_calibration
6144,7,multihead_evaluation
6145,2,single_head_calibration
6146,0,single_head_calibration
6147,9,single_head_calibration
6148,4,multihead_evaluation
6149,7,multihead_evaluation
6150,1,multihead_evaluation
6151,7,single_head_calibration
6152,6,single_head_calibration
6153,4,single_head_calibration
6154,4,single_head_calibration
6155,8,single_head_calibration
6156,9,single_head_calibration
6157,0,single_head_calibration
6158,7,single_head_calibration
6159,1,single_head_calibration
6160,2,single_head_calibration
6161,4,single_head_calibration
6162,0,single_head_calibration
6163,3,single_head_calibration
6164,7,multihead_evaluation
6165,5,single_head_calibration
6166,1,single_head_calibration
6167,9,single_head_calibration
6168,3,single_head_calibration
6169,5,single_head_calibration
6170,2,single_head_calibration
6171,4,single_head_calibration
6172,1,single_head_calibration
6173,1,single_head_calibration
6174,3,single_head_calibration
6175,3,single_head_calibration
6176,9,single_head_calibration
6177,2,single_head_calibration
6178,5,multihead_evaluation
6179,8,single_head_calibration
6180,0,single_head_calibration
6181,8,multihead_evaluation
6182,1,single_head_calibration
6183,5,single_head_calibration
6184,1,single_head_calibration
6185,5,single_head_calibration
6186,9,multihead_evaluation
6187,0,single_head_calibration
6188,9,single_head_calibration
6189,2,single_head_calibration
6190,4,single_head_calibration
6191,0,multihead_evaluation
6192,6,single_head_calibration
6193,9,single_head_calibration
6194,1,single_head_calibration
6195,1,single_head_calibration
6196,3,single_head_calibration
6197,4,multihead_evaluation
6198,9,single_head_calibration
6199,5,single_head_calibration
6200,3,single_head_calibration
6201,3,single_head_calibration
6202,3,single_head_calibration
6203,3,single_head_calibration
6204,4,single_head_calibration
6205,1,single_head_calibration
6206,5,single_head_calibration
6207,9,multihead_evaluation
6208,8,single_head_calibration
6209,7,single_head_calibration
6210,4,multihead_evaluation
6211,8,single_head_calibration
6212,7,single_head_calibration
6213,3,single_head_calibration
6214,5,single_head_calibration
6215,2,single_head_calibration
6216,5,single_head_calibration
6217,8,single_head_calibration
6218,9,multihead_evaluation
6219,7,single_head_calibration
6220,2,multihead_evaluation
6221,0,single_head_calibration
6222,0,single_head_calibration
6223,7,multihead_evaluation
6224,5,single_head_calibration
6225,3,single_head_calibration
6226,5,single_head_calibration
6227,7,single_head_calibration
6228,4,single_head_calibration
6229,6,single_head_calibration
6230,2,single_head_calibration
6231,8,single_head_calibration
6232,2,single_head_calibration
6233,7,single_head_calibration
6234,7,single_head_calibration
6235,6,single_head_calibration
6236,1,single_head_calibration
6237,3,single_head_calibration
6238,8,single_head_calibration
6239,6,single_head_calibration
6240,2,single_head_calibration
6241,0,single_head_calibration
6242,4,single_head_calibration
6243,4,single_head_calibration
6244,8,multihead_evaluation
6245,6,single_head_calibration
6246,4,single_head_calibration
6247,0,single_head_calibration
6248,2,single_head_calibration
6249,5,single_head_calibration
6250,4,single_head_calibration
6251,1,single_head_calibration
6252,2,single_head_calibration
6253,5,single_head_calibration
6254,4,single_head_calibration
6255,6,single_head_calibration
6256,9,single_head_calibration
6257,5,single_head_calibration
6258,0,single_head_calibration
6259,5,single_head_calibration
6260,2,single_head_calibration
6261,0,single_head_calibration
6262,8,single_head_calibration
6263,2,multihead_evaluation
6264,6,single_head_calibration
6265,4,single_head_calibration
6266,7,single_head_calibration
6267,9,single_head_calibration
6268,5,single_head_calibration
6269,7,single_head_calibration
6270,2,single_head_calibration
6271,6,single_head_calibration
6272,2,single_head_calibration
6273,1,single_head_calibration
6274,9,single_head_calibration
6275,9,single_head_calibration
6276,7,multihead_evaluation
6277,2,single_head_calibration
6278,5,single_head_calibration
6279,1,multihead_evaluation
6280,8,single_head_calibration
6281,1,multihead_evaluation
6282,6,single_head_calibration
6283,3,single_head_calibration
6284,0,single_head_calibration
6285,8,single_head_calibration
6286,8,single_head_calibration
6287,5,single_head_calibration
6288,6,single_head_calibration
6289,9,single_head_calibration
6290,9,single_head_calibration
6291,9,single_head_calibration
6292,6,single_head_calibration
6293,3,single_head_calibration
6294,0,single_head_calibration
6295,8,single_head_calibration
6296,8,single_head_calibration
6297,5,single_head_calibration
6298,3,single_head_calibration
6299,3,single_head_calibration
6300,1,single_head_calibration
6301,1,multihead_evaluation
6302,0,single_head_calibration
6303,7,multihead_evaluation
6304,0,single_head_calibration
6305,6,single_head_calibration
6306,0,multihead_evaluation
6307,4,single_head_calibration
6308,4,single_head_calibration
6309,6,single_head_calibration
6310,5,single_head_calibration
6311,3,single_head_calibration
6312,2,single_head_calibration
6313,9,single_head_calibration
6314,6,single_head_calibration
6315,6,single_head_calibration
6316,7,single_head_calibration
6317,9,single_head_calibration
6318,7,single_head_calibration
6319,7,single_head_calibration
6320,0,single_head_calibration
6321,8,single_head_calibration
6322,4,single_head_calibration
6323,2,single_head_calibration
6324,7,single_head_calibration
6325,7,single_head_calibration
6326,7,single_head_calibration
6327,4,single_head_calibration
6328,0,single_head_calibration
6329,1,single_head_calibration
6330,6,multihead_evaluation
6331,0,single_head_calibration
6332,5,single_head_calibration
6333,3,single_head_calibration
6334,0,multihead_evaluation
6335,2,single_head_calibration
6336,4,single_head_calibration
6337,9,single_head_calibration
6338,7,multihead_evaluation
6339,3,single_head_calibration
6340,3,single_head_calibration
6341,2,single_head_calibration
6342,8,single_head_calibration
6343,8,single_head_calibration
6344,5,single_head_calibration
6345,3,single_head_calibration
6346,8,single_head_calibration
6347,0,single_head_calibration
6348,8,single_head_calibration
6349,0,single_head_calibration
6350,0,single_head_calibration
6351,0,single_head_calibration
6352,2,single_head_calibration
6353,2,single_head_calibration
6354,7,single_head_calibration
6355,0,single_head_calibration
6356,7,single_head_calibration
6357,7,single_head_calibration
6358,7,single_head_calibration
6359,2,single_head_calibration
6360,2,single_head_calibration
6361,0,single_head_calibration
6362,4,single_head_calibration
6363,0,single_head_calibration
6364,3,multihead_evaluation
6365,7,single_head_calibration
6366,8,single_head_calibration
6367,4,single_head_calibration
6368,7,single_head_calibration
6369,9,single_head_calibration
6370,6,single_head_calibration
6371,1,single_head_calibration
6372,1,single_head_calibration
6373,6,single_head_calibration
6374,9,multihead_evaluation
6375,3,single_head_calibration
6376,8,single_head_calibration
6377,9,single_head_calibration
6378,5,single_head_calibration
6379,8,single_head_calibration
6380,3,single_head_calibration
6381,9,single_head_calibration
6382,4,single_head_calibration
6383,3,multihead_evaluation
6384,7,single_head_calibration
6385,5,single_head_calibration
6386,5,single_head_calibration
6387,2,single_head_calibration
6388,7,single_head_calibration
6389,5,single_head_calibration
6390,7,single_head_calibration
6391,9,single_head_calibration
6392,6,single_head_calibration
6393,3,single_head_calibration
6394,0,single_head_calibration
6395,8,single_head_calibration
6396,4,single_head_calibration
6397,5,single_head_calibration
6398,6,single_head_calibration
6399,1,single_head_calibration
6400,0,multihead_evaluation
6401,4,single_head_calibration
6402,8,single_head_calibration
6403,4,multihead_evaluation
6404,7,single_head_calibration
6405,1,single_head_calibration
6406,3,single_head_calibration
6407,2,single_head_calibration
6408,0,single_head_calibration
6409,9,single_head_calibration
6410,1,single_head_calibration
6411,8,single_head_calibration
6412,8,single_head_calibration
6413,6,single_head_calibration
6414,8,single_head_calibration
6415,1,single_head_calibration
6416,7,single_head_calibration
6417,1,single_head_calibration
6418,0,single_head_calibration
6419,9,single_head_calibration
6420,7,multihead_evaluation
6421,6,single_head_calibration
6422,4,single_head_calibration
6423,5,single_head_calibration
6424,8,single_head_calibration
6425,2,single_head_calibration
6426,1,single_head_calibration
6427,2,single_head_calibration
6428,5,multihead_evaluation
6429,8,single_head_calibration
6430,1,single_head_calibration
6431,1,multihead_evaluation
6432,8,single_head_calibration
6433,8,single_head_calibration
6434,0,single_head_calibration
6435,9,single_head_calibration
6436,0,single_head_calibration
6437,0,single_head_calibration
6438,4,single_head_calibration
6439,3,single_head_calibration
6440,3,single_head_calibration
6441,5,single_head_calibration
6442,6,single_head_calibration
6443,6,multihead_evaluation
6444,3,single_head_calibration
6445,1,multihead_evaluation
6446,4,single_head_calibration
6447,4,single_head_calibration
6448,7,single_head_calibration
6449,8,single_head_calibration
6450,0,single_head_calibration
6451,1,single_head_calibration
6452,4,single_head_calibration
6453,8,single_head_calibration
6454,4,single_head_calibration
6455,6,single_head_calibration
6456,2,single_head_calibration
6457,2,single_head_calibration
6458,2,single_head_calibration
6459,6,multihead_evaluation
6460,3,single_head_calibration
6461,4,single_head_calibration
6462,0,multihead_evaluation
6463,8,single_head_calibration
6464,1,single_head_calibration
6465,3,single_head_calibration
6466,8,multihead_evaluation
6467,3,single_head_calibration
6468,8,single_head_calibration
6469,9,single_head_calibration
6470,1,single_head_calibration
6471,6,single_head_calibration
6472,1,single_head_calibration
6473,9,single_head_calibration
6474,8,single_head_calibration
6475,2,single_head_calibration
6476,0,single_head_calibration
6477,4,single_head_calibration
6478,7,single_head_calibration
6479,4,single_head_calibration
6480,0,single_head_calibration
6481,0,single_head_calibration
6482,7,single_head_calibration
6483,6,single_head_calibration
6484,8,single_head_calibration
6485,9,single_head_calibration
6486,8,single_head_calibration
6487,6,multihead_evaluation
6488,2,single_head_calibration
6489,8,multihead_evaluation
6490,8,multihead_evaluation
6491,0,single_head_calibration
6492,1,single_head_calibration
6493,1,single_head_calibration
6494,0,single_head_calibration
6495,7,single_head_calibration
6496,7,multihead_evaluation
6497,4,single_head_calibration
6498,4,single_head_calibration
6499,7,single_head_calibration
6500,7,single_head_calibration
6501,2,single_head_calibration
6502,6,single_head_calibration
6503,6,single_head_calibration
6504,7,multihead_evaluation
6505,4,single_head_calibration
6506,5,single_head_calibration
6507,4,single_head_calibration
6508,0,single_head_calibration
6509,9,single_head_calibration
6510,4,single_head_calibration
6511,7,single_head_calibration
6512,2,multihead_evaluation
6513,5,single_head_calibration
6514,3,single_head_calibration
6515,2,single_head_calibration
6516,2,single_head_calibration
6517,7,single_head_calibration
6518,6,single_head_calibration
6519,2,single_head_calibration
6520,6,single_head_calibration
6521,4,single_head_calibration
6522,9,single_head_calibration
6523,6,single_head_calibration
6524,8,single_head_calibration
6525,3,single_head_calibration
6526,8,single_head_calibration
6527,5,single_head_calibration
6528,5,single_head_calibration
6529,2,multihead_evaluation
6530,3,single_head_calibration
6531,4,single_head_calibration
6532,5,multihead_evaluation
6533,2,single_head_calibration
6534,7,multihead_evaluation
6535,5,multihead_evaluation
6536,1,single_head_calibration
6537,5,single_head_calibration
6538,3,single_head_calibration
6539,7,single_head_calibration
6540,8,single_head_calibration
6541,8,multihead_evaluation
6542,9,multihead_evaluation
6543,6,single_head_calibration
6544,0,single_head_calibration
6545,9,single_head_calibration
6546,2,single_head_calibration
6547,6,single_head_calibration
6548,0,single_head_calibration
6549,0,single_head_calibration
6550,1,single_head_calibration
6551,4,single_head_calibration
6552,1,single_head_calibration
6553,3,single_head_calibration
6554,5,single_head_calibration
6555,1,single_head_calibration
6556,8,single_head_calibration
6557,9,single_head_calibration
6558,6,single_head_calibration
6559,2,single_head_calibration
6560,6,single_head_calibration
6561,9,multihead_evaluation
6562,5,single_head_calibration
6563,6,single_head_calibration
6564,5,single_head_calibration
6565,9,multihead_evaluation
6566,1,single_head_calibration
6567,4,single_head_calibration
6568,2,single_head_calibration
6569,8,single_head_calibration
6570,9,single_head_calibration
6571,5,single_head_calibration
6572,4,single_head_calibration
6573,7,multihead_evaluation
6574,0,single_head_calibration
6575,3,multihead_evaluation
6576,7,single_head_calibration
6577,1,single_head_calibration
6578,6,single_head_calibration
6579,9,single_head_calibration
6580,1,single_head_calibration
6581,1,single_head_calibration
6582,4,single_head_calibration
6583,0,single_head_calibration
6584,5,single_head_calibration
6585,1,single_head_calibration
6586,6,single_head_calibration
6587,3,single_head_calibration
6588,0,single_head_calibration
6589,2,single_head_calibration
6590,5,single_head_calibration
6591,5,single_head_calibration
6592,5,single_head_calibration
6593,2,single_head_calibration
6594,8,single_head_calibration
6595,2,single_head_calibration
6596,3,single_head_calibration
6597,1,single_head_calibration
6598,6,single_head_calibration
6599,2,single_head_calibration
6600,7,single_head_calibration
6601,0,single_head_calibration
6602,8,single_head_calibration
6603,9,single_head_calibration
6604,2,single_head_calibration
6605,6,single_head_calibration
6606,4,multihead_evaluation
6607,7,single_head_calibration
6608,5,single_head_calibration
6609,5,single_head_calibration
6610,8,single_head_calibration
6611,8,single_head_calibration
6612,7,single_head_calibration
6613,8,single_head_calibration
6614,5,single_head_calibration
6615,7,single_head_calibration
6616,4,single_head_calibration
6617,4,single_head_calibration
6618,0,single_head_calibration
6619,0,single_head_calibration
6620,7,single_head_calibration
6621,0,multihead_evaluation
6622,4,single_head_calibration
6623,0,single_head_calibration
6624,4,single_head_calibration
6625,4,single_head_calibration
6626,2,multihead_evaluation
6627,5,single_head_calibration
6628,4,multihead_evaluation
6629,0,single_head_calibration
6630,7,single_head_calibration
6631,7,multihead_evaluation
6632,7,single_head_calibration
6633,0,single_head_calibration
6634,4,multihead_evaluation
6635,6,single_head_calibration
6636,2,single_head_calibration
6637,9,single_head_calibration
6638,1,single_head_calibration
6639,1,single_head_calibration
6640,5,single_head_calibration
6641,0,single_head_calibration
6642,9,single_head_calibration
6643,1,single_head_calibration
6644,0,single_head_calibration
6645,6,single_head_calibration
6646,5,single_head_calibration
6647,3,single_head_calibration
6648,0,single_head_calibration
6649,9,single_head_calibration
6650,0,single_head_calibration
6651,6,single_head_calibration
6652,2,single_head_calibration
6653,0,single_head_calibration
6654,4,single_head_calibration
6655,1,single_head_calibration
6656,6,single_head_calibration
6657,7,single_head_calibration
6658,6,single_head_calibration
6659,1,multihead_evaluation
6660,0,single_head_calibration
6661,4,single_head_calibration
6662,6,single_head_calibration
6663,0,single_head_calibration
6664,4,single_head_calibration
6665,4,single_head_calibration
6666,2,single_head_calibration
6667,7,single_head_calibration
6668,6,single_head_calibration
6669,5,single_head_calibration
6670,3,single_head_calibration
6671,5,single_head_calibration
6672,9,single_head_calibration
6673,4,single_head_calibration
6674,5,single_head_calibration
6675,2,single_head_calibration
6676,0,single_head_calibration
6677,5,single_head_calibration
6678,7,single_head_calibration
6679,2,single_head_calibration
6680,3,single_head_calibration
6681,9,single_head_calibration
6682,4,single_head_calibration
6683,5,single_head_calibration
6684,8,single_head_calibration
6685,1,single_head_calibration
6686,9,single_head_calibration
6687,3,multihead_evaluation
6688,1,single_head_calibration
6689,8,single_head_calibration
6690,5,multihead_evaluation
6691,8,single_head_calibration
6692,6,single_head_calibration
6693,6,single_head_calibration
6694,3,single_head_calibration
6695,4,single_head_calibration
6696,0,multihead_evaluation
6697,2,single_head_calibration
6698,3,single_head_calibration
6699,2,single_head_calibration
6700,6,single_head_calibration
6701,1,single_head_calibration
6702,8,single_head_calibration
6703,2,single_head_calibration
6704,1,single_head_calibration
6705,3,multihead_evaluation
6706,6,multihead_evaluation
6707,2,single_head_calibration
6708,2,single_head_calibration
6709,3,single_head_calibration
6710,3,single_head_calibration
6711,5,single_head_calibration
6712,0,single_head_calibration
6713,2,single_head_calibration
6714,1,single_head_calibration
6715,2,single_head_calibration
6716,8,single_head_calibration
6717,0,single_head_calibration
6718,8,single_head_calibration
6719,2,single_head_calibration
6720,2,multihead_evaluation
6721,7,single_head_calibration
6722,3,single_head_calibration
6723,5,single_head_calibration
6724,9,single_head_calibration
6725,8,single_head_calibration
6726,3,single_head_calibration
6727,6,single_head_calibration
6728,1,single_head_calibration
6729,0,single_head_calibration
6730,8,single_head_calibration
6731,6,single_head_calibration
6732,3,single_head_calibration
6733,5,single_head_calibration
6734,8,single_head_calibration
6735,9,single_head_calibration
6736,4,single_head_calibration
6737,8,single_head_calibration
6738,0,single_head_calibration
6739,0,single_head_calibration
6740,2,single_head_calibration
6741,9,single_head_calibration
6742,1,multihead_evaluation
6743,8,single_head_calibration
6744,3,multihead_evaluation
6745,7,single_head_calibration
6746,2,single_head_calibration
6747,8,single_head_calibration
6748,0,single_head_calibration
6749,9,single_head_calibration
6750,4,single_head_calibration
6751,8,single_head_calibration
6752,9,single_head_calibration
6753,4,single_head_calibration
6754,8,multihead_evaluation
6755,9,single_head_calibration
6756,5,multihead_evaluation
6757,4,single_head_calibration
6758,8,single_head_calibration
6759,1,single_head_calibration
6760,5,single_head_calibration
6761,5,single_head_calibration
6762,7,single_head_calibration
6763,2,single_head_calibration
6764,5,single_head_calibration
6765,8,multihead_evaluation
6766,8,single_head_calibration
6767,1,single_head_calibration
6768,2,single_head_calibration
6769,3,single_head_calibration
6770,1,single_head_calibration
6771,5,single_head_calibration
6772,0,single_head_calibration
6773,2,single_head_calibration
6774,3,single_head_calibration
6775,0,single_head_calibration
6776,8,single_head_calibration
6777,2,single_head_calibration
6778,2,single_head_calibration
6779,8,single_head_calibration
6780,7,single_head_calibration
6781,3,single_head_calibration
6782,5,single_head_calibration
6783,3,single_head_calibration
6784,9,single_head_calibration
6785,6,single_head_calibration
6786,3,single_head_calibration
6787,5,single_head_calibration
6788,1,single_head_calibration
6789,1,single_head_calibration
6790,7,single_head_calibration
6791,7,single_head_calibration
6792,3,single_head_calibration
6793,3,single_head_calibration
6794,8,single_head_calibration
6795,9,single_head_calibration
6796,6,single_head_calibration
6797,0,single_head_calibration
6798,8,single_head_calibration
6799,0,single_head_calibration
6800,6,multihead_evaluation
6801,6,single_head_calibration
6802,4,multihead_evaluation
6803,6,single_head_calibration
6804,9,single_head_calibration
6805,1,single_head_calibration
6806,1,single_head_calibration
6807,7,single_head_calibration
6808,0,single_head_calibration
6809,6,single_head_calibration
6810,8,single_head_calibration
6811,9,single_head_calibration
6812,0,multihead_evaluation
6813,6,single_head_calibration
6814,9,single_head_calibration
6815,0,single_head_calibration
6816,1,single_head_calibration
6817,1,single_head_calibration
6818,7,multihead_evaluation
6819,2,single_head_calibration
6820,1,single_head_calibration
6821,0,single_head_calibration
6822,4,single_head_calibration
6823,5,single_head_calibration
6824,0,single_head_calibration
6825,3,single_head_calibration
6826,6,single_head_calibration
6827,3,single_head_calibration
6828,3,single_head_calibration
6829,8,single_head_calibration
6830,1,single_head_calibration
6831,8,single_head_calibration
6832,1,single_head_calibration
6833,3,single_head_calibration
6834,1,multihead_evaluation
6835,5,single_head_calibration
6836,4,single_head_calibration
6837,5,single_head_calibration
6838,1,multihead_evaluation
6839,8,single_head_calibration
6840,9,single_head_calibration
6841,1,single_head_calibration
6842,3,single_head_calibration
6843,1,single_head_calibration
6844,7,single_head_calibration
6845,2,single_head_calibration
6846,9,single_head_calibration
6847,8,single_head_calibration
6848,9,single_head_calibration
6849,4,single_head_calibration
6850,6,single_head_calibration
6851,0,single_head_calibration
6852,9,single_head_calibration
6853,4,single_head_calibration
6854,0,single_head_calibration
6855,4,single_head_calibration
6856,6,single_head_calibration
6857,2,single_head_calibration
6858,1,single_head_calibration
6859,3,single_head_calibration
6860,0,single_head_calibration
6861,8,single_head_calibration
6862,5,single_head_calibration
6863,6,multihead_evaluation
6864,0,single_head_calibration
6865,3,single_head_calibration
6866,4,single_head_calibration
6867,6,single_head_calibration
6868,9,single_head_calibration
6869,5,single_head_calibration
6870,7,single_head_calibration
6871,9,single_head_calibration
6872,0,single_head_calibration
6873,3,single_head_calibration
6874,6,multihead_evaluation
6875,5,single_head_calibration
6876,7,single_head_calibration
6877,0,multihead_evaluation
6878,5,single_head_calibration
6879,1,single_head_calibration
6880,2,single_head_calibration
6881,2,single_head_calibration
6882,9,single_head_calibration
6883,7,multihead_evaluation
6884,0,single_head_calibration
6885,0,single_head_calibration
6886,1,single_head_calibration
6887,4,single_head_calibration
6888,4,single_head_calibration
6889,5,single_head_calibration
6890,5,single_head_calibration
6891,9,single_head_calibration
6892,6,single_head_calibration
6893,3,single_head_calibration
6894,6,single_head_calibration
6895,2,single_head_calibration
6896,6,single_head_calibration
6897,9,multihead_evaluation
6898,3,single_head_calibration
6899,2,single_head_calibration
6900,3,single_head_calibration
6901,2,single_head_calibration
6902,4,single_head_calibration
6903,9,single_head_calibration
6904,5,single_head_calibration
6905,2,single_head_calibration
6906,1,multihead_evaluation
6907,6,single_head_calibration
6908,6,single_head_calibration
6909,4,single_head_calibration
6910,7,single_head_calibration
6911,6,multihead_evaluation
6912,3,single_head_calibration
6913,3,single_head_calibration
6914,8,single_head_calibration
6915,1,single_head_calibration
6916,4,multihead_evaluation
6917,6,single_head_calibration
6918,4,single_head_calibration
6919,4,single_head_calibration
6920,5,single_head_calibration
6921,6,single_head_calibration
6922,2,single_head_calibration
6923,0,single_head_calibration
6924,5,single_head_calibration
6925,2,single_head_calibration
6926,7,multihead_evaluation
6927,5,multihead_evaluation
6928,2,single_head_calibration
6929,5,single_head_calibration
6930,2,single_head_calibration
6931,5,single_head_calibration
6932,9,multihead_evaluation
6933,0,single_head_calibration
6934,6,single_head_calibration
6935,7,single_head_calibration
6936,9,single_head_calibration
6937,8,single_head_calibration
6938,3,multihead_evaluation
6939,2,single_head_calibration
6940,1,single_head_calibration
6941,4,single_head_calibration
6942,3,multihead_evaluation
6943,4,single_head_calibration
6944,5,single_head_calibration
6945,5,single_head_calibration
6946,6,single_head_calibration
6947,8,single_head_calibration
6948,6,multihead_evaluation
6949,0,single_head_calibration
6950,8,single_head_calibration
6951,9,single_head_calibration
6952,8,single_head_calibration
6953,0,multihead_evaluation
6954,7,single_head_calibration
6955,7,single_head_calibration
6956,6,single_head_calibration
6957,6,multihead_evaluation
6958,7,single_head_calibration
6959,5,multihead_evaluation
6960,9,single_head_calibration
6961,8,single_head_calibration
6962,7,single_head_calibration
6963,9,single_head_calibration
6964,5,single_head_calibration
6965,6,single_head_calibration
6966,0,single_head_calibration
6967,4,single_head_calibration
6968,8,single_head_calibration
6969,2,single_head_calibration
6970,0,single_head_calibration
6971,9,single_head_calibration
6972,1,single_head_calibration
6973,3,single_head_calibration
6974,9,multihead_evaluation
6975,8,single_head_calibration
6976,3,single_head_calibration
6977,7,single_head_calibration
6978,4,single_head_calibration
6979,5,single_head_calibration
6980,0,single_head_calibration
6981,2,multihead_evaluation
6982,1,single_head_calibration
6983,9,single_head_calibration
6984,1,single_head_calibration
6985,0,single_head_calibration
6986,5,single_head_calibration
6987,8,multihead_evaluation
6988,4,single_head_calibration
6989,7,single_head_calibration
6990,3,single_head_calibration
6991,1,single_head_calibration
6992,4,single_head_calibration
6993,5,multihead_evaluation
6994,3,single_head_calibration
6995,1,multihead_evaluation
6996,0,single_head_calibration
6997,8,single_head_calibration
6998,8,single_head_calibration
6999,8,single_head_calibration
7000,2,multihead_evaluation
7001,1,single_head_calibration
7002,3,single_head_calibration
7003,7,single_head_calibration
7004,3,multihead_evaluation
7005,1,single_head_calibration
7006,6,single_head_calibration
7007,9,single_head_calibration
7008,1,single_head_calibration
7009,6,single_head_calibration
7010,0,single_head_calibration
7011,7,single_head_calibration
7012,7,single_head_calibration
7013,1,single_head_calibration
7014,3,single_head_calibration
7015,3,single_head_calibration
7016,3,single_head_calibration
7017,1,single_head_calibration
7018,0,single_head_calibration
7019,2,single_head_calibration
7020,7,single_head_calibration
7021,1,single_head_calibration
7022,2,multihead_evaluation
7023,2,multihead_evaluation
7024,9,single_head_calibration
7025,6,multihead_evaluation
7026,3,single_head_calibration
7027,5,single_head_calibration
7028,9,single_head_calibration
7029,4,single_head_calibration
7030,8,single_head_calibration
7031,0,single_head_calibration
7032,4,single_head_calibration
7033,8,single_head_calibration
7034,0,single_head_calibration
7035,1,single_head_calibration
7036,3,single_head_calibration
7037,7,single_head_calibration
7038,0,single_head_calibration
7039,4,single_head_calibration
7040,7,single_head_calibration
7041,4,single_head_calibration
7042,8,single_head_calibration
7043,6,single_head_calibration
7044,4,single_head_calibration
7045,3,single_head_calibration
7046,9,multihead_evaluation
7047,8,single_head_calibration
7048,2,single_head_calibration
7049,2,single_head_calibration
7050,8,single_head_calibration
7051,3,single_head_calibration
7052,1,single_head_calibration
7053,1,multihead_evaluation
7054,2,single_head_calibration
7055,8,single_head_calibration
7056,2,single_head_calibration
7057,6,single_head_calibration
7058,9,single_head_calibration
7059,4,single_head_calibration
7060,8,single_head_calibration
7061,4,single_head_calibration
7062,4,single_head_calibration
7063,1,single_head_calibration
7064,5,single_head_calibration
7065,2,single_head_calibration
7066,6,single_head_calibration
7067,9,single_head_calibration
7068,2,single_head_calibration
7069,0,single_head_calibration
7070,7,single_head_calibration
7071,1,multihead_evaluation
7072,8,multihead_evaluation
7073,9,multihead_evaluation
7074,3,single_head_calibration
7075,9,single_head_calibration
7076,9,single_head_calibration
7077,0,single_head_calibration
7078,7,single_head_calibration
7079,7,single_head_calibration
7080,5,single_head_calibration
7081,4,single_head_calibration
7082,2,single_head_calibration
7083,6,single_head_calibration
7084,4,single_head_calibration
7085,5,single_head_calibration
7086,7,single_head_calibration
7087,7,single_head_calibration
7088,8,single_head_calibration
7089,7,multihead_evaluation
7090,2,single_head_calibration
7091,6,single_head_calibration
7092,2,single_head_calibration
7093,2,single_head_calibration
7094,4,single_head_calibration
7095,4,single_head_calibration
7096,0,single_head_calibration
7097,7,single_head_calibration
7098,1,single_head_calibration
7099,3,single_head_calibration
7100,9,single_head_calibration
7101,6,single_head_calibration
7102,0,single_head_calibration
7103,0,single_head_calibration
7104,2,single_head_calibration
7105,3,single_head_calibration
7106,8,single_head_calibration
7107,2,single_head_calibration
7108,2,single_head_calibration
7109,4,single_head_calibration
7110,3,single_head_calibration
7111,5,single_head_calibration
7112,2,single_head_calibration
7113,9,single_head_calibration
7114,1,single_head_calibration
7115,0,single_head_calibration
7116,0,single_head_calibration
7117,6,single_head_calibration
7118,5,multihead_evaluation
7119,5,single_head_calibration
7120,7,single_head_calibration
7121,9,multihead_evaluation
7122,9,single_head_calibration
7123,6,single_head_calibration
7124,5,single_head_calibration
7125,5,single_head_calibration
7126,0,single_head_calibration
7127,5,single_head_calibration
7128,7,single_head_calibration
7129,1,multihead_evaluation
7130,6,single_head_calibration
7131,6,multihead_evaluation
7132,4,single_head_calibration
7133,1,single_head_calibration
7134,4,single_head_calibration
7135,4,single_head_calibration
7136,1,single_head_calibration
7137,5,single_head_calibration
7138,0,single_head_calibration
7139,0,single_head_calibration
7140,4,single_head_calibration
7141,5,single_head_calibration
7142,8,single_head_calibration
7143,4,single_head_calibration
7144,8,single_head_calibration
7145,3,single_head_calibration
7146,0,single_head_calibration
7147,5,single_head_calibration
7148,0,multihead_evaluation
7149,5,single_head_calibration
7150,3,single_head_calibration
7151,1,single_head_calibration
7152,6,single_head_calibration
7153,7,single_head_calibration
7154,0,single_head_calibration
7155,9,single_head_calibration
7156,1,single_head_calibration
7157,5,single_head_calibration
7158,7,multihead_evaluation
7159,6,single_head_calibration
7160,5,single_head_calibration
7161,5,single_head_calibration
7162,5,single_head_calibration
7163,6,single_head_calibration
7164,0,single_head_calibration
7165,0,single_head_calibration
7166,1,single_head_calibration
7167,7,single_head_calibration
7168,5,single_head_calibration
7169,1,single_head_calibration
7170,9,single_head_calibration
7171,2,single_head_calibration
7172,4,single_head_calibration
7173,1,single_head_calibration
7174,3,single_head_calibration
7175,7,multihead_evaluation
7176,8,single_head_calibration
7177,2,single_head_calibration
7178,0,single_head_calibration
7179,9,single_head_calibration
7180,6,single_head_calibration
7181,6,multihead_evaluation
7182,0,single_head_calibration
7183,6,single_head_calibration
7184,5,single_head_calibration
7185,8,single_head_calibration
7186,2,single_head_calibration
7187,7,single_head_calibration
7188,4,single_head_calibration
7189,0,single_head_calibration
7190,2,single_head_calibration
7191,7,multihead_evaluation
7192,7,single_head_calibration
7193,8,single_head_calibration
7194,8,single_head_calibration
7195,7,single_head_calibration
7196,0,single_head_calibration
7197,4,single_head_calibration
7198,9,single_head_calibration
7199,1,single_head_calibration
7200,4,single_head_calibration
7201,4,single_head_calibration
7202,3,multihead_evaluation
7203,5,single_head_calibration
7204,4,single_head_calibration
7205,6,single_head_calibration
7206,2,single_head_calibration
7207,3,single_head_calibration
7208,1,single_head_calibration
7209,0,single_head_calibration
7210,3,single_head_calibration
7211,3,single_head_calibration
7212,3,single_head_calibration
7213,6,single_head_calibration
7214,3,single_head_calibration
7215,1,single_head_calibration
7216,2,single_head_calibration
7217,8,single_head_calibration
7218,9,single_head_calibration
7219,7,single_head_calibration
7220,9,multihead_evaluation
7221,3,single_head_calibration
7222,8,single_head_calibration
7223,7,single_head_calibration
7224,3,single_head_calibration
7225,1,single_head_calibration
7226,7,single_head_calibration
7227,7,single_head_calibration
7228,3,single_head_calibration
7229,2,single_head_calibration
7230,2,single_head_calibration
7231,8,single_head_calibration
7232,9,single_head_calibration
7233,5,single_head_calibration
7234,9,single_head_calibration
7235,2,single_head_calibration
7236,1,multihead_evaluation
7237,7,single_head_calibration
7238,4,single_head_calibration
7239,4,single_head_calibration
7240,0,multihead_evaluation
7241,5,single_head_calibration
7242,7,single_head_calibration
7243,1,single_head_calibration
7244,5,single_head_calibration
7245,4,single_head_calibration
7246,0,single_head_calibration
7247,8,single_head_calibration
7248,4,single_head_calibration
7249,9,single_head_calibration
7250,8,multihead_evaluation
7251,7,single_head_calibration
7252,8,single_head_calibration
7253,4,single_head_calibration
7254,2,single_head_calibration
7255,3,single_head_calibration
7256,4,multihead_evaluation
7257,0,single_head_calibration
7258,5,single_head_calibration
7259,4,single_head_calibration
7260,1,single_head_calibration
7261,8,single_head_calibration
7262,2,single_head_calibration
7263,5,single_head_calibration
7264,4,multihead_evaluation
7265,5,single_head_calibration
7266,2,multihead_evaluation
7267,5,multihead_evaluation
7268,3,single_head_calibration
7269,7,single_head_calibration
7270,9,single_head_calibration
7271,7,single_head_calibration
7272,1,single_head_calibration
7273,4,single_head_calibration
7274,1,single_head_calibration
7275,3,single_head_calibration
7276,1,single_head_calibration
7277,4,single_head_calibration
7278,5,single_head_calibration
7279,5,single_head_calibration
7280,1,multihead_evaluation
7281,7,single_head_calibration
7282,1,single_head_calibration
7283,3,single_head_calibration
7284,0,single_head_calibration
7285,1,single_head_calibration
7286,2,single_head_calibration
7287,5,single_head_calibration
7288,7,single_head_calibration
7289,0,single_head_calibration
7290,6,single_head_calibration
7291,3,single_head_calibration
7292,5,multihead_evaluation
7293,7,single_head_calibration
7294,5,single_head_calibration
7295,5,single_head_calibration
7296,8,single_head_calibration
7297,9,multihead_evaluation
7298,4,single_head_calibration
7299,6,single_head_calibration
7300,3,single_head_calibration
7301,6,single_head_calibration
7302,6,single_head_calibration
7303,8,single_head_calibration
7304,2,single_head_calibration
7305,6,single_head_calibration
7306,4,single_head_calibration
7307,8,single_head_calibration
7308,4,single_head_calibration
7309,1,single_head_calibration
7310,3,single_head_calibration
7311,1,single_head_calibration
7312,2,single_head_calibration
7313,3,single_head_calibration
7314,3,single_head_calibration
7315,0,single_head_calibration
7316,1,single_head_calibration
7317,6,single_head_calibration
7318,4,single_head_calibration
7319,2,single_head_calibration
7320,8,single_head_calibration
7321,2,single_head_calibration
7322,4,single_head_calibration
7323,3,single_head_calibration
7324,1,single_head_calibration
7325,4,single_head_calibration
7326,4,single_head_calibration
7327,4,multihead_evaluation
7328,4,multihead_evaluation
7329,1,single_head_calibration
7330,5,single_head_calibration
7331,5,single_head_calibration
7332,7,single_head_calibration
7333,6,single_head_calibration
7334,5,single_head_calibration
7335,4,single_head_calibration
7336,5,single_head_calibration
7337,6,single_head_calibration
7338,5,single_head_calibration
7339,6,single_head_calibration
7340,2,single_head_calibration
7341,4,single_head_calibration
7342,7,single_head_calibration
7343,7,multihead_evaluation
7344,4,single_head_calibration
7345,6,single_head_calibration
7346,5,single_head_calibration
7347,0,single_head_calibration
7348,2,single_head_calibration
7349,3,single_head_calibration
7350,9,multihead_evaluation
7351,2,single_head_calibration
7352,3,single_head_calibration
7353,8,single_head_calibration
7354,0,single_head_calibration
7355,7,single_head_calibration
7356,0,single_head_calibration
7357,6,single_head_calibration
7358,8,single_head_calibration
7359,1,single_head_calibration
7360,2,single_head_calibration
7361,8,single_head_calibration
7362,9,single_head_calibration
7363,1,single_head_calibration
7364,5,single_head_calibration
7365,4,multihead_evaluation
7366,2,single_head_calibration
7367,3,multihead_evaluation
7368,5,single_head_calibration
7369,5,single_head_calibration
7370,3,single_head_calibration
7371,6,single_head_calibration
7372,5,single_head_calibration
7373,0,single_head_calibration
7374,3,single_head_calibration
7375,2,single_head_calibration
7376,1,single_head_calibration
7377,3,single_head_calibration
7378,3,multihead_evaluation
7379,7,single_head_calibration
7380,7,single_head_calibration
7381,4,single_head_calibration
7382,9,single_head_calibration
7383,4,single_head_calibration
7384,3,single_head_calibration
7385,9,single_head_calibration
7386,5,single_head_calibration
7387,1,single_head_calibration
7388,7,single_head_calibration
7389,6,single_head_calibration
7390,6,single_head_calibration
7391,4,single_head_calibration
7392,8,single_head_calibration
7393,5,single_head_calibration
7394,1,single_head_calibration
7395,2,multihead_evaluation
7396,8,multihead_evaluation
7397,4,single_head_calibration
7398,5,single_head_calibration
7399,3,single_head_calibration
7400,3,single_head_calibration
7401,3,single_head_calibration
7402,0,single_head_calibration
7403,4,single_head_calibration
7404,8,multihead_evaluation
7405,7,single_head_calibration
7406,7,single_head_calibration
7407,9,single_head_calibration
7408,4,single_head_calibration
7409,8,single_head_calibration
7410,4,single_head_calibration
7411,5,single_head_calibration
7412,9,multihead_evaluation
7413,1,single_head_calibration
7414,8,single_head_calibration
7415,3,single_head_calibration
7416,1,single_head_calibration
7417,3,single_head_calibration
7418,8,single_head_calibration
7419,0,single_head_calibration
7420,3,single_head_calibration
7421,5,single_head_calibration
7422,4,single_head_calibration
7423,6,single_head_calibration
7424,9,single_head_calibration
7425,2,single_head_calibration
7426,7,single_head_calibration
7427,2,single_head_calibration
7428,0,single_head_calibration
7429,5,multihead_evaluation
7430,2,single_head_calibration
7431,9,multihead_evaluation
7432,7,single_head_calibration
7433,5,single_head_calibration
7434,0,single_head_calibration
7435,7,single_head_calibration
7436,0,single_head_calibration
7437,3,single_head_calibration
7438,5,multihead_evaluation
7439,5,single_head_calibration
7440,3,single_head_calibration
7441,8,single_head_calibration
7442,7,single_head_calibration
7443,7,single_head_calibration
7444,9,single_head_calibration
7445,6,single_head_calibration
7446,5,single_head_calibration
7447,8,multihead_evaluation
7448,9,single_head_calibration
7449,0,single_head_calibration
7450,1,multihead_evaluation
7451,9,single_head_calibration
7452,4,single_head_calibration
7453,0,single_head_calibration
7454,0,single_head_calibration
7455,1,single_head_calibration
7456,7,single_head_calibration
7457,2,single_head_calibration
7458,2,single_head_calibration
7459,8,single_head_calibration
7460,5,single_head_calibration
7461,9,single_head_calibration
7462,8,single_head_calibration
7463,2,single_head_calibration
7464,8,single_head_calibration
7465,0,single_head_calibration
7466,6,single_head_calibration
7467,6,multihead_evaluation
7468,8,single_head_calibration
7469,6,single_head_calibration
7470,9,single_head_calibration
7471,6,single_head_calibration
7472,1,multihead_evaluation
7473,1,single_head_calibration
7474,5,multihead_evaluation
7475,3,single_head_calibration
7476,5,single_head_calibration
7477,0,single_head_calibration
7478,7,single_head_calibration
7479,6,single_head_calibration
7480,1,single_head_calibration
7481,4,single_head_calibration
7482,4,single_head_calibration
7483,1,single_head_calibration
7484,1,single_head_calibration
7485,8,single_head_calibration
7486,1,single_head_calibration
7487,1,single_head_calibration
7488,2,single_head_calibration
7489,3,single_head_calibration
7490,4,single_head_calibration
7491,9,single_head_calibration
7492,9,single_head_calibration
7493,5,single_head_calibration
7494,2,single_head_calibration
7495,7,single_head_calibration
7496,3,single_head_calibration
7497,3,single_head_calibration
7498,6,single_head_calibration
7499,9,single_head_calibration
7500,6,single_head_calibration
7501,9,single_head_calibration
7502,8,single_head_calibration
7503,8,single_head_calibration
7504,6,single_head_calibration
7505,7,single_head_calibration
7506,4,single_head_calibration
7507,7,single_head_calibration
7508,2,single_head_calibration
7509,3,single_head_calibration
7510,8,single_head_calibration
7511,0,single_head_calibration
7512,9,single_head_calibration
7513,0,single_head_calibration
7514,7,single_head_calibration
7515,8,multihead_evaluation
7516,1,single_head_calibration
7517,2,single_head_calibration
7518,3,single_head_calibration
7519,2,single_head_calibration
7520,4,single_head_calibration
7521,2,single_head_calibration
7522,9,single_head_calibration
7523,0,single_head_calibration
7524,3,single_head_calibration
7525,8,single_head_calibration
7526,9,single_head_calibration
7527,6,multihead_evaluation
7528,5,single_head_calibration
7529,5,single_head_calibration
7530,2,single_head_calibration
7531,4,single_head_calibration
7532,1,single_head_calibration
7533,0,single_head_calibration
7534,6,single_head_calibration
7535,1,single_head_calibration
7536,8,single_head_calibration
7537,4,multihead_evaluation
7538,5,single_head_calibration
7539,5,multihead_evaluation
7540,5,single_head_calibration
7541,0,single_head_calibration
7542,8,single_head_calibration
7543,9,single_head_calibration
7544,0,single_head_calibration
7545,5,single_head_calibration
7546,7,single_head_calibration
7547,9,single_head_calibration
7548,6,single_head_calibration
7549,3,single_head_calibration
7550,4,single_head_calibration
7551,6,single_head_calibration
7552,4,single_head_calibration
7553,9,multihead_evaluation
7554,7,single_head_calibration
7555,1,single_head_calibration
7556,2,single_head_calibration
7557,5,single_head_calibration
7558,2,single_head_calibration
7559,8,single_head_calibration
7560,0,single_head_calibration
7561,2,single_head_calibration
7562,2,single_head_calibration
7563,9,single_head_calibration
7564,8,single_head_calibration
7565,1,single_head_calibration
7566,9,single_head_calibration
7567,7,single_head_calibration
7568,7,single_head_calibration
7569,3,single_head_calibration
7570,1,single_head_calibration
7571,4,single_head_calibration
7572,1,single_head_calibration
7573,1,single_head_calibration
7574,3,single_head_calibration
7575,8,single_head_calibration
7576,8,multihead_evaluation
7577,1,single_head_calibration
7578,9,single_head_calibration
7579,3,single_head_calibration
7580,8,single_head_calibration
7581,9,single_head_calibration
7582,5,single_head_calibration
7583,1,single_head_calibration
7584,1,single_head_calibration
7585,6,single_head_calibration
7586,2,single_head_calibration
7587,7,single_head_calibration
7588,2,single_head_calibration
7589,6,multihead_evaluation
7590,2,single_head_calibration
7591,6,single_head_calibration
7592,9,single_head_calibration
7593,6,multihead_evaluation
7594,0,single_head_calibration
7595,1,single_head_calibration
7596,3,single_head_calibration
7597,9,single_head_calibration
7598,3,single_head_calibration
7599,8,single_head_calibration
7600,8,single_head_calibration
7601,8,single_head_calibration
7602,2,single_head_calibration
7603,9,multihead_evaluation
7604,1,single_head_calibration
7605,2,multihead_evaluation
7606,6,single_head_calibration
7607,0,multihead_evaluation
7608,5,single_head_calibration
7609,0,single_head_calibration
7610,7,single_head_calibration
7611,7,single_head_calibration
7612,7,multihead_evaluation
7613,9,single_head_calibration
7614,4,single_head_calibration
7615,5,single_head_calibration
7616,0,single_head_calibration
7617,2,multihead_evaluation
7618,3,single_head_calibration
7619,5,single_head_calibration
7620,5,single_head_calibration
7621,8,single_head_calibration
7622,9,single_head_calibration
7623,1,single_head_calibration
7624,2,single_head_calibration
7625,7,single_head_calibration
7626,1,single_head_calibration
7627,3,single_head_calibration
7628,4,single_head_calibration
7629,6,single_head_calibration
7630,9,single_head_calibration
7631,1,multihead_evaluation
7632,0,single_head_calibration
7633,7,single_head_calibration
7634,1,single_head_calibration
7635,9,single_head_calibration
7636,5,single_head_calibration
7637,8,single_head_calibration
7638,1,single_head_calibration
7639,9,single_head_calibration
7640,9,single_head_calibration
7641,7,multihead_evaluation
7642,9,single_head_calibration
7643,8,single_head_calibration
7644,3,single_head_calibration
7645,0,single_head_calibration
7646,2,single_head_calibration
7647,6,single_head_calibration
7648,0,single_head_calibration
7649,2,single_head_calibration
7650,2,single_head_calibration
7651,4,single_head_calibration
7652,0,single_head_calibration
7653,8,multihead_evaluation
7654,4,single_head_calibration
7655,8,single_head_calibration
7656,1,multihead_evaluation
7657,2,single_head_calibration
7658,7,single_head_calibration
7659,2,single_head_calibration
7660,7,single_head_calibration
7661,9,single_head_calibration
7662,5,multihead_evaluation
7663,2,single_head_calibration
7664,2,single_head_calibration
7665,9,single_head_calibration
7666,2,single_head_calibration
7667,6,single_head_calibration
7668,5,single_head_calibration
7669,7,single_head_calibration
7670,2,single_head_calibration
7671,5,single_head_calibration
7672,6,multihead_evaluation
7673,5,single_head_calibration
7674,1,single_head_calibration
7675,8,single_head_calibration
7676,2,single_head_calibration
7677,6,single_head_calibration
7678,8,multihead_evaluation
7679,6,single_head_calibration
7680,3,single_head_calibration
7681,0,single_head_calibration
7682,8,single_head_calibration
7683,0,single_head_calibration
7684,0,single_head_calibration
7685,9,single_head_calibration
7686,9,single_head_calibration
7687,6,single_head_calibration
7688,8,multihead_evaluation
7689,0,multihead_evaluation
7690,6,single_head_calibration
7691,6,single_head_calibration
7692,0,single_head_calibration
7693,7,single_head_calibration
7694,9,single_head_calibration
7695,8,single_head_calibration
7696,0,multihead_evaluation
7697,5,single_head_calibration
7698,0,multihead_evaluation
7699,9,single_head_calibration
7700,6,single_head_calibration
7701,0,single_head_calibration
7702,4,single_head_calibration
7703,7,multihead_evaluation
7704,1,single_head_calibration
7705,7,single_head_calibration
7706,8,multihead_evaluation
7707,8,single_head_calibration
7708,2,single_head_calibration
7709,3,single_head_calibration
7710,9,single_head_calibration
7711,6,multihead_evaluation
7712,5,single_head_calibration
7713,5,single_head_calibration
7714,3,single_head_calibration
7715,1,single_head_calibration
7716,5,single_head_calibration
7717,3,single_head_calibration
7718,0,single_head_calibration
7719,2,single_head_calibration
7720,5,single_head_calibration
7721,2,single_head_calibration
7722,7,single_head_calibration
7723,3,single_head_calibration
7724,8,single_head_calibration
7725,4,single_head_calibration
7726,4,single_head_calibration
7727,6,single_head_calibration
7728,1,single_head_calibration
7729,9,single_head_calibration
7730,4,single_head_calibration
7731,1,single_head_calibration
7732,7,single_head_calibration
7733,0,multihead_evaluation
7734,1,single_head_calibration
7735,4,single_head_calibration
7736,3,single_head_calibration
7737,0,single_head_calibration
7738,2,single_head_calibration
7739,9,single_head_calibration
7740,4,single_head_calibration
7741,5,single_head_calibration
7742,0,single_head_calibration
7743,3,single_head_calibration
7744,4,multihead_evaluation
7745,7,single_head_calibration
7746,2,single_head_calibration
7747,3,single_head_calibration
7748,0,single_head_calibration
7749,1,single_head_calibration
7750,3,single_head_calibration
7751,7,single_head_calibration
7752,9,single_head_calibration
7753,9,single_head_calibration
7754,0,single_head_calibration
7755,7,single_head_calibration
7756,5,single_head_calibration
7757,6,single_head_calibration
7758,7,single_head_calibration
7759,1,single_head_calibration
7760,2,single_head_calibration
7761,2,single_head_calibration
7762,7,single_head_calibration
7763,4,single_head_calibration
7764,6,single_head_calibration
7765,8,single_head_calibration
7766,4,single_head_calibration
7767,9,single_head_calibration
7768,8,multihead_evaluation
7769,4,single_head_calibration
7770,9,single_head_calibration
7771,2,single_head_calibration
7772,3,multihead_evaluation
7773,4,single_head_calibration
7774,0,single_head_calibration
7775,2,single_head_calibration
7776,5,single_head_calibration
7777,6,single_head_calibration
7778,0,single_head_calibration
7779,5,multihead_evaluation
7780,3,multihead_evaluation
7781,5,single_head_calibration
7782,8,single_head_calibration
7783,3,multihead_evaluation
7784,7,single_head_calibration
7785,4,single_head_calibration
7786,9,single_head_calibration
7787,5,single_head_calibration
7788,6,single_head_calibration
7789,3,single_head_calibration
7790,8,single_head_calibration
7791,6,single_head_calibration
7792,9,single_head_calibration
7793,8,single_head_calibration
7794,5,single_head_calibration
7795,5,single_head_calibration
7796,8,single_head_calibration
7797,3,single_head_calibration
7798,5,single_head_calibration
7799,9,single_head_calibration
7800,0,single_head_calibration
7801,4,multihead_evaluation
7802,2,single_head_calibration
7803,0,single_head_calibration
7804,5,single_head_calibration
7805,9,single_head_calibration
7806,9,single_head_calibration
7807,3,single_head_calibration
7808,8,single_head_calibration
7809,0,single_head_calibration
7810,6,single_head_calibration
7811,0,single_head_calibration
7812,2,single_head_calibration
7813,3,multihead_evaluation
7814,7,single_head_calibration
7815,0,single_head_calibration
7816,0,single_head_calibration
7817,6,single_head_calibration
7818,9,single_head_calibration
7819,1,single_head_calibration
7820,5,single_head_calibration
7821,2,single_head_calibration
7822,2,single_head_calibration
7823,7,single_head_calibration
7824,9,single_head_calibration
7825,3,single_head_calibration
7826,9,single_head_calibration
7827,3,multihead_evaluation
7828,5,single_head_calibration
7829,2,single_head_calibration
7830,2,single_head_calibration
7831,2,multihead_evaluation
7832,8,single_head_calibration
7833,8,single_head_calibration
7834,5,single_head_calibration
7835,0,multihead_evaluation
7836,0,multihead_evaluation
7837,7,single_head_calibration
7838,0,single_head_calibration
7839,3,single_head_calibration
7840,1,single_head_calibration
7841,6,multihead_evaluation
7842,5,single_head_calibration
7843,0,single_head_calibration
7844,9,single_head_calibration
7845,2,multihead_evaluation
7846,6,single_head_calibration
7847,7,single_head_calibration
7848,4,single_head_calibration
7849,2,single_head_calibration
7850,0,single_head_calibration
7851,0,single_head_calibration
7852,5,single_head_calibration
7853,3,single_head_calibration
7854,3,single_head_calibration
7855,2,single_head_calibration
7856,6,single_head_calibration
7857,4,multihead_evaluation
7858,2,single_head_calibration
7859,7,single_head_calibration
7860,8,single_head_calibration
7861,0,single_head_calibration
7862,1,single_head_calibration
7863,0,single_head_calibration
7864,1,single_head_calibration
7865,3,multihead_evaluation
7866,6,multihead_evaluation
7867,4,single_head_calibration
7868,8,single_head_calibration
7869,0,single_head_calibration
7870,6,single_head_calibration
7871,0,single_head_calibration
7872,9,single_head_calibration
7873,1,single_head_calibration
7874,6,single_head_calibration
7875,2,single_head_calibration
7876,1,single_head_calibration
7877,0,single_head_calibration
7878,1,single_head_calibration
7879,3,single_head_calibration
7880,0,single_head_calibration
7881,3,single_head_calibration
7882,7,single_head_calibration
7883,9,single_head_calibration
7884,9,single_head_calibration
7885,3,multihead_evaluation
7886,7,single_head_calibration
7887,5,single_head_calibration
7888,7,single_head_calibration
7889,1,single_head_calibration
7890,6,single_head_calibration
7891,6,single_head_calibration
7892,1,single_head_calibration
7893,1,single_head_calibration
7894,1,single_head_calibration
7895,4,single_head_calibration
7896,4,single_head_calibration
7897,2,single_head_calibration
7898,1,single_head_calibration
7899,7,single_head_calibration
7900,0,single_head_calibration
7901,1,single_head_calibration
7902,2,single_head_calibration
7903,1,multihead_evaluation
7904,1,multihead_evaluation
7905,3,single_head_calibration
7906,2,single_head_calibration
7907,6,single_head_calibration
7908,9,single_head_calibration
7909,1,single_head_calibration
7910,3,single_head_calibration
7911,2,single_head_calibration
7912,0,single_head_calibration
7913,8,multihead_evaluation
7914,7,single_head_calibration
7915,3,single_head_calibration
7916,4,single_head_calibration
7917,6,single_head_calibration
7918,4,single_head_calibration
7919,6,single_head_calibration
7920,9,single_head_calibration
7921,4,single_head_calibration
7922,8,single_head_calibration
7923,9,single_head_calibration
7924,3,single_head_calibration
7925,0,single_head_calibration
7926,5,single_head_calibration
7927,7,single_head_calibration
7928,2,single_head_calibration
7929,0,single_head_calibration
7930,2,single_head_calibration
7931,9,single_head_calibration
7932,9,single_head_calibration
7933,3,single_head_calibration
7934,8,single_head_calibration
7935,7,single_head_calibration
7936,1,single_head_calibration
7937,1,single_head_calibration
7938,2,single_head_calibration
7939,2,single_head_calibration
7940,2,single_head_calibration
7941,5,single_head_calibration
7942,9,single_head_calibration
7943,1,single_head_calibration
7944,2,single_head_calibration
7945,6,single_head_calibration
7946,1,single_head_calibration
7947,2,single_head_calibration
7948,1,single_head_calibration
7949,8,single_head_calibration
7950,9,single_head_calibration
7951,2,single_head_calibration
7952,3,multihead_evaluation
7953,1,single_head_calibration
7954,9,single_head_calibration
7955,9,single_head_calibration
7956,4,single_head_calibration
7957,4,single_head_calibration
7958,5,single_head_calibration
7959,5,single_head_calibration
7960,0,single_head_calibration
7961,3,single_head_calibration
7962,3,multihead_evaluation
7963,7,single_head_calibration
7964,1,single_head_calibration
7965,7,single_head_calibration
7966,7,single_head_calibration
7967,9,single_head_calibration
7968,8,single_head_calibration
7969,6,single_head_calibration
7970,3,single_head_calibration
7971,5,single_head_calibration
7972,5,single_head_calibration
7973,1,single_head_calibration
7974,6,single_head_calibration
7975,2,multihead_evaluation
7976,7,single_head_calibration
7977,8,single_head_calibration
7978,4,single_head_calibration
7979,3,multihead_evaluation
7980,3,single_head_calibration
7981,5,single_head_calibration
7982,9,single_head_calibration
7983,6,single_head_calibration
7984,8,single_head_calibration
7985,5,single_head_calibration
7986,1,single_head_calibration
7987,0,multihead_evaluation
7988,6,single_head_calibration
7989,7,single_head_calibration
7990,0,single_head_calibration
7991,9,single_head_calibration
7992,6,single_head_calibration
7993,2,single_head_calibration
7994,0,single_head_calibration
7995,8,single_head_calibration
7996,7,single_head_calibration
7997,1,single_head_calibration
7998,2,single_head_calibration
7999,6,multihead_evaluation
8000,9,single_head_calibration
8001,1,single_head_calibration
8002,6,single_head_calibration
8003,4,single_head_calibration
8004,7,single_head_calibration
8005,1,single_head_calibration
8006,9,single_head_calibration
8007,0,single_head_calibration
8008,0,single_head_calibration
8009,5,single_head_calibration
8010,2,single_head_calibration
8011,8,single_head_calibration
8012,3,single_head_calibration
8013,8,single_head_calibration
8014,2,single_head_calibration
8015,8,single_head_calibration
8016,4,single_head_calibration
8017,0,single_head_calibration
8018,8,single_head_calibration
8019,3,single_head_calibration
8020,6,single_head_calibration
8021,1,single_head_calibration
8022,2,single_head_calibration
8023,3,single_head_calibration
8024,0,single_head_calibration
8025,5,single_head_calibration
8026,0,single_head_calibration
8027,4,single_head_calibration
8028,1,single_head_calibration
8029,7,multihead_evaluation
8030,2,single_head_calibration
8031,0,single_head_calibration
8032,1,single_head_calibration
8033,3,single_head_calibration
8034,9,single_head_calibration
8035,1,single_head_calibration
8036,6,single_head_calibration
8037,1,single_head_calibration
8038,6,single_head_calibration
8039,1,single_head_calibration
8040,2,single_head_calibration
8041,8,single_head_calibration
8042,7,single_head_calibration
8043,0,single_head_calibration
8044,9,single_head_calibration
8045,5,single_head_calibration
8046,8,multihead_evaluation
8047,0,single_head_calibration
8048,0,single_head_calibration
8049,1,single_head_calibration
8050,7,single_head_calibration
8051,9,single_head_calibration
8052,7,single_head_calibration
8053,1,single_head_calibration
8054,9,single_head_calibration
8055,2,single_head_calibration
8056,1,single_head_calibration
8057,9,single_head_calibration
8058,4,single_head_calibration
8059,3,single_head_calibration
8060,6,single_head_calibration
8061,0,single_head_calibration
8062,2,single_head_calibration
8063,0,single_head_calibration
8064,0,single_head_calibration
8065,9,single_head_calibration
8066,9,single_head_calibration
8067,8,multihead_evaluation
8068,9,single_head_calibration
8069,4,single_head_calibration
8070,5,multihead_evaluation
8071,4,single_head_calibration
8072,3,multihead_evaluation
8073,0,single_head_calibration
8074,7,multihead_evaluation
8075,8,single_head_calibration
8076,7,single_head_calibration
8077,3,single_head_calibration
8078,7,single_head_calibration
8079,5,single_head_calibration
8080,4,single_head_calibration
8081,6,single_head_calibration
8082,5,single_head_calibration
8083,9,single_head_calibration
8084,5,single_head_calibration
8085,2,single_head_calibration
8086,4,single_head_calibration
8087,2,single_head_calibration
8088,7,single_head_calibration
8089,9,single_head_calibration
8090,6,single_head_calibration
8091,7,single_head_calibration
8092,4,single_head_calibration
8093,7,single_head_calibration
8094,1,single_head_calibration
8095,2,single_head_calibration
8096,3,multihead_evaluation
8097,1,single_head_calibration
8098,1,single_head_calibration
8099,3,single_head_calibration
8100,6,single_head_calibration
8101,8,single_head_calibration
8102,3,single_head_calibration
8103,7,single_head_calibration
8104,7,single_head_calibration
8105,0,single_head_calibration
8106,8,multihead_evaluation
8107,1,single_head_calibration
8108,5,single_head_calibration
8109,2,multihead_evaluation
8110,5,single_head_calibration
8111,5,single_head_calibration
8112,3,single_head_calibration
8113,6,single_head_calibration
8114,3,single_head_calibration
8115,5,single_head_calibration
8116,9,single_head_calibration
8117,8,single_head_calibration
8118,4,single_head_calibration
8119,6,single_head_calibration
8120,8,single_head_calibration
8121,0,single_head_calibration
8122,4,single_head_calibration
8123,1,single_head_calibration
8124,7,single_head_calibration
8125,8,single_head_calibration
8126,4,single_head_calibration
8127,9,single_head_calibration
8128,7,single_head_calibration
8129,2,single_head_calibration
8130,6,single_head_calibration
8131,3,single_head_calibration
8132,8,single_head_calibration
8133,8,single_head_calibration
8134,6,multihead_evaluation
8135,7,single_head_calibration
8136,3,single_head_calibration
8137,8,single_head_calibration
8138,1,single_head_calibration
8139,1,single_head_calibration
8140,5,single_head_calibration
8141,3,single_head_calibration
8142,7,single_head_calibration
8143,9,single_head_calibration
8144,9,single_head_calibration
8145,9,single_head_calibration
8146,8,single_head_calibration
8147,5,single_head_calibration
8148,9,single_head_calibration
8149,9,single_head_calibration
8150,6,single_head_calibration
8151,8,single_head_calibration
8152,8,single_head_calibration
8153,4,single_head_calibration
8154,8,single_head_calibration
8155,1,single_head_calibration
8156,0,single_head_calibration
8157,1,multihead_evaluation
8158,8,single_head_calibration
8159,8,single_head_calibration
8160,6,single_head_calibration
8161,5,single_head_calibration
8162,9,multihead_evaluation
8163,0,single_head_calibration
8164,6,single_head_calibration
8165,1,single_head_calibration
8166,2,single_head_calibration
8167,6,single_head_calibration
8168,6,multihead_evaluation
8169,3,single_head_calibration
8170,5,single_head_calibration
8171,6,single_head_calibration
8172,5,single_head_calibration
8173,5,single_head_calibration
8174,3,single_head_calibration
8175,3,single_head_calibration
8176,6,single_head_calibration
8177,8,single_head_calibration
8178,9,multihead_evaluation
8179,4,single_head_calibration
8180,4,single_head_calibration
8181,3,single_head_calibration
8182,8,single_head_calibration
8183,3,single_head_calibration
8184,6,single_head_calibration
8185,0,single_head_calibration
8186,8,single_head_calibration
8187,5,single_head_calibration
8188,7,single_head_calibration
8189,8,single_head_calibration
8190,4,single_head_calibration
8191,6,single_head_calibration
8192,5,single_head_calibration
8193,3,single_head_calibration
8194,1,single_head_calibration
8195,8,single_head_calibration
8196,3,single_head_calibration
8197,0,single_head_calibration
8198,4,single_head_calibration
8199,4,single_head_calibration
8200,3,single_head_calibration
8201,3,multihead_evaluation
8202,5,single_head_calibration
8203,3,single_head_calibration
8204,3,multihead_evaluation
8205,2,single_head_calibration
8206,7,single_head_calibration
8207,7,multihead_evaluation
8208,8,single_head_calibration
8209,2,single_head_calibration
8210,0,single_head_calibration
8211,5,single_head_calibration
8212,5,single_head_calibration
8213,6,single_head_calibration
8214,1,single_head_calibration
8215,1,single_head_calibration
8216,3,single_head_calibration
8217,9,single_head_calibration
8218,9,single_head_calibration
8219,3,multihead_evaluation
8220,6,single_head_calibration
8221,7,single_head_calibration
8222,1,single_head_calibration
8223,8,single_head_calibration
8224,3,multihead_evaluation
8225,9,single_head_calibration
8226,8,single_head_calibration
8227,7,multihead_evaluation
8228,8,single_head_calibration
8229,8,single_head_calibration
8230,0,single_head_calibration
8231,3,single_head_calibration
8232,2,single_head_calibration
8233,4,single_head_calibration
8234,8,multihead_evaluation
8235,7,single_head_calibration
8236,5,single_head_calibration
8237,7,multihead_evaluation
8238,1,multihead_evaluation
8239,8,single_head_calibration
8240,7,single_head_calibration
8241,3,single_head_calibration
8242,5,single_head_calibration
8243,4,single_head_calibration
8244,4,multihead_evaluation
8245,3,single_head_calibration
8246,8,single_head_calibration
8247,6,single_head_calibration
8248,1,single_head_calibration
8249,1,single_head_calibration
8250,6,single_head_calibration
8251,3,single_head_calibration
8252,2,single_head_calibration
8253,2,single_head_calibration
8254,8,single_head_calibration
8255,9,single_head_calibration
8256,8,single_head_calibration
8257,3,single_head_calibration
8258,3,single_head_calibration
8259,8,single_head_calibration
8260,1,single_head_calibration
8261,1,single_head_calibration
8262,0,multihead_evaluation
8263,5,single_head_calibration
8264,2,single_head_calibration
8265,0,single_head_calibration
8266,5,single_head_calibration
8267,0,single_head_calibration
8268,5,multihead_evaluation
8269,8,single_head_calibration
8270,6,single_head_calibration
8271,3,single_head_calibration
8272,9,single_head_calibration
8273,6,single_head_calibration
8274,6,single_head_calibration
8275,3,single_head_calibration
8276,9,single_head_calibration
8277,4,single_head_calibration
8278,8,single_head_calibration
8279,3,single_head_calibration
8280,4,single_head_calibration
8281,3,single_head_calibration
8282,1,single_head_calibration
8283,1,single_head_calibration
8284,2,single_head_calibration
8285,9,single_head_calibration
8286,7,single_head_calibration
8287,8,single_head_calibration
8288,5,single_head_calibration
8289,5,single_head_calibration
8290,8,single_head_calibration
8291,6,single_head_calibration
8292,9,single_head_calibration
8293,0,single_head_calibration
8294,8,single_head_calibration
8295,3,single_head_calibration
8296,5,single_head_calibration
8297,1,single_head_calibration
8298,3,single_head_calibration
8299,3,single_head_calibration
8300,5,single_head_calibration
8301,5,single_head_calibration
8302,3,multihead_evaluation
8303,8,single_head_calibration
8304,1,single_head_calibration
8305,4,single_head_calibration
8306,6,single_head_calibration
8307,4,single_head_calibration
8308,2,single_head_calibration
8309,4,single_head_calibration
8310,3,single_head_calibration
8311,8,single_head_calibration
8312,9,single_head_calibration
8313,6,single_head_calibration
8314,6,single_head_calibration
8315,6,single_head_calibration
8316,5,single_head_calibration
8317,5,multihead_evaluation
8318,2,multihead_evaluation
8319,7,single_head_calibration
8320,7,single_head_calibration
8321,4,single_head_calibration
8322,4,multihead_evaluation
8323,9,single_head_calibration
8324,3,single_head_calibration
8325,8,single_head_calibration
8326,3,single_head_calibration
8327,7,single_head_calibration
8328,7,single_head_calibration
8329,8,single_head_calibration
8330,5,single_head_calibration
8331,3,single_head_calibration
8332,9,single_head_calibration
8333,1,single_head_calibration
8334,6,single_head_calibration
8335,7,single_head_calibration
8336,3,single_head_calibration
8337,3,single_head_calibration
8338,3,single_head_calibration
8339,8,single_head_calibration
8340,5,single_head_calibration
8341,6,single_head_calibration
8342,1,multihead_evaluation
8343,3,single_head_calibration
8344,7,single_head_calibration
8345,9,single_head_calibration
8346,6,single_head_calibration
8347,1,single_head_calibration
8348,6,single_head_calibration
8349,4,single_head_calibration
8350,9,single_head_calibration
8351,0,single_head_calibration
8352,5,single_head_calibration
8353,7,single_head_calibration
8354,4,single_head_calibration
8355,9,single_head_calibration
8356,1,single_head_calibration
8357,0,single_head_calibration
8358,0,single_head_calibration
8359,2,single_head_calibration
8360,7,multihead_evaluation
8361,8,single_head_calibration
8362,3,multihead_evaluation
8363,2,single_head_calibration
8364,7,single_head_calibration
8365,6,single_head_calibration
8366,1,single_head_calibration
8367,6,single_head_calibration
8368,6,single_head_calibration
8369,4,single_head_calibration
8370,4,multihead_evaluation
8371,2,multihead_evaluation
8372,1,single_head_calibration
8373,8,multihead_evaluation
8374,4,multihead_evaluation
8375,4,single_head_calibration
8376,7,single_head_calibration
8377,8,single_head_calibration
8378,5,single_head_calibration
8379,8,single_head_calibration
8380,9,single_head_calibration
8381,4,single_head_calibration
8382,3,single_head_calibration
8383,2,single_head_calibration
8384,2,single_head_calibration
8385,9,single_head_calibration
8386,3,single_head_calibration
8387,0,single_head_calibration
8388,1,single_head_calibration
8389,1,single_head_calibration
8390,1,single_head_calibration
8391,1,single_head_calibration
8392,6,single_head_calibration
8393,8,single_head_calibration
8394,7,single_head_calibration
8395,1,single_head_calibration
8396,3,single_head_calibration
8397,0,single_head_calibration
8398,4,single_head_calibration
8399,5,single_head_calibration
8400,0,single_head_calibration
8401,3,single_head_calibration
8402,0,single_head_calibration
8403,6,single_head_calibration
8404,2,single_head_calibration
8405,0,single_head_calibration
8406,9,single_head_calibration
8407,8,single_head_calibration
8408,6,single_head_calibration
8409,8,single_head_calibration
8410,5,single_head_calibration
8411,8,single_head_calibration
8412,2,single_head_calibration
8413,9,single_head_calibration
8414,6,single_head_calibration
8415,0,single_head_calibration
8416,6,single_head_calibration
8417,1,single_head_calibration
8418,8,single_head_calibration
8419,7,single_head_calibration
8420,3,single_head_calibration
8421,2,single_head_calibration
8422,2,single_head_calibration
8423,6,multihead_evaluation
8424,5,single_head_calibration
8425,6,single_head_calibration
8426,9,single_head_calibration
8427,2,single_head_calibration
8428,5,single_head_calibration
8429,4,single_head_calibration
8430,9,single_head_calibration
8431,8,single_head_calibration
8432,5,single_head_calibration
8433,3,multihead_evaluation
8434,9,single_head_calibration
8435,3,single_head_calibration
8436,5,single_head_calibration
8437,7,single_head_calibration
8438,1,single_head_calibration
8439,8,multihead_evaluation
8440,5,single_head_calibration
8441,8,multihead_evaluation
8442,6,single_head_calibration
8443,2,single_head_calibration
8444,5,single_head_calibration
8445,1,single_head_calibration
8446,3,single_head_calibration
8447,0,single_head_calibration
8448,4,multihead_evaluation
8449,1,single_head_calibration
8450,9,single_head_calibration
8451,5,single_head_calibration
8452,4,single_head_calibration
8453,9,single_head_calibration
8454,2,single_head_calibration
8455,1,single_head_calibration
8456,4,single_head_calibration
8457,2,single_head_calibration
8458,5,multihead_evaluation
8459,9,single_head_calibration
8460,8,single_head_calibration
8461,7,multihead_evaluation
8462,2,single_head_calibration
8463,1,single_head_calibration
8464,6,multihead_evaluation
8465,9,single_head_calibration
8466,7,single_head_calibration
8467,3,single_head_calibration
8468,6,single_head_calibration
8469,5,single_head_calibration
8470,8,single_head_calibration
8471,0,single_head_calibration
8472,2,single_head_calibration
8473,2,multihead_evaluation
8474,4,single_head_calibration
8475,9,single_head_calibration
8476,0,single_head_calibration
8477,5,single_head_calibration
8478,5,single_head_calibration
8479,4,single_head_calibration
8480,2,single_head_calibration
8481,3,single_head_calibration
8482,1,single_head_calibration
8483,0,multihead_evaluation
8484,3,single_head_calibration
8485,0,single_head_calibration
8486,4,single_head_calibration
8487,4,single_head_calibration
8488,9,single_head_calibration
8489,1,single_head_calibration
8490,3,single_head_calibration
8491,3,single_head_calibration
8492,0,single_head_calibration
8493,2,single_head_calibration
8494,1,single_head_calibration
8495,1,single_head_calibration
8496,0,single_head_calibration
8497,4,single_head_calibration
8498,1,single_head_calibration
8499,9,single_head_calibration
8500,4,single_head_calibration
8501,8,single_head_calibration
8502,1,single_head_calibration
8503,1,single_head_calibration
8504,1,single_head_calibration
8505,5,single_head_calibration
8506,9,single_head_calibration
8507,8,single_head_calibration
8508,1,single_head_calibration
8509,6,single_head_calibration
8510,7,single_head_calibration
8511,2,multihead_evaluation
8512,9,multihead_evaluation
8513,9,single_head_calibration
8514,7,single_head_calibration
8515,8,single_head_calibration
8516,8,single_head_calibration
8517,1,single_head_calibration
8518,9,single_head_calibration
8519,7,single_head_calibration
8520,8,single_head_calibration
8521,9,single_head_calibration
8522,1,single_head_calibration
8523,6,single_head_calibration
8524,6,multihead_evaluation
8525,3,single_head_calibration
8526,3,single_head_calibration
8527,1,single_head_calibration
8528,3,single_head_calibration
8529,0,single_head_calibration
8530,8,multihead_evaluation
8531,8,single_head_calibration
8532,3,single_head_calibration
8533,6,single_head_calibration
8534,6,single_head_calibration
8535,7,single_head_calibration
8536,1,single_head_calibration
8537,0,single_head_calibration
8538,7,single_head_calibration
8539,6,single_head_calibration
8540,4,multihead_evaluation
8541,8,single_head_calibration
8542,2,multihead_evaluation
8543,0,multihead_evaluation
8544,6,single_head_calibration
8545,6,single_head_calibration
8546,8,single_head_calibration
8547,6,single_head_calibration
8548,3,single_head_calibration
8549,1,multihead_evaluation
8550,1,single_head_calibration
8551,8,multihead_evaluation
8552,6,single_head_calibration
8553,7,single_head_calibration
8554,0,single_head_calibration
8555,5,single_head_calibration
8556,4,single_head_calibration
8557,3,single_head_calibration
8558,2,single_head_calibration
8559,1,single_head_calibration
8560,7,single_head_calibration
8561,8,single_head_calibration
8562,2,single_head_calibration
8563,0,single_head_calibration
8564,1,single_head_calibration
8565,7,single_head_calibration
8566,4,single_head_calibration
8567,8,single_head_calibration
8568,7,single_head_calibration
8569,6,single_head_calibration
8570,6,single_head_calibration
8571,7,single_head_calibration
8572,0,single_head_calibration
8573,6,single_head_calibration
8574,4,single_head_calibration
8575,9,single_head_calibration
8576,2,single_head_calibration
8577,3,single_head_calibration
8578,2,single_head_calibration
8579,1,single_head_calibration
8580,3,single_head_calibration
8581,8,single_head_calibration
8582,6,single_head_calibration
8583,8,single_head_calibration
8584,1,multihead_evaluation
8585,9,single_head_calibration
8586,6,multihead_evaluation
8587,7,single_head_calibration
8588,6,single_head_calibration
8589,5,single_head_calibration
8590,0,single_head_calibration
8591,6,single_head_calibration
8592,0,single_head_calibration
8593,1,single_head_calibration
8594,3,single_head_calibration
8595,1,single_head_calibration
8596,1,multihead_evaluation
8597,5,multihead_evaluation
8598,3,single_head_calibration
8599,4,multihead_evaluation
8600,3,single_head_calibration
8601,3,single_head_calibration
8602,8,single_head_calibration
8603,1,single_head_calibration
8604,6,single_head_calibration
8605,6,single_head_calibration
8606,1,single_head_calibration
8607,8,single_head_calibration
8608,8,single_head_calibration
8609,6,single_head_calibration
8610,2,single_head_calibration
8611,7,single_head_calibration
8612,4,single_head_calibration
8613,6,single_head_calibration
8614,8,single_head_calibration
8615,9,single_head_calibration
8616,3,single_head_calibration
8617,3,single_head_calibration
8618,5,single_head_calibration
8619,5,single_head_calibration
8620,3,single_head_calibration
8621,1,single_head_calibration
8622,4,single_head_calibration
8623,1,single_head_calibration
8624,9,single_head_calibration
8625,5,single_head_calibration
8626,1,single_head_calibration
8627,7,single_head_calibration
8628,7,single_head_calibration
8629,7,single_head_calibration
8630,5,single_head_calibration
8631,2,single_head_calibration
8632,3,single_head_calibration
8633,3,single_head_calibration
8634,6,single_head_calibration
8635,6,single_head_calibration
8636,6,single_head_calibration
8637,4,single_head_calibration
8638,0,single_head_calibration
8639,7,single_head_calibration
8640,1,single_head_calibration
8641,7,single_head_calibration
8642,3,single_head_calibration
8643,0,single_head_calibration
8644,8,multihead_evaluation
8645,1,single_head_calibration
8646,2,single_head_calibration
8647,4,single_head_calibration
8648,1,single_head_calibration
8649,2,multihead_evaluation
8650,2,single_head_calibration
8651,4,single_head_calibration
8652,9,single_head_calibration
8653,8,single_head_calibration
8654,2,single_head_calibration
8655,8,single_head_calibration
8656,7,single_head_calibration
8657,6,single_head_calibration
8658,3,single_head_calibration
8659,4,single_head_calibration
8660,7,multihead_evaluation
8661,2,single_head_calibration
8662,3,single_head_calibration
8663,1,single_head_calibration
8664,5,single_head_calibration
8665,3,multihead_evaluation
8666,0,single_head_calibration
8667,4,single_head_calibration
8668,3,single_head_calibration
8669,4,single_head_calibration
8670,9,single_head_calibration
8671,4,single_head_calibration
8672,7,single_head_calibration
8673,9,single_head_calibration
8674,1,single_head_calibration
8675,7,single_head_calibration
8676,8,single_head_calibration
8677,3,single_head_calibration
8678,1,single_head_calibration
8679,8,single_head_calibration
8680,3,single_head_calibration
8681,2,single_head_calibration
8682,5,single_head_calibration
8683,7,single_head_calibration
8684,2,single_head_calibration
8685,7,single_head_calibration
8686,9,single_head_calibration
8687,6,single_head_calibration
8688,8,single_head_calibration
8689,6,single_head_calibration
8690,8,single_head_calibration
8691,6,single_head_calibration
8692,5,single_head_calibration
8693,9,single_head_calibration
8694,0,single_head_calibration
8695,4,single_head_calibration
8696,8,single_head_calibration
8697,5,single_head_calibration
8698,6,single_head_calibration
8699,4,multihead_evaluation
8700,3,single_head_calibration
8701,8,single_head_calibration
8702,0,single_head_calibration
8703,4,single_head_calibration
8704,8,single_head_calibration
8705,6,single_head_calibration
8706,7,single_head_calibration
8707,2,single_head_calibration
8708,7,single_head_calibration
8709,1,single_head_calibration
8710,7,single_head_calibration
8711,4,single_head_calibration
8712,1,multihead_evaluation
8713,2,single_head_calibration
8714,4,single_head_calibration
8715,2,single_head_calibration
8716,2,single_head_calibration
8717,8,single_head_calibration
8718,7,multihead_evaluation
8719,2,single_head_calibration
8720,2,single_head_calibration
8721,6,multihead_evaluation
8722,7,single_head_calibration
8723,5,single_head_calibration
8724,6,single_head_calibration
8725,8,single_head_calibration
8726,9,single_head_calibration
8727,9,single_head_calibration
8728,6,single_head_calibration
8729,5,single_head_calibration
8730,2,single_head_calibration
8731,9,single_head_calibration
8732,8,single_head_calibration
8733,7,single_head_calibration
8734,2,single_head_calibration
8735,3,single_head_calibration
8736,3,single_head_calibration
8737,7,single_head_calibration
8738,4,single_head_calibration
8739,3,single_head_calibration
8740,2,single_head_calibration
8741,1,single_head_calibration
8742,9,single_head_calibration
8743,0,single_head_calibration
8744,1,single_head_calibration
8745,5,single_head_calibration
8746,3,multihead_evaluation
8747,2,multihead_evaluation
8748,6,single_head_calibration
8749,5,single_head_calibration
8750,9,single_head_calibration
8751,1,single_head_calibration
8752,5,single_head_calibration
8753,4,single_head_calibration
8754,3,single_head_calibration
8755,6,single_head_calibration
8756,2,single_head_calibration
8757,8,single_head_calibration
8758,9,single_head_calibration
8759,7,single_head_calibration
8760,8,single_head_calibration
8761,0,single_head_calibration
8762,8,single_head_calibration
8763,9,single_head_calibration
8764,1,single_head_calibration
8765,2,single_head_calibration
8766,5,single_head_calibration
8767,7,single_head_calibration
8768,2,single_head_calibration
8769,0,single_head_calibration
8770,6,single_head_calibration
8771,6,single_head_calibration
8772,1,single_head_calibration
8773,6,single_head_calibration
8774,3,multihead_evaluation
8775,1,single_head_calibration
8776,5,single_head_calibration
8777,0,single_head_calibration
8778,3,single_head_calibration
8779,7,single_head_calibration
8780,4,multihead_evaluation
8781,6,single_head_calibration
8782,5,multihead_evaluation
8783,6,single_head_calibration
8784,4,single_head_calibration
8785,8,single_head_calibration
8786,3,single_head_calibration
8787,4,single_head_calibration
8788,5,single_head_calibration
8789,5,single_head_calibration
8790,0,single_head_calibration
8791,6,single_head_calibration
8792,6,single_head_calibration
8793,7,single_head_calibration
8794,5,single_head_calibration
8795,0,single_head_calibration
8796,9,single_head_calibration
8797,9,single_head_calibration
8798,6,single_head_calibration
8799,1,single_head_calibration
8800,0,single_head_calibration
8801,4,single_head_calibration
8802,6,single_head_calibration
8803,3,single_head_calibration
8804,6,single_head_calibration
8805,9,single_head_calibration
8806,3,single_head_calibration
8807,6,single_head_calibration
8808,6,single_head_calibration
8809,8,single_head_calibration
8810,2,single_head_calibration
8811,1,single_head_calibration
8812,0,single_head_calibration
8813,1,single_head_calibration
8814,9,single_head_calibration
8815,3,single_head_calibration
8816,7,single_head_calibration
8817,4,single_head_calibration
8818,3,single_head_calibration
8819,0,single_head_calibration
8820,2,single_head_calibration
8821,7,single_head_calibration
8822,6,single_head_calibration
8823,4,single_head_calibration
8824,3,single_head_calibration
8825,0,single_head_calibration
8826,8,single_head_calibration
8827,2,single_head_calibration
8828,0,single_head_calibration
8829,0,single_head_calibration
8830,9,single_head_calibration
8831,6,single_head_calibration
8832,6,single_head_calibration
8833,6,single_head_calibration
8834,8,single_head_calibration
8835,7,single_head_calibration
8836,4,single_head_calibration
8837,1,multihead_evaluation
8838,8,single_head_calibration
8839,1,single_head_calibration
8840,2,single_head_calibration
8841,2,single_head_calibration
8842,4,single_head_calibration
8843,8,single_head_calibration
8844,5,single_head_calibration
8845,2,single_head_calibration
8846,6,single_head_calibration
8847,5,single_head_calibration
8848,3,single_head_calibration
8849,9,multihead_evaluation
8850,1,single_head_calibration
8851,0,single_head_calibration
8852,7,single_head_calibration
8853,2,single_head_calibration
8854,4,single_head_calibration
8855,4,single_head_calibration
8856,0,single_head_calibration
8857,0,single_head_calibration
8858,6,single_head_calibration
8859,2,single_head_calibration
8860,2,single_head_calibration
8861,4,single_head_calibration
8862,0,single_head_calibration
8863,5,single_head_calibration
8864,9,single_head_calibration
8865,7,single_head_calibration
8866,1,multihead_evaluation
8867,8,single_head_calibration
8868,4,single_head_calibration
8869,5,single_head_calibration
8870,5,single_head_calibration
8871,9,multihead_evaluation
8872,8,single_head_calibration
8873,5,single_head_calibration
8874,7,single_head_calibration
8875,8,single_head_calibration
8876,0,single_head_calibration
8877,9,single_head_calibration
8878,8,single_head_calibration
8879,9,single_head_calibration
8880,1,single_head_calibration
8881,6,single_head_calibration
8882,3,single_head_calibration
8883,8,single_head_calibration
8884,0,single_head_calibration
8885,3,single_head_calibration
8886,4,single_head_calibration
8887,4,multihead_evaluation
8888,8,single_head_calibration
8889,4,single_head_calibration
8890,8,single_head_calibration
8891,9,multihead_evaluation
8892,8,single_head_calibration
8893,6,single_head_calibration
8894,0,single_head_calibration
8895,0,single_head_calibration
8896,8,single_head_calibration
8897,2,single_head_calibration
8898,7,single_head_calibration
8899,4,single_head_calibration
8900,2,single_head_calibration
8901,5,single_head_calibration
8902,6,single_head_calibration
8903,0,multihead_evaluation
8904,5,single_head_calibration
8905,8,single_head_calibration
8906,4,single_head_calibration
8907,1,single_head_calibration
8908,9,single_head_calibration
8909,0,single_head_calibration
8910,1,single_head_calibration
8911,4,single_head_calibration
8912,4,single_head_calibration
8913,8,single_head_calibration
8914,4,single_head_calibration
8915,9,single_head_calibration
8916,6,single_head_calibration
8917,0,single_head_calibration
8918,7,single_head_calibration
8919,7,single_head_calibration
8920,6,single_head_calibration
8921,8,single_head_calibration
8922,9,multihead_evaluation
8923,6,single_head_calibration
8924,2,single_head_calibration
8925,0,single_head_calibration
8926,4,single_head_calibration
8927,9,single_head_calibration
8928,4,multihead_evaluation
8929,9,single_head_calibration
8930,3,single_head_calibration
8931,9,single_head_calibration
8932,6,single_head_calibration
8933,6,single_head_calibration
8934,7,single_head_calibration
8935,0,single_head_calibration
8936,9,single_head_calibration
8937,7,single_head_calibration
8938,1,single_head_calibration
8939,8,multihead_evaluation
8940,6,single_head_calibration
8941,0,single_head_calibration
8942,6,single_head_calibration
8943,7,single_head_calibration
8944,4,multihead_evaluation
8945,1,single_head_calibration
8946,9,single_head_calibration
8947,4,single_head_calibration
8948,6,multihead_evaluation
8949,7,single_head_calibration
8950,9,single_head_calibration
8951,8,multihead_evaluation
8952,3,single_head_calibration
8953,9,single_head_calibration
8954,2,single_head_calibration
8955,1,single_head_calibration
8956,2,single_head_calibration
8957,7,single_head_calibration
8958,6,single_head_calibration
8959,1,single_head_calibration
8960,0,single_head_calibration
8961,0,single_head_calibration
8962,5,single_head_calibration
8963,6,single_head_calibration
8964,0,single_head_calibration
8965,4,single_head_calibration
8966,3,single_head_calibration
8967,2,single_head_calibration
8968,8,single_head_calibration
8969,8,single_head_calibration
8970,0,single_head_calibration
8971,6,single_head_calibration
8972,9,single_head_calibration
8973,5,single_head_calibration
8974,2,single_head_calibration
8975,8,single_head_calibration
8976,7,multihead_evaluation
8977,0,single_head_calibration
8978,6,single_head_calibration
8979,5,multihead_evaluation
8980,9,single_head_calibration
8981,7,single_head_calibration
8982,2,multihead_evaluation
8983,3,multihead_evaluation
8984,6,single_head_calibration
8985,9,single_head_calibration
8986,6,single_head_calibration
8987,2,single_head_calibration
8988,2,single_head_calibration
8989,4,single_head_calibration
8990,1,single_head_calibration
8991,0,multihead_evaluation
8992,5,single_head_calibration
8993,0,single_head_calibration
8994,8,single_head_calibration
8995,9,single_head_calibration
8996,3,single_head_calibration
8997,5,single_head_calibration
8998,9,single_head_calibration
8999,3,single_head_calibration
9000,8,single_head_calibration
9001,1,single_head_calibration
9002,6,single_head_calibration
9003,3,single_head_calibration
9004,7,single_head_calibration
9005,5,single_head_calibration
9006,6,single_head_calibration
9007,2,single_head_calibration
9008,0,single_head_calibration
9009,2,single_head_calibration
9010,8,single_head_calibration
9011,2,single_head_calibration
9012,8,single_head_calibration
9013,7,single_head_calibration
9014,7,single_head_calibration
9015,8,single_head_calibration
9016,1,single_head_calibration
9017,0,single_head_calibration
9018,8,single_head_calibration
9019,9,single_head_calibration
9020,7,single_head_calibration
9021,0,single_head_calibration
9022,3,single_head_calibration
9023,8,single_head_calibration
9024,0,single_head_calibration
9025,5,single_head_calibration
9026,9,single_head_calibration
9027,5,single_head_calibration
9028,8,single_head_calibration
9029,4,single_head_calibration
9030,2,single_head_calibration
9031,0,single_head_calibration
9032,9,multihead_evaluation
9033,2,single_head_calibration
9034,2,single_head_calibration
9035,4,single_head_calibration
9036,4,single_head_calibration
9037,9,single_head_calibration
9038,2,single_head_calibration
9039,2,single_head_calibration
9040,2,single_head_calibration
9041,5,single_head_calibration
9042,1,single_head_calibration
9043,3,single_head_calibration
9044,2,single_head_calibration
9045,0,single_head_calibration
9046,0,single_head_calibration
9047,4,single_head_calibration
9048,0,multihead_evaluation
9049,6,single_head_calibration
9050,5,multihead_evaluation
9051,8,single_head_calibration
9052,0,single_head_calibration
9053,5,single_head_calibration
9054,8,single_head_calibration
9055,6,single_head_calibration
9056,4,single_head_calibration
9057,8,single_head_calibration
9058,5,multihead_evaluation
9059,2,single_head_calibration
9060,9,single_head_calibration
9061,7,single_head_calibration
9062,9,single_head_calibration
9063,7,multihead_evaluation
9064,1,multihead_evaluation
9065,0,single_head_calibration
9066,1,single_head_calibration
9067,9,single_head_calibration
9068,6,single_head_calibration
9069,9,single_head_calibration
9070,2,single_head_calibration
9071,7,multihead_evaluation
9072,9,multihead_evaluation
9073,4,single_head_calibration
9074,4,single_head_calibration
9075,0,single_head_calibration
9076,6,single_head_calibration
9077,2,single_head_calibration
9078,4,single_head_calibration
9079,1,single_head_calibration
9080,3,single_head_calibration
9081,7,single_head_calibration
9082,2,single_head_calibration
9083,8,single_head_calibration
9084,5,multihead_evaluation
9085,9,single_head_calibration
9086,0,single_head_calibration
9087,3,single_head_calibration
9088,2,single_head_calibration
9089,3,single_head_calibration
9090,2,single_head_calibration
9091,7,single_head_calibration
9092,6,single_head_calibration
9093,3,single_head_calibration
9094,2,single_head_calibration
9095,5,single_head_calibration
9096,9,multihead_evaluation
9097,0,single_head_calibration
9098,5,single_head_calibration
9099,9,single_head_calibration
9100,9,single_head_calibration
9101,8,single_head_calibration
9102,7,single_head_calibration
9103,7,single_head_calibration
9104,4,single_head_calibration
9105,8,single_head_calibration
9106,6,single_head_calibration
9107,5,single_head_calibration
9108,2,single_head_calibration
9109,3,multihead_evaluation
9110,1,single_head_calibration
9111,0,single_head_calibration
9112,4,single_head_calibration
9113,1,single_head_calibration
9114,8,single_head_calibration
9115,8,single_head_calibration
9116,4,single_head_calibration
9117,9,single_head_calibration
9118,4,single_head_calibration
9119,4,single_head_calibration
9120,3,single_head_calibration
9121,3,single_head_calibration
9122,9,single_head_calibration
9123,2,single_head_calibration
9124,0,single_head_calibration
9125,1,single_head_calibration
9126,1,single_head_calibration
9127,8,single_head_calibration
9128,4,single_head_calibration
9129,4,single_head_calibration
9130,8,single_head_calibration
9131,3,multihead_evaluation
9132,2,single_head_calibration
9133,9,single_head_calibration
9134,5,single_head_calibration
9135,7,single_head_calibration
9136,6,single_head_calibration
9137,2,single_head_calibration
9138,5,single_head_calibration
9139,4,multihead_evaluation
9140,7,single_head_calibration
9141,3,single_head_calibration
9142,3,single_head_calibration
9143,9,single_head_calibration
9144,0,single_head_calibration
9145,1,single_head_calibration
9146,5,single_head_calibration
9147,9,single_head_calibration
9148,3,single_head_calibration
9149,7,single_head_calibration
9150,6,single_head_calibration
9151,0,single_head_calibration
9152,4,single_head_calibration
9153,2,single_head_calibration
9154,2,single_head_calibration
9155,5,single_head_calibration
9156,6,single_head_calibration
9157,3,single_head_calibration
9158,8,single_head_calibration
9159,9,multihead_evaluation
9160,5,single_head_calibration
9161,6,single_head_calibration
9162,1,single_head_calibration
9163,4,single_head_calibration
9164,5,single_head_calibration
9165,4,single_head_calibration
9166,6,single_head_calibration
9167,7,single_head_calibration
9168,2,single_head_calibration
9169,1,single_head_calibration
9170,0,single_head_calibration
9171,2,single_head_calibration
9172,0,single_head_calibration
9173,4,single_head_calibration
9174,9,single_head_calibration
9175,8,single_head_calibration
9176,8,single_head_calibration
9177,9,single_head_calibration
9178,1,multihead_evaluation
9179,1,single_head_calibration
9180,5,single_head_calibration
9181,0,single_head_calibration
9182,0,single_head_calibration
9183,8,single_head_calibration
9184,7,single_head_calibration
9185,1,single_head_calibration
9186,7,single_head_calibration
9187,4,single_head_calibration
9188,5,single_head_calibration
9189,4,single_head_calibration
9190,3,single_head_calibration
9191,3,single_head_calibration
9192,2,single_head_calibration
9193,0,single_head_calibration
9194,6,single_head_calibration
9195,6,single_head_calibration
9196,0,single_head_calibration
9197,1,single_head_calibration
9198,3,single_head_calibration
9199,9,single_head_calibration
9200,8,multihead_evaluation
9201,3,single_head_calibration
9202,7,single_head_calibration
9203,8,single_head_calibration
9204,9,single_head_calibration
9205,4,single_head_calibration
9206,8,single_head_calibration
9207,9,single_head_calibration
9208,0,single_head_calibration
9209,9,single_head_calibration
9210,7,single_head_calibration
9211,1,single_head_calibration
9212,6,multihead_evaluation
9213,2,single_head_calibration
9214,9,single_head_calibration
9215,5,single_head_calibration
9216,6,single_head_calibration
9217,9,single_head_calibration
9218,3,single_head_calibration
9219,9,single_head_calibration
9220,8,multihead_evaluation
9221,7,single_head_calibration
9222,7,single_head_calibration
9223,1,single_head_calibration
9224,6,single_head_calibration
9225,5,single_head_calibration
9226,3,single_head_calibration
9227,1,multihead_evaluation
9228,3,single_head_calibration
9229,1,single_head_calibration
9230,2,single_head_calibration
9231,7,single_head_calibration
9232,1,single_head_calibration
9233,8,multihead_evaluation
9234,2,single_head_calibration
9235,0,single_head_calibration
9236,9,single_head_calibration
9237,7,multihead_evaluation
9238,9,single_head_calibration
9239,8,multihead_evaluation
9240,8,single_head_calibration
9241,6,single_head_calibration
9242,7,single_head_calibration
9243,3,single_head_calibration
9244,7,single_head_calibration
9245,1,single_head_calibration
9246,3,single_head_calibration
9247,9,single_head_calibration
9248,0,single_head_calibration
9249,9,single_head_calibration
9250,3,single_head_calibration
9251,6,single_head_calibration
9252,7,single_head_calibration
9253,2,single_head_calibration
9254,7,single_head_calibration
9255,3,single_head_calibration
9256,0,single_head_calibration
9257,5,single_head_calibration
9258,9,single_head_calibration
9259,7,single_head_calibration
9260,5,single_head_calibration
9261,5,single_head_calibration
9262,0,multihead_evaluation
9263,6,multihead_evaluation
9264,5,single_head_calibration
9265,1,single_head_calibration
9266,8,single_head_calibration
9267,2,multihead_evaluation
9268,7,single_head_calibration
9269,5,single_head_calibration
9270,9,multihead_evaluation
9271,0,single_head_calibration
9272,0,single_head_calibration
9273,0,multihead_evaluation
9274,8,single_head_calibration
9275,8,single_head_calibration
9276,7,single_head_calibration
9277,3,single_head_calibration
9278,7,single_head_calibration
9279,8,single_head_calibration
9280,9,single_head_calibration
9281,3,single_head_calibration
9282,7,single_head_calibration
9283,9,single_head_calibration
9284,7,multihead_evaluation
9285,8,single_head_calibration
9286,7,single_head_calibration
9287,9,multihead_evaluation
9288,8,single_head_calibration
9289,5,single_head_calibration
9290,4,single_head_calibration
9291,8,single_head_calibration
9292,3,single_head_calibration
9293,7,single_head_calibration
9294,6,single_head_calibration
9295,3,multihead_evaluation
9296,8,multihead_evaluation
9297,2,single_head_calibration
9298,1,multihead_evaluation
9299,9,single_head_calibration
9300,5,multihead_evaluation
9301,7,single_head_calibration
9302,3,single_head_calibration
9303,9,single_head_calibration
9304,5,single_head_calibration
9305,5,single_head_calibration
9306,8,multihead_evaluation
9307,7,single_head_calibration
9308,3,single_head_calibration
9309,5,single_head_calibration
9310,3,single_head_calibration
9311,5,multihead_evaluation
9312,9,single_head_calibration
9313,7,single_head_calibration
9314,6,single_head_calibration
9315,7,single_head_calibration
9316,3,single_head_calibration
9317,6,single_head_calibration
9318,4,single_head_calibration
9319,3,single_head_calibration
9320,9,single_head_calibration
9321,4,single_head_calibration
9322,2,multihead_evaluation
9323,1,single_head_calibration
9324,9,single_head_calibration
9325,6,single_head_calibration
9326,0,single_head_calibration
9327,2,single_head_calibration
9328,6,single_head_calibration
9329,7,multihead_evaluation
9330,4,single_head_calibration
9331,7,single_head_calibration
9332,9,single_head_calibration
9333,0,single_head_calibration
9334,7,single_head_calibration
9335,4,single_head_calibration
9336,3,single_head_calibration
9337,5,single_head_calibration
9338,3,single_head_calibration
9339,1,single_head_calibration
9340,1,single_head_calibration
9341,2,multihead_evaluation
9342,6,single_head_calibration
9343,8,single_head_calibration
9344,2,single_head_calibration
9345,1,single_head_calibration
9346,7,single_head_calibration
9347,8,multihead_evaluation
9348,5,single_head_calibration
9349,9,single_head_calibration
9350,6,single_head_calibration
9351,1,single_head_calibration
9352,1,single_head_calibration
9353,5,single_head_calibration
9354,0,single_head_calibration
9355,6,single_head_calibration
9356,0,multihead_evaluation
9357,9,single_head_calibration
9358,2,single_head_calibration
9359,6,single_head_calibration
9360,5,single_head_calibration
9361,8,single_head_calibration
9362,9,single_head_calibration
9363,5,single_head_calibration
9364,5,single_head_calibration
9365,6,single_head_calibration
9366,2,single_head_calibration
9367,9,single_head_calibration
9368,1,single_head_calibration
9369,5,single_head_calibration
9370,8,single_head_calibration
9371,8,single_head_calibration
9372,7,multihead_evaluation
9373,1,single_head_calibration
9374,7,single_head_calibration
9375,3,multihead_evaluation
9376,5,multihead_evaluation
9377,4,single_head_calibration
9378,9,single_head_calibration
9379,7,single_head_calibration
9380,5,single_head_calibration
9381,2,single_head_calibration
9382,9,single_head_calibration
9383,9,single_head_calibration
9384,4,single_head_calibration
9385,7,single_head_calibration
9386,4,single_head_calibration
9387,1,multihead_evaluation
9388,3,single_head_calibration
9389,8,multihead_evaluation
9390,7,multihead_evaluation
9391,9,single_head_calibration
9392,0,single_head_calibration
9393,4,single_head_calibration
9394,5,multihead_evaluation
9395,7,single_head_calibration
9396,5,single_head_calibration
9397,2,single_head_calibration
9398,8,single_head_calibration
9399,7,single_head_calibration
9400,6,single_head_calibration
9401,9,single_head_calibration
9402,6,multihead_evaluation
9403,9,single_head_calibration
9404,3,multihead_evaluation
9405,8,single_head_calibration
9406,5,single_head_calibration
9407,6,single_head_calibration
9408,6,single_head_calibration
9409,9,single_head_calibration
9410,5,single_head_calibration
9411,7,single_head_calibration
9412,8,single_head_calibration
9413,0,single_head_calibration
9414,5,single_head_calibration
9415,0,single_head_calibration
9416,7,multihead_evaluation
9417,4,single_head_calibration
9418,8,single_head_calibration
9419,2,single_head_calibration
9420,5,single_head_calibration
9421,1,single_head_calibration
9422,3,single_head_calibration
9423,2,single_head_calibration
9424,2,single_head_calibration
9425,6,single_head_calibration
9426,2,single_head_calibration
9427,1,single_head_calibration
9428,7,single_head_calibration
9429,4,single_head_calibration
9430,6,single_head_calibration
9431,3,single_head_calibration
9432,1,single_head_calibration
9433,3,single_head_calibration
9434,7,single_head_calibration
9435,2,single_head_calibration
9436,1,single_head_calibration
9437,3,multihead_evaluation
9438,7,single_head_calibration
9439,0,single_head_calibration
9440,8,single_head_calibration
9441,4,single_head_calibration
9442,4,single_head_calibration
9443,5,single_head_calibration
9444,7,single_head_calibration
9445,9,single_head_calibration
9446,5,single_head_calibration
9447,4,single_head_calibration
9448,3,single_head_calibration
9449,9,single_head_calibration
9450,6,multihead_evaluation
9451,8,single_head_calibration
9452,2,single_head_calibration
9453,3,multihead_evaluation
9454,3,single_head_calibration
9455,1,single_head_calibration
9456,6,single_head_calibration
9457,1,single_head_calibration
9458,7,single_head_calibration
9459,0,single_head_calibration
9460,3,single_head_calibration
9461,4,single_head_calibration
9462,2,single_head_calibration
9463,9,single_head_calibration
9464,4,single_head_calibration
9465,5,single_head_calibration
9466,8,single_head_calibration
9467,2,single_head_calibration
9468,7,single_head_calibration
9469,0,single_head_calibration
9470,9,single_head_calibration
9471,6,single_head_calibration
9472,8,multihead_evaluation
9473,0,single_head_calibration
9474,8,multihead_evaluation
9475,2,single_head_calibration
9476,8,single_head_calibration
9477,5,multihead_evaluation
9478,7,single_head_calibration
9479,7,multihead_evaluation
9480,2,single_head_calibration
9481,2,single_head_calibration
9482,0,single_head_calibration
9483,0,single_head_calibration
9484,0,single_head_calibration
9485,7,single_head_calibration
9486,4,single_head_calibration
9487,1,single_head_calibration
9488,6,single_head_calibration
9489,6,single_head_calibration
9490,8,single_head_calibration
9491,8,single_head_calibration
9492,9,single_head_calibration
9493,0,single_head_calibration
9494,9,single_head_calibration
9495,0,single_head_calibration
9496,1,single_head_calibration
9497,3,single_head_calibration
9498,3,single_head_calibration
9499,0,single_head_calibration
9500,9,single_head_calibration
9501,6,single_head_calibration
9502,6,single_head_calibration
9503,2,single_head_calibration
9504,6,single_head_calibration
9505,3,single_head_calibration
9506,4,single_head_calibration
9507,0,single_head_calibration
9508,8,single_head_calibration
9509,4,single_head_calibration
9510,1,single_head_calibration
9511,4,single_head_calibration
9512,0,multihead_evaluation
9513,6,single_head_calibration
9514,5,multihead_evaluation
9515,0,single_head_calibration
9516,9,single_head_calibration
9517,9,single_head_calibration
9518,9,single_head_calibration
9519,9,single_head_calibration
9520,1,single_head_calibration
9521,2,single_head_calibration
9522,3,single_head_calibration
9523,5,single_head_calibration
9524,4,single_head_calibration
9525,2,single_head_calibration
9526,9,single_head_calibration
9527,6,single_head_calibration
9528,0,single_head_calibration
9529,9,single_head_calibration
9530,6,single_head_calibration
9531,6,single_head_calibration
9532,8,single_head_calibration
9533,0,single_head_calibration
9534,6,single_head_calibration
9535,1,single_head_calibration
9536,4,single_head_calibration
9537,6,single_head_calibration
9538,8,single_head_calibration
9539,0,single_head_calibration
9540,5,single_head_calibration
9541,4,single_head_calibration
9542,1,single_head_calibration
9543,2,single_head_calibration
9544,0,single_head_calibration
9545,9,single_head_calibration
9546,6,single_head_calibration
9547,4,single_head_calibration
9548,2,single_head_calibration
9549,4,single_head_calibration
9550,6,multihead_evaluation
9551,5,single_head_calibration
9552,9,single_head_calibration
9553,7,single_head_calibration
9554,7,single_head_calibration
9555,4,single_head_calibration
9556,6,single_head_calibration
9557,5,single_head_calibration
9558,0,single_head_calibration
9559,1,single_head_calibration
9560,9,multihead_evaluation
9561,0,single_head_calibration
9562,3,single_head_calibration
9563,1,single_head_calibration
9564,9,single_head_calibration
9565,0,single_head_calibration
9566,9,single_head_calibration
9567,7,single_head_calibration
9568,8,single_head_calibration
9569,6,single_head_calibration
9570,7,single_head_calibration
9571,6,single_head_calibration
9572,8,single_head_calibration
9573,2,single_head_calibration
9574,4,single_head_calibration
9575,5,single_head_calibration
9576,3,single_head_calibration
9577,0,single_head_calibration
9578,3,single_head_calibration
9579,2,single_head_calibration
9580,1,single_head_calibration
9581,7,single_head_calibration
9582,5,single_head_calibration
9583,9,single_head_calibration
9584,3,single_head_calibration
9585,4,single_head_calibration
9586,5,single_head_calibration
9587,7,single_head_calibration
9588,1,single_head_calibration
9589,5,single_head_calibration
9590,0,single_head_calibration
9591,1,multihead_evaluation
9592,1,single_head_calibration
9593,1,single_head_calibration
9594,9,single_head_calibration
9595,7,single_head_calibration
9596,5,single_head_calibration
9597,4,single_head_calibration
9598,9,single_head_calibration
9599,7,single_head_calibration
9600,8,single_head_calibration
9601,1,single_head_calibration
9602,0,single_head_calibration
9603,2,single_head_calibration
9604,8,single_head_calibration
9605,5,single_head_calibration
9606,6,single_head_calibration
9607,7,single_head_calibration
9608,0,single_head_calibration
9609,1,single_head_calibration
9610,4,single_head_calibration
9611,8,single_head_calibration
9612,4,single_head_calibration
9613,4,single_head_calibration
9614,6,single_head_calibration
9615,6,single_head_calibration
9616,5,multihead_evaluation
9617,8,single_head_calibration
9618,1,single_head_calibration
9619,8,single_head_calibration
9620,4,single_head_calibration
9621,6,single_head_calibration
9622,5,multihead_evaluation
9623,9,single_head_calibration
9624,2,single_head_calibration
9625,2,single_head_calibration
9626,1,single_head_calibration
9627,4,single_head_calibration
9628,9,single_head_calibration
9629,1,single_head_calibration
9630,6,single_head_calibration
9631,7,single_head_calibration
9632,2,single_head_calibration
9633,0,single_head_calibration
9634,1,single_head_calibration
9635,7,single_head_calibration
9636,6,multihead_evaluation
9637,5,single_head_calibration
9638,2,single_head_calibration
9639,2,single_head_calibration
9640,5,single_head_calibration
9641,6,single_head_calibration
9642,0,single_head_calibration
9643,9,single_head_calibration
9644,0,single_head_calibration
9645,1,single_head_calibration
9646,5,single_head_calibration
9647,3,single_head_calibration
9648,3,single_head_calibration
9649,5,single_head_calibration
9650,8,single_head_calibration
9651,7,single_head_calibration
9652,5,single_head_calibration
9653,6,single_head_calibration
9654,5,single_head_calibration
9655,8,single_head_calibration
9656,0,single_head_calibration
9657,5,single_head_calibration
9658,9,single_head_calibration
9659,4,single_head_calibration
9660,6,single_head_calibration
9661,5,single_head_calibration
9662,1,single_head_calibration
9663,1,single_head_calibration
9664,0,single_head_calibration
9665,3,single_head_calibration
9666,3,single_head_calibration
9667,9,multihead_evaluation
9668,4,single_head_calibration
9669,8,multihead_evaluation
9670,1,single_head_calibration
9671,7,single_head_calibration
9672,7,single_head_calibration
9673,9,single_head_calibration
9674,9,single_head_calibration
9675,4,single_head_calibration
9676,3,single_head_calibration
9677,6,single_head_calibration
9678,3,multihead_evaluation
9679,2,single_head_calibration
9680,8,single_head_calibration
9681,2,single_head_calibration
9682,7,single_head_calibration
9683,6,single_head_calibration
9684,7,single_head_calibration
9685,0,single_head_calibration
9686,2,multihead_evaluation
9687,1,multihead_evaluation
9688,2,single_head_calibration
9689,9,single_head_calibration
9690,4,single_head_calibration
9691,6,single_head_calibration
9692,9,single_head_calibration
9693,6,single_head_calibration
9694,1,single_head_calibration
9695,0,single_head_calibration
9696,1,single_head_calibration
9697,8,single_head_calibration
9698,7,single_head_calibration
9699,0,single_head_calibration
9700,0,single_head_calibration
9701,4,single_head_calibration
9702,7,single_head_calibration
9703,4,single_head_calibration
9704,2,single_head_calibration
9705,6,single_head_calibration
9706,9,single_head_calibration
9707,5,single_head_calibration
9708,9,single_head_calibration
9709,0,single_head_calibration
9710,7,single_head_calibration
9711,4,single_head_calibration
9712,5,single_head_calibration
9713,8,single_head_calibration
9714,1,single_head_calibration
9715,4,single_head_calibration
9716,7,single_head_calibration
9717,9,single_head_calibration
9718,9,single_head_calibration
9719,8,single_head_calibration
9720,8,single_head_calibration
9721,6,single_head_calibration
9722,3,single_head_calibration
9723,7,single_head_calibration
9724,0,single_head_calibration
9725,8,single_head_calibration
9726,9,single_head_calibration
9727,6,single_head_calibration
9728,2,multihead_evaluation
9729,4,single_head_calibration
9730,6,single_head_calibration
9731,2,single_head_calibration
9732,9,single_head_calibration
9733,7,single_head_calibration
9734,4,single_head_calibration
9735,6,multihead_evaluation
9736,8,single_head_calibration
9737,5,single_head_calibration
9738,6,single_head_calibration
9739,1,single_head_calibration
9740,3,single_head_calibration
9741,5,single_head_calibration
9742,9,single_head_calibration
9743,9,single_head_calibration
9744,1,single_head_calibration
9745,3,single_head_calibration
9746,2,single_head_calibration
9747,0,single_head_calibration
9748,3,single_head_calibration
9749,0,single_head_calibration
9750,2,single_head_calibration
9751,0,single_head_calibration
9752,7,single_head_calibration
9753,3,single_head_calibration
9754,9,single_head_calibration
9755,3,single_head_calibration
9756,5,single_head_calibration
9757,7,multihead_evaluation
9758,6,single_head_calibration
9759,5,single_head_calibration
9760,9,single_head_calibration
9761,5,multihead_evaluation
9762,6,single_head_calibration
9763,1,single_head_calibration
9764,2,single_head_calibration
9765,4,single_head_calibration
9766,0,single_head_calibration
9767,2,single_head_calibration
9768,7,single_head_calibration
9769,8,single_head_calibration
9770,4,single_head_calibration
9771,4,single_head_calibration
9772,0,single_head_calibration
9773,9,single_head_calibration
9774,5,single_head_calibration
9775,9,multihead_evaluation
9776,2,single_head_calibration
9777,9,single_head_calibration
9778,3,single_head_calibration
9779,2,single_head_calibration
9780,4,single_head_calibration
9781,3,single_head_calibration
9782,2,single_head_calibration
9783,2,single_head_calibration
9784,8,single_head_calibration
9785,8,single_head_calibration
9786,6,single_head_calibration
9787,8,single_head_calibration
9788,1,single_head_calibration
9789,6,single_head_calibration
9790,8,single_head_calibration
9791,9,single_head_calibration
9792,8,multihead_evaluation
9793,2,single_head_calibration
9794,1,single_head_calibration
9795,4,multihead_evaluation
9796,9,single_head_calibration
9797,1,single_head_calibration
9798,5,single_head_calibration
9799,7,single_head_calibration
9800,1,single_head_calibration
9801,6,single_head_calibration
9802,0,multihead_evaluation
9803,1,multihead_evaluation
9804,5,single_head_calibration
9805,2,single_head_calibration
9806,8,single_head_calibration
9807,1,single_head_calibration
9808,1,single_head_calibration
9809,3,single_head_calibration
9810,8,single_head_calibration
9811,1,single_head_calibration
9812,3,single_head_calibration
9813,1,single_head_calibration
9814,8,single_head_calibration
9815,5,single_head_calibration
9816,1,single_head_calibration
9817,9,single_head_calibration
9818,0,single_head_calibration
9819,3,single_head_calibration
9820,0,single_head_calibration
9821,4,single_head_calibration
9822,0,single_head_calibration
9823,5,single_head_calibration
9824,1,single_head_calibration
9825,2,multihead_evaluation
9826,0,single_head_calibration
9827,4,single_head_calibration
9828,9,multihead_evaluation
9829,5,single_head_calibration
9830,1,single_head_calibration
9831,2,single_head_calibration
9832,2,single_head_calibration
9833,7,single_head_calibration
9834,8,single_head_calibration
9835,7,single_head_calibration
9836,2,single_head_calibration
9837,4,single_head_calibration
9838,5,single_head_calibration
9839,3,single_head_calibration
9840,4,single_head_calibration
9841,0,single_head_calibration
9842,6,single_head_calibration
9843,1,single_head_calibration
9844,5,single_head_calibration
9845,9,single_head_calibration
9846,8,single_head_calibration
9847,0,single_head_calibration
9848,2,single_head_calibration
9849,0,single_head_calibration
9850,7,single_head_calibration
9851,6,single_head_calibration
9852,0,multihead_evaluation
9853,5,single_head_calibration
9854,9,single_head_calibration
9855,7,single_head_calibration
9856,5,single_head_calibration
9857,0,single_head_calibration
9858,4,single_head_calibration
9859,6,single_head_calibration
9860,0,single_head_calibration
9861,6,single_head_calibration
9862,3,multihead_evaluation
9863,6,single_head_calibration
9864,8,single_head_calibration
9865,1,single_head_calibration
9866,1,single_head_calibration
9867,8,single_head_calibration
9868,9,single_head_calibration
9869,7,single_head_calibration
9870,2,single_head_calibration
9871,9,single_head_calibration
9872,0,single_head_calibration
9873,2,single_head_calibration
9874,2,single_head_calibration
9875,9,single_head_calibration
9876,0,single_head_calibration
9877,6,single_head_calibration
9878,5,single_head_calibration
9879,7,single_head_calibration
9880,7,single_head_calibration
9881,9,single_head_calibration
9882,1,single_head_calibration
9883,7,multihead_evaluation
9884,9,single_head_calibration
9885,8,single_head_calibration
9886,4,single_head_calibration
9887,5,single_head_calibration
9888,0,single_head_calibration
9889,8,single_head_calibration
9890,0,single_head_calibration
9891,2,single_head_calibration
9892,5,single_head_calibration
9893,2,single_head_calibration
9894,1,single_head_calibration
9895,4,single_head_calibration
9896,4,multihead_evaluation
9897,8,single_head_calibration
9898,9,single_head_calibration
9899,7,single_head_calibration
9900,8,single_head_calibration
9901,3,single_head_calibration
9902,6,single_head_calibration
9903,6,multihead_evaluation
9904,0,single_head_calibration
9905,1,single_head_calibration
9906,1,single_head_calibration
9907,1,single_head_calibration
9908,8,single_head_calibration
9909,1,single_head_calibration
9910,4,single_head_calibration
9911,4,single_head_calibration
9912,0,single_head_calibration
9913,7,single_head_calibration
9914,8,single_head_calibration
9915,2,single_head_calibration
9916,1,single_head_calibration
9917,2,single_head_calibration
9918,5,single_head_calibration
9919,4,single_head_calibration
9920,6,single_head_calibration
9921,0,multihead_evaluation
9922,5,multihead_evaluation
9923,7,single_head_calibration
9924,4,single_head_calibration
9925,4,single_head_calibration
9926,3,single_head_calibration
9927,9,single_head_calibration
9928,5,single_head_calibration
9929,8,single_head_calibration
9930,8,single_head_calibration
9931,0,single_head_calibration
9932,8,single_head_calibration
9933,7,single_head_calibration
9934,4,single_head_calibration
9935,1,multihead_evaluation
9936,8,single_head_calibration
9937,4,single_head_calibration
9938,9,single_head_calibration
9939,5,single_head_calibration
9940,4,single_head_calibration
9941,1,single_head_calibration
9942,7,single_head_calibration
9943,7,single_head_calibration
9944,7,single_head_calibration
9945,7,single_head_calibration
9946,0,single_head_calibration
9947,3,single_head_calibration
9948,8,single_head_calibration
9949,3,single_head_calibration
9950,3,single_head_calibration
9951,0,single_head_calibration
9952,5,single_head_calibration
9953,7,single_head_calibration
9954,0,single_head_calibration
9955,8,single_head_calibration
9956,0,single_head_calibration
9957,0,single_head_calibration
9958,9,single_head_calibration
9959,2,single_head_calibration
9960,2,single_head_calibration
9961,3,single_head_calibration
9962,4,single_head_calibration
9963,8,single_head_calibration
9964,2,single_head_calibration
9965,2,single_head_calibration
9966,6,single_head_calibration
9967,3,multihead_evaluation
9968,3,single_head_calibration
9969,6,single_head_calibration
9970,2,single_head_calibration
9971,9,single_head_calibration
9972,4,single_head_calibration
9973,0,single_head_calibration
9974,1,multihead_evaluation
9975,7,single_head_calibration
9976,5,single_head_calibration
9977,5,single_head_calibration
9978,7,single_head_calibration
9979,3,single_head_calibration
9980,0,single_head_calibration
9981,4,multihead_evaluation
9982,2,single_head_calibration
9983,0,single_head_calibration
9984,7,single_head_calibration
9985,5,single_head_calibration
9986,8,multihead_evaluation
9987,0,single_head_calibration
9988,8,multihead_evaluation
9989,2,single_head_calibration
9990,7,single_head_calibration
9991,0,multihead_evaluation
9992,3,single_head_calibration
9993,5,single_head_calibration
9994,3,single_head_calibration
9995,8,single_head_calibration
9996,3,single_head_calibration
9997,5,single_head_calibration
9998,1,single_head_calibration
9999,7,single_head_calibration
