model,pair,bootstrap_id,cvm
base_transformer_agnews,N_fail vs D_mean,0,0.004679500230813628
base_transformer_agnews,N_fail vs D_mean,1,0.005014546012457119
base_transformer_agnews,N_fail vs D_mean,2,0.004218625773926582
base_transformer_agnews,N_fail vs D_mean,3,0.0024630424221682035
base_transformer_agnews,N_fail vs D_mean,4,0.0032175912764846777
base_transformer_agnews,N_fail vs D_mean,5,0.006149654290376492
base_transformer_agnews,N_fail vs D_mean,6,0.004761723340071668
base_transformer_agnews,N_fail vs D_mean,7,0.005491139876643284
base_transformer_agnews,N_fail vs D_mean,8,0.004947141298084073
base_transformer_agnews,N_fail vs D_mean,9,0.004773227208481941
base_transformer_agnews,N_fail vs D_mean,10,0.00461053647930876
base_transformer_agnews,N_fail vs D_mean,11,0.005403878956262137
base_transformer_agnews,N_fail vs D_mean,12,0.0040763729700147855
base_transformer_agnews,N_fail vs D_mean,13,0.004218014952831816
base_transformer_agnews,N_fail vs D_mean,14,0.00464663794405808
base_transformer_agnews,N_fail vs D_mean,15,0.002801294791060692
base_transformer_agnews,N_fail vs D_mean,16,0.00358203764264746
base_transformer_agnews,N_fail vs D_mean,17,0.0027489966218907846
base_transformer_agnews,N_fail vs D_mean,18,0.0037961545707982363
base_transformer_agnews,N_fail vs D_mean,19,0.003643754718026725
base_transformer_agnews,N_fail vs D_mean,20,0.006216496783245852
base_transformer_agnews,N_fail vs D_mean,21,0.004262905941742322
base_transformer_agnews,N_fail vs D_mean,22,0.00386505513586517
base_transformer_agnews,N_fail vs D_mean,23,0.004150060932334939
base_transformer_agnews,N_fail vs D_mean,24,0.0031904435960986295
base_transformer_agnews,N_fail vs D_mean,25,0.0029554011376839535
base_transformer_agnews,N_fail vs D_mean,26,0.004176886705163563
base_transformer_agnews,N_fail vs D_mean,27,0.0041235880948232335
base_transformer_agnews,N_fail vs D_mean,28,0.005087725089150792
base_transformer_agnews,N_fail vs D_mean,29,0.00413463268552477
base_transformer_agnews,N_fail vs D_mean,30,0.0056092635717840894
base_transformer_agnews,N_fail vs D_mean,31,0.0041481504199342625
base_transformer_agnews,N_fail vs D_mean,32,0.004770104704904524
base_transformer_agnews,N_fail vs D_mean,33,0.0030411913381464995
base_transformer_agnews,N_fail vs D_mean,34,0.004784842588130589
base_transformer_agnews,N_fail vs D_mean,35,0.004295155226421686
base_transformer_agnews,N_fail vs D_mean,36,0.0033830529160103545
base_transformer_agnews,N_fail vs D_mean,37,0.0038328956024610795
base_transformer_agnews,N_fail vs D_mean,38,0.0046991120700595945
base_transformer_agnews,N_fail vs D_mean,39,0.0040862806078551545
base_transformer_agnews,N_fail vs D_mean,40,0.004806657095039586
base_transformer_agnews,N_fail vs D_mean,41,0.0043122589342467505
base_transformer_agnews,N_fail vs D_mean,42,0.005510185647090899
base_transformer_agnews,N_fail vs D_mean,43,0.005466457270399804
base_transformer_agnews,N_fail vs D_mean,44,0.0036648788595033425
base_transformer_agnews,N_fail vs D_mean,45,0.0068594742525026845
base_transformer_agnews,N_fail vs D_mean,46,0.008113608494045525
base_transformer_agnews,N_fail vs D_mean,47,0.004821835894590428
base_transformer_agnews,N_fail vs D_mean,48,0.00432270671178684
base_transformer_agnews,N_fail vs D_mean,49,0.003982436017247154
base_transformer_agnews,N_fail vs D_mean,50,0.004349790749462892
base_transformer_agnews,N_fail vs D_mean,51,0.004378859757713569
base_transformer_agnews,N_fail vs D_mean,52,0.005009752958275778
base_transformer_agnews,N_fail vs D_mean,53,0.0033620631561718903
base_transformer_agnews,N_fail vs D_mean,54,0.0030678325612600197
base_transformer_agnews,N_fail vs D_mean,55,0.004043741504236571
base_transformer_agnews,N_fail vs D_mean,56,0.008408364695249908
base_transformer_agnews,N_fail vs D_mean,57,0.004104841910484741
base_transformer_agnews,N_fail vs D_mean,58,0.003870765568365699
base_transformer_agnews,N_fail vs D_mean,59,0.0055133717343595345
base_transformer_agnews,N_fail vs D_mean,60,0.0053145372758315905
base_transformer_agnews,N_fail vs D_mean,61,0.005589865580845314
base_transformer_agnews,N_fail vs D_mean,62,0.0036560494528463873
base_transformer_agnews,N_fail vs D_mean,63,0.00432232661189112
base_transformer_agnews,N_fail vs D_mean,64,0.0032061595478580698
base_transformer_agnews,N_fail vs D_mean,65,0.004260068133028453
base_transformer_agnews,N_fail vs D_mean,66,0.003992223835991842
base_transformer_agnews,N_fail vs D_mean,67,0.004508332023146814
base_transformer_agnews,N_fail vs D_mean,68,0.005487958003105596
base_transformer_agnews,N_fail vs D_mean,69,0.003960520383063585
base_transformer_agnews,N_fail vs D_mean,70,0.005657017341137014
base_transformer_agnews,N_fail vs D_mean,71,0.0037351110868053383
base_transformer_agnews,N_fail vs D_mean,72,0.004484032111632963
base_transformer_agnews,N_fail vs D_mean,73,0.006821180149586331
base_transformer_agnews,N_fail vs D_mean,74,0.006232086708555685
base_transformer_agnews,N_fail vs D_mean,75,0.005207418002986132
base_transformer_agnews,N_fail vs D_mean,76,0.004393496061717812
base_transformer_agnews,N_fail vs D_mean,77,0.0028708983898790602
base_transformer_agnews,N_fail vs D_mean,78,0.004060138371608834
base_transformer_agnews,N_fail vs D_mean,79,0.0038242779131725945
base_transformer_agnews,N_fail vs D_mean,80,0.005990188958224649
base_transformer_agnews,N_fail vs D_mean,81,0.005187390571391314
base_transformer_agnews,N_fail vs D_mean,82,0.004431679452527678
base_transformer_agnews,N_fail vs D_mean,83,0.0023209522285390543
base_transformer_agnews,N_fail vs D_mean,84,0.0040575462772685
base_transformer_agnews,N_fail vs D_mean,85,0.0060254879788385635
base_transformer_agnews,N_fail vs D_mean,86,0.0032795996120446305
base_transformer_agnews,N_fail vs D_mean,87,0.0032012757396350793
base_transformer_agnews,N_fail vs D_mean,88,0.003791346950417465
base_transformer_agnews,N_fail vs D_mean,89,0.00505843769398684
base_transformer_agnews,N_fail vs D_mean,90,0.006010507613557482
base_transformer_agnews,N_fail vs D_mean,91,0.004172044158661717
base_transformer_agnews,N_fail vs D_mean,92,0.004833025516919993
base_transformer_agnews,N_fail vs D_mean,93,0.0036139829788586035
base_transformer_agnews,N_fail vs D_mean,94,0.003634394226364328
base_transformer_agnews,N_fail vs D_mean,95,0.005406186024768386
base_transformer_agnews,N_fail vs D_mean,96,0.005307658496705654
base_transformer_agnews,N_fail vs D_mean,97,0.003025258877562197
base_transformer_agnews,N_fail vs D_mean,98,0.003983611983825348
base_transformer_agnews,N_fail vs D_mean,99,0.004364500139901495
base_transformer_agnews,N_fail vs D_mean,100,0.0038273490121823453
base_transformer_agnews,N_fail vs D_mean,101,0.0033824620561593017
base_transformer_agnews,N_fail vs D_mean,102,0.003999215291125362
base_transformer_agnews,N_fail vs D_mean,103,0.003997993066997643
base_transformer_agnews,N_fail vs D_mean,104,0.004256488203457398
base_transformer_agnews,N_fail vs D_mean,105,0.004582297424926894
base_transformer_agnews,N_fail vs D_mean,106,0.0044446063941570805
base_transformer_agnews,N_fail vs D_mean,107,0.0033127084469299754
base_transformer_agnews,N_fail vs D_mean,108,0.003507418701340234
base_transformer_agnews,N_fail vs D_mean,109,0.004224221225726892
base_transformer_agnews,N_fail vs D_mean,110,0.0030186323840987474
base_transformer_agnews,N_fail vs D_mean,111,0.0037958736939932465
base_transformer_agnews,N_fail vs D_mean,112,0.005648756430637969
base_transformer_agnews,N_fail vs D_mean,113,0.003995449481296391
base_transformer_agnews,N_fail vs D_mean,114,0.0031855745380182376
base_transformer_agnews,N_fail vs D_mean,115,0.004085778547636745
base_transformer_agnews,N_fail vs D_mean,116,0.005180371890981844
base_transformer_agnews,N_fail vs D_mean,117,0.005367237711661858
base_transformer_agnews,N_fail vs D_mean,118,0.004187864441238327
base_transformer_agnews,N_fail vs D_mean,119,0.0029300764100169937
base_transformer_agnews,N_fail vs D_mean,120,0.0027773511296125116
base_transformer_agnews,N_fail vs D_mean,121,0.005757279515974819
base_transformer_agnews,N_fail vs D_mean,122,0.00325474805956652
base_transformer_agnews,N_fail vs D_mean,123,0.0048170243674762175
base_transformer_agnews,N_fail vs D_mean,124,0.004667679996088983
base_transformer_agnews,N_fail vs D_mean,125,0.004725702070590255
base_transformer_agnews,N_fail vs D_mean,126,0.0034094271336385096
base_transformer_agnews,N_fail vs D_mean,127,0.005267985099988284
base_transformer_agnews,N_fail vs D_mean,128,0.004071088635541485
base_transformer_agnews,N_fail vs D_mean,129,0.0034576851597378153
base_transformer_agnews,N_fail vs D_mean,130,0.004400248464512853
base_transformer_agnews,N_fail vs D_mean,131,0.004133434962923349
base_transformer_agnews,N_fail vs D_mean,132,0.0035467006641719365
base_transformer_agnews,N_fail vs D_mean,133,0.00405264104181897
base_transformer_agnews,N_fail vs D_mean,134,0.005139932038974912
base_transformer_agnews,N_fail vs D_mean,135,0.003179037456565277
base_transformer_agnews,N_fail vs D_mean,136,0.004645915028162229
base_transformer_agnews,N_fail vs D_mean,137,0.0050332658433094694
base_transformer_agnews,N_fail vs D_mean,138,0.003936831124615559
base_transformer_agnews,N_fail vs D_mean,139,0.0033766010129368303
base_transformer_agnews,N_fail vs D_mean,140,0.004384344863412626
base_transformer_agnews,N_fail vs D_mean,141,0.0046213163379804755
base_transformer_agnews,N_fail vs D_mean,142,0.005211248937644897
base_transformer_agnews,N_fail vs D_mean,143,0.0034312549305279194
base_transformer_agnews,N_fail vs D_mean,144,0.0051678793953625944
base_transformer_agnews,N_fail vs D_mean,145,0.004045032182717657
base_transformer_agnews,N_fail vs D_mean,146,0.005499695132275863
base_transformer_agnews,N_fail vs D_mean,147,0.0033881764003647202
base_transformer_agnews,N_fail vs D_mean,148,0.0035728142365821685
base_transformer_agnews,N_fail vs D_mean,149,0.0033297850930908753
base_transformer_agnews,N_fail vs D_mean,150,0.004389270903698989
base_transformer_agnews,N_fail vs D_mean,151,0.005584144908265266
base_transformer_agnews,N_fail vs D_mean,152,0.0027191243752916995
base_transformer_agnews,N_fail vs D_mean,153,0.003964274094898733
base_transformer_agnews,N_fail vs D_mean,154,0.0035388222810576724
base_transformer_agnews,N_fail vs D_mean,155,0.003001706766738467
base_transformer_agnews,N_fail vs D_mean,156,0.004419353421553088
base_transformer_agnews,N_fail vs D_mean,157,0.0037719671495819503
base_transformer_agnews,N_fail vs D_mean,158,0.003927302763796734
base_transformer_agnews,N_fail vs D_mean,159,0.005983938973290032
base_transformer_agnews,N_fail vs D_mean,160,0.0031261597518332388
base_transformer_agnews,N_fail vs D_mean,161,0.0036347129962094435
base_transformer_agnews,N_fail vs D_mean,162,0.004208772321722202
base_transformer_agnews,N_fail vs D_mean,163,0.006406233731703653
base_transformer_agnews,N_fail vs D_mean,164,0.005437689871340777
base_transformer_agnews,N_fail vs D_mean,165,0.003392197257704708
base_transformer_agnews,N_fail vs D_mean,166,0.003256154833173746
base_transformer_agnews,N_fail vs D_mean,167,0.00412477871530684
base_transformer_agnews,N_fail vs D_mean,168,0.004792181283336653
base_transformer_agnews,N_fail vs D_mean,169,0.004441333619718097
base_transformer_agnews,N_fail vs D_mean,170,0.004173904659175944
base_transformer_agnews,N_fail vs D_mean,171,0.0024777296990123668
base_transformer_agnews,N_fail vs D_mean,172,0.00349555900165942
base_transformer_agnews,N_fail vs D_mean,173,0.005516127331617014
base_transformer_agnews,N_fail vs D_mean,174,0.0036969929630939155
base_transformer_agnews,N_fail vs D_mean,175,0.003949650531224388
base_transformer_agnews,N_fail vs D_mean,176,0.0055236972788398
base_transformer_agnews,N_fail vs D_mean,177,0.0034677867044971707
base_transformer_agnews,N_fail vs D_mean,178,0.004857125240809876
base_transformer_agnews,N_fail vs D_mean,179,0.003976782400112335
base_transformer_agnews,N_fail vs D_mean,180,0.0033234893363974245
base_transformer_agnews,N_fail vs D_mean,181,0.006349021546570524
base_transformer_agnews,N_fail vs D_mean,182,0.004566341822576164
base_transformer_agnews,N_fail vs D_mean,183,0.0038600719254246528
base_transformer_agnews,N_fail vs D_mean,184,0.004941693640099864
base_transformer_agnews,N_fail vs D_mean,185,0.004219791264104806
base_transformer_agnews,N_fail vs D_mean,186,0.005176388859490365
base_transformer_agnews,N_fail vs D_mean,187,0.002369242884228271
base_transformer_agnews,N_fail vs D_mean,188,0.0033921045259864336
base_transformer_agnews,N_fail vs D_mean,189,0.006342285824297047
base_transformer_agnews,N_fail vs D_mean,190,0.004747024821172023
base_transformer_agnews,N_fail vs D_mean,191,0.004068226368285344
base_transformer_agnews,N_fail vs D_mean,192,0.003409129590319586
base_transformer_agnews,N_fail vs D_mean,193,0.004329611056288245
base_transformer_agnews,N_fail vs D_mean,194,0.0048456911030771285
base_transformer_agnews,N_fail vs D_mean,195,0.004882749532835605
base_transformer_agnews,N_fail vs D_mean,196,0.0027066772824842888
base_transformer_agnews,N_fail vs D_mean,197,0.0032436301088321798
base_transformer_agnews,N_fail vs D_mean,198,0.004106113187125883
base_transformer_agnews,N_fail vs D_mean,199,0.003924256828549893
base_transformer_agnews,N_fail vs D_mean,200,0.0030938393750821313
base_transformer_agnews,N_fail vs D_mean,201,0.006950305650837144
base_transformer_agnews,N_fail vs D_mean,202,0.0028564008538777973
base_transformer_agnews,N_fail vs D_mean,203,0.006026088980129216
base_transformer_agnews,N_fail vs D_mean,204,0.004522729591788943
base_transformer_agnews,N_fail vs D_mean,205,0.004346311367988073
base_transformer_agnews,N_fail vs D_mean,206,0.005225549962154997
base_transformer_agnews,N_fail vs D_mean,207,0.006772110136930907
base_transformer_agnews,N_fail vs D_mean,208,0.005393669111908879
base_transformer_agnews,N_fail vs D_mean,209,0.004561956883926288
base_transformer_agnews,N_fail vs D_mean,210,0.004761136226575637
base_transformer_agnews,N_fail vs D_mean,211,0.004260772584218704
base_transformer_agnews,N_fail vs D_mean,212,0.0039057982573739197
base_transformer_agnews,N_fail vs D_mean,213,0.003043955968233509
base_transformer_agnews,N_fail vs D_mean,214,0.0032429778611618634
base_transformer_agnews,N_fail vs D_mean,215,0.0030587296911487993
base_transformer_agnews,N_fail vs D_mean,216,0.006714671670237604
base_transformer_agnews,N_fail vs D_mean,217,0.002985599545706168
base_transformer_agnews,N_fail vs D_mean,218,0.004280391319040568
base_transformer_agnews,N_fail vs D_mean,219,0.002469794787268436
base_transformer_agnews,N_fail vs D_mean,220,0.00411068858837379
base_transformer_agnews,N_fail vs D_mean,221,0.005089952125517268
base_transformer_agnews,N_fail vs D_mean,222,0.0030899860975835843
base_transformer_agnews,N_fail vs D_mean,223,0.005876982345463925
base_transformer_agnews,N_fail vs D_mean,224,0.0029888472906314063
base_transformer_agnews,N_fail vs D_mean,225,0.004834794996496328
base_transformer_agnews,N_fail vs D_mean,226,0.004480441845479202
base_transformer_agnews,N_fail vs D_mean,227,0.0036354459270175775
base_transformer_agnews,N_fail vs D_mean,228,0.0041932517352042025
base_transformer_agnews,N_fail vs D_mean,229,0.004361060553828595
base_transformer_agnews,N_fail vs D_mean,230,0.0033872242341689896
base_transformer_agnews,N_fail vs D_mean,231,0.0035749088346624927
base_transformer_agnews,N_fail vs D_mean,232,0.004805931894705109
base_transformer_agnews,N_fail vs D_mean,233,0.0038538166353968423
base_transformer_agnews,N_fail vs D_mean,234,0.003999534622951619
base_transformer_agnews,N_fail vs D_mean,235,0.004460114465479156
base_transformer_agnews,N_fail vs D_mean,236,0.003778400621290214
base_transformer_agnews,N_fail vs D_mean,237,0.004848498625640914
base_transformer_agnews,N_fail vs D_mean,238,0.002446137046164229
base_transformer_agnews,N_fail vs D_mean,239,0.003945440538224602
base_transformer_agnews,N_fail vs D_mean,240,0.004339291284589647
base_transformer_agnews,N_fail vs D_mean,241,0.0044372497122425365
base_transformer_agnews,N_fail vs D_mean,242,0.0038508515242027144
base_transformer_agnews,N_fail vs D_mean,243,0.0043182070789927725
base_transformer_agnews,N_fail vs D_mean,244,0.004061872440012113
base_transformer_agnews,N_fail vs D_mean,245,0.006490809550470104
base_transformer_agnews,N_fail vs D_mean,246,0.0038770114361849654
base_transformer_agnews,N_fail vs D_mean,247,0.003478982288117889
base_transformer_agnews,N_fail vs D_mean,248,0.0033634106527276235
base_transformer_agnews,N_fail vs D_mean,249,0.00414669615849314
base_transformer_agnews,N_fail vs D_mean,250,0.0031090812426005352
base_transformer_agnews,N_fail vs D_mean,251,0.005739114755348442
base_transformer_agnews,N_fail vs D_mean,252,0.005025526035164925
base_transformer_agnews,N_fail vs D_mean,253,0.004313982269847038
base_transformer_agnews,N_fail vs D_mean,254,0.004253432330481794
base_transformer_agnews,N_fail vs D_mean,255,0.003939501102730454
base_transformer_agnews,N_fail vs D_mean,256,0.006118571949413832
base_transformer_agnews,N_fail vs D_mean,257,0.0044071353708201285
base_transformer_agnews,N_fail vs D_mean,258,0.003217430020617235
base_transformer_agnews,N_fail vs D_mean,259,0.002459676559622977
base_transformer_agnews,N_fail vs D_mean,260,0.004491975989203217
base_transformer_agnews,N_fail vs D_mean,261,0.0029761964565506414
base_transformer_agnews,N_fail vs D_mean,262,0.0050996038502012135
base_transformer_agnews,N_fail vs D_mean,263,0.004455279484232585
base_transformer_agnews,N_fail vs D_mean,264,0.0037969763185567683
base_transformer_agnews,N_fail vs D_mean,265,0.004829515936887376
base_transformer_agnews,N_fail vs D_mean,266,0.005605871168041803
base_transformer_agnews,N_fail vs D_mean,267,0.00574302126133871
base_transformer_agnews,N_fail vs D_mean,268,0.005069917616380301
base_transformer_agnews,N_fail vs D_mean,269,0.003688719355114074
base_transformer_agnews,N_fail vs D_mean,270,0.006879597233241509
base_transformer_agnews,N_fail vs D_mean,271,0.005341823908932517
base_transformer_agnews,N_fail vs D_mean,272,0.0027916779360886834
base_transformer_agnews,N_fail vs D_mean,273,0.004677770819933358
base_transformer_agnews,N_fail vs D_mean,274,0.0037234792584722423
base_transformer_agnews,N_fail vs D_mean,275,0.006616230708635041
base_transformer_agnews,N_fail vs D_mean,276,0.004625074797626522
base_transformer_agnews,N_fail vs D_mean,277,0.004620399975264981
base_transformer_agnews,N_fail vs D_mean,278,0.002736079033296056
base_transformer_agnews,N_fail vs D_mean,279,0.003886057425309772
base_transformer_agnews,N_fail vs D_mean,280,0.0043818425184374565
base_transformer_agnews,N_fail vs D_mean,281,0.005213416994963789
base_transformer_agnews,N_fail vs D_mean,282,0.0036843715619648307
base_transformer_agnews,N_fail vs D_mean,283,0.003809550929744176
base_transformer_agnews,N_fail vs D_mean,284,0.004675320947451465
base_transformer_agnews,N_fail vs D_mean,285,0.00484982075068502
base_transformer_agnews,N_fail vs D_mean,286,0.004207426973244939
base_transformer_agnews,N_fail vs D_mean,287,0.006584187095520055
base_transformer_agnews,N_fail vs D_mean,288,0.005177876709453964
base_transformer_agnews,N_fail vs D_mean,289,0.003145134279847861
base_transformer_agnews,N_fail vs D_mean,290,0.0048279689535874965
base_transformer_agnews,N_fail vs D_mean,291,0.0047953611793910295
base_transformer_agnews,N_fail vs D_mean,292,0.0037358034156944786
base_transformer_agnews,N_fail vs D_mean,293,0.0033643839278448733
base_transformer_agnews,N_fail vs D_mean,294,0.0035714878724627864
base_transformer_agnews,N_fail vs D_mean,295,0.0037398541291905445
base_transformer_agnews,N_fail vs D_mean,296,0.0031691258528084693
base_transformer_agnews,N_fail vs D_mean,297,0.0033748431829003695
base_transformer_agnews,N_fail vs D_mean,298,0.006345507939794935
base_transformer_agnews,N_fail vs D_mean,299,0.005567564889083085
base_transformer_agnews,N_fail vs D_mean,300,0.005124940277958091
base_transformer_agnews,N_fail vs D_mean,301,0.004970909781610507
base_transformer_agnews,N_fail vs D_mean,302,0.004955462123297019
base_transformer_agnews,N_fail vs D_mean,303,0.0032538212090386476
base_transformer_agnews,N_fail vs D_mean,304,0.0025555963847817237
base_transformer_agnews,N_fail vs D_mean,305,0.0045991524030935494
base_transformer_agnews,N_fail vs D_mean,306,0.004298042283132498
base_transformer_agnews,N_fail vs D_mean,307,0.003038892208023571
base_transformer_agnews,N_fail vs D_mean,308,0.004851538163778585
base_transformer_agnews,N_fail vs D_mean,309,0.006901974873989954
base_transformer_agnews,N_fail vs D_mean,310,0.0035802799832831116
base_transformer_agnews,N_fail vs D_mean,311,0.0031731250724815205
base_transformer_agnews,N_fail vs D_mean,312,0.003722570022585449
base_transformer_agnews,N_fail vs D_mean,313,0.003478828456650221
base_transformer_agnews,N_fail vs D_mean,314,0.0026959819745699448
base_transformer_agnews,N_fail vs D_mean,315,0.0036152388748610167
base_transformer_agnews,N_fail vs D_mean,316,0.004723022378594066
base_transformer_agnews,N_fail vs D_mean,317,0.005926226502471736
base_transformer_agnews,N_fail vs D_mean,318,0.0064048243691020995
base_transformer_agnews,N_fail vs D_mean,319,0.004046266320875364
base_transformer_agnews,N_fail vs D_mean,320,0.004580205994468097
base_transformer_agnews,N_fail vs D_mean,321,0.0055815081062599164
base_transformer_agnews,N_fail vs D_mean,322,0.003645574946950237
base_transformer_agnews,N_fail vs D_mean,323,0.0047728385778602654
base_transformer_agnews,N_fail vs D_mean,324,0.004844004333289104
base_transformer_agnews,N_fail vs D_mean,325,0.004824444523775753
base_transformer_agnews,N_fail vs D_mean,326,0.004296412231345263
base_transformer_agnews,N_fail vs D_mean,327,0.0033671383151447553
base_transformer_agnews,N_fail vs D_mean,328,0.0034554226652432555
base_transformer_agnews,N_fail vs D_mean,329,0.0042418220781544
base_transformer_agnews,N_fail vs D_mean,330,0.004668255211215179
base_transformer_agnews,N_fail vs D_mean,331,0.003280962852102282
base_transformer_agnews,N_fail vs D_mean,332,0.004055046055727241
base_transformer_agnews,N_fail vs D_mean,333,0.0027775065320172682
base_transformer_agnews,N_fail vs D_mean,334,0.003490696023077172
base_transformer_agnews,N_fail vs D_mean,335,0.005507029356923014
base_transformer_agnews,N_fail vs D_mean,336,0.0023183436581771994
base_transformer_agnews,N_fail vs D_mean,337,0.003567034203969327
base_transformer_agnews,N_fail vs D_mean,338,0.0032693933213111164
base_transformer_agnews,N_fail vs D_mean,339,0.004460102010313335
base_transformer_agnews,N_fail vs D_mean,340,0.0031637785862204757
base_transformer_agnews,N_fail vs D_mean,341,0.004372979305074692
base_transformer_agnews,N_fail vs D_mean,342,0.003539489283069342
base_transformer_agnews,N_fail vs D_mean,343,0.0032459183587201824
base_transformer_agnews,N_fail vs D_mean,344,0.002660097132151717
base_transformer_agnews,N_fail vs D_mean,345,0.004117945712576782
base_transformer_agnews,N_fail vs D_mean,346,0.005419229421635981
base_transformer_agnews,N_fail vs D_mean,347,0.0044815230883503455
base_transformer_agnews,N_fail vs D_mean,348,0.004821506686582551
base_transformer_agnews,N_fail vs D_mean,349,0.004093791943266293
base_transformer_agnews,N_fail vs D_mean,350,0.004410051625739077
base_transformer_agnews,N_fail vs D_mean,351,0.004399747319377322
base_transformer_agnews,N_fail vs D_mean,352,0.006794737021586252
base_transformer_agnews,N_fail vs D_mean,353,0.005469882947866171
base_transformer_agnews,N_fail vs D_mean,354,0.004872651106000974
base_transformer_agnews,N_fail vs D_mean,355,0.004261802326898095
base_transformer_agnews,N_fail vs D_mean,356,0.0037613146201285292
base_transformer_agnews,N_fail vs D_mean,357,0.005758443212726079
base_transformer_agnews,N_fail vs D_mean,358,0.00430465200884865
base_transformer_agnews,N_fail vs D_mean,359,0.004411644291903652
base_transformer_agnews,N_fail vs D_mean,360,0.003749717651658017
base_transformer_agnews,N_fail vs D_mean,361,0.0026377815726861572
base_transformer_agnews,N_fail vs D_mean,362,0.004201475047533624
base_transformer_agnews,N_fail vs D_mean,363,0.0037805589779813338
base_transformer_agnews,N_fail vs D_mean,364,0.0052290676790935145
base_transformer_agnews,N_fail vs D_mean,365,0.0032034924954465636
base_transformer_agnews,N_fail vs D_mean,366,0.003929533503778038
base_transformer_agnews,N_fail vs D_mean,367,0.005655686216621316
base_transformer_agnews,N_fail vs D_mean,368,0.003034982021725628
base_transformer_agnews,N_fail vs D_mean,369,0.0029804639228298794
base_transformer_agnews,N_fail vs D_mean,370,0.0035905278837623225
base_transformer_agnews,N_fail vs D_mean,371,0.004671593920114013
base_transformer_agnews,N_fail vs D_mean,372,0.0051964027316203565
base_transformer_agnews,N_fail vs D_mean,373,0.00536136911944353
base_transformer_agnews,N_fail vs D_mean,374,0.007498814869524155
base_transformer_agnews,N_fail vs D_mean,375,0.0047693411550727045
base_transformer_agnews,N_fail vs D_mean,376,0.0034995587595024213
base_transformer_agnews,N_fail vs D_mean,377,0.005328338700130572
base_transformer_agnews,N_fail vs D_mean,378,0.004359805228298472
base_transformer_agnews,N_fail vs D_mean,379,0.005598922001392108
base_transformer_agnews,N_fail vs D_mean,380,0.004645371258535625
base_transformer_agnews,N_fail vs D_mean,381,0.005183917671171462
base_transformer_agnews,N_fail vs D_mean,382,0.0046190573138121215
base_transformer_agnews,N_fail vs D_mean,383,0.005655039724339008
base_transformer_agnews,N_fail vs D_mean,384,0.004302932120262656
base_transformer_agnews,N_fail vs D_mean,385,0.0038660159812667107
base_transformer_agnews,N_fail vs D_mean,386,0.0035617307016220455
base_transformer_agnews,N_fail vs D_mean,387,0.003629932642073027
base_transformer_agnews,N_fail vs D_mean,388,0.0034967938435577256
base_transformer_agnews,N_fail vs D_mean,389,0.0031885813250898875
base_transformer_agnews,N_fail vs D_mean,390,0.005156188804283083
base_transformer_agnews,N_fail vs D_mean,391,0.004858987132960868
base_transformer_agnews,N_fail vs D_mean,392,0.0036184994354291314
base_transformer_agnews,N_fail vs D_mean,393,0.002988276207284064
base_transformer_agnews,N_fail vs D_mean,394,0.00448208729125203
base_transformer_agnews,N_fail vs D_mean,395,0.0035883844951059883
base_transformer_agnews,N_fail vs D_mean,396,0.005389988246124088
base_transformer_agnews,N_fail vs D_mean,397,0.004140107693405777
base_transformer_agnews,N_fail vs D_mean,398,0.0036654142092509548
base_transformer_agnews,N_fail vs D_mean,399,0.003595111623784137
base_transformer_agnews,N_fail vs D_mean,400,0.0042067872383941855
base_transformer_agnews,N_fail vs D_mean,401,0.004153205613938869
base_transformer_agnews,N_fail vs D_mean,402,0.005846283308730739
base_transformer_agnews,N_fail vs D_mean,403,0.004413420977252731
base_transformer_agnews,N_fail vs D_mean,404,0.00291641984826316
base_transformer_agnews,N_fail vs D_mean,405,0.005057391897858874
base_transformer_agnews,N_fail vs D_mean,406,0.003529802110059201
base_transformer_agnews,N_fail vs D_mean,407,0.004432582588639409
base_transformer_agnews,N_fail vs D_mean,408,0.0048177406470953435
base_transformer_agnews,N_fail vs D_mean,409,0.003912313712352843
base_transformer_agnews,N_fail vs D_mean,410,0.004041765416425253
base_transformer_agnews,N_fail vs D_mean,411,0.005829081001136896
base_transformer_agnews,N_fail vs D_mean,412,0.003741052583550817
base_transformer_agnews,N_fail vs D_mean,413,0.00458281997625032
base_transformer_agnews,N_fail vs D_mean,414,0.004072283859771787
base_transformer_agnews,N_fail vs D_mean,415,0.002874896478879803
base_transformer_agnews,N_fail vs D_mean,416,0.00407473942850109
base_transformer_agnews,N_fail vs D_mean,417,0.004859421993138831
base_transformer_agnews,N_fail vs D_mean,418,0.006749199394236119
base_transformer_agnews,N_fail vs D_mean,419,0.004464809826746859
base_transformer_agnews,N_fail vs D_mean,420,0.003967718960024735
base_transformer_agnews,N_fail vs D_mean,421,0.004984250762613622
base_transformer_agnews,N_fail vs D_mean,422,0.002965973665922754
base_transformer_agnews,N_fail vs D_mean,423,0.004052661677547389
base_transformer_agnews,N_fail vs D_mean,424,0.006496202127356835
base_transformer_agnews,N_fail vs D_mean,425,0.0037376745810134373
base_transformer_agnews,N_fail vs D_mean,426,0.003973510005099404
base_transformer_agnews,N_fail vs D_mean,427,0.0032835308164781063
base_transformer_agnews,N_fail vs D_mean,428,0.0037758204966674416
base_transformer_agnews,N_fail vs D_mean,429,0.005066399986919337
base_transformer_agnews,N_fail vs D_mean,430,0.0039191301149102955
base_transformer_agnews,N_fail vs D_mean,431,0.004850984304889664
base_transformer_agnews,N_fail vs D_mean,432,0.003582352451277347
base_transformer_agnews,N_fail vs D_mean,433,0.0033563248948384255
base_transformer_agnews,N_fail vs D_mean,434,0.004837756776873231
base_transformer_agnews,N_fail vs D_mean,435,0.00539672420982093
base_transformer_agnews,N_fail vs D_mean,436,0.005231794232828709
base_transformer_agnews,N_fail vs D_mean,437,0.0038344440901778064
base_transformer_agnews,N_fail vs D_mean,438,0.006260277377526831
base_transformer_agnews,N_fail vs D_mean,439,0.004019604749071881
base_transformer_agnews,N_fail vs D_mean,440,0.004614459174250738
base_transformer_agnews,N_fail vs D_mean,441,0.004889341465509011
base_transformer_agnews,N_fail vs D_mean,442,0.005445705558470645
base_transformer_agnews,N_fail vs D_mean,443,0.002843537934541447
base_transformer_agnews,N_fail vs D_mean,444,0.003295304764567793
base_transformer_agnews,N_fail vs D_mean,445,0.0035793507520096076
base_transformer_agnews,N_fail vs D_mean,446,0.004168040378162775
base_transformer_agnews,N_fail vs D_mean,447,0.004504296274653999
base_transformer_agnews,N_fail vs D_mean,448,0.003974680702835527
base_transformer_agnews,N_fail vs D_mean,449,0.004433127964406434
base_transformer_agnews,N_fail vs D_mean,450,0.005312777477158453
base_transformer_agnews,N_fail vs D_mean,451,0.004127948179469647
base_transformer_agnews,N_fail vs D_mean,452,0.004616131423338263
base_transformer_agnews,N_fail vs D_mean,453,0.0028005012031780234
base_transformer_agnews,N_fail vs D_mean,454,0.004776160691029578
base_transformer_agnews,N_fail vs D_mean,455,0.003597768540278573
base_transformer_agnews,N_fail vs D_mean,456,0.0064420784373053815
base_transformer_agnews,N_fail vs D_mean,457,0.004317893922451844
base_transformer_agnews,N_fail vs D_mean,458,0.0043192609599814625
base_transformer_agnews,N_fail vs D_mean,459,0.0049779958205174585
base_transformer_agnews,N_fail vs D_mean,460,0.0025475159404179486
base_transformer_agnews,N_fail vs D_mean,461,0.004440203169341451
base_transformer_agnews,N_fail vs D_mean,462,0.004186450894232645
base_transformer_agnews,N_fail vs D_mean,463,0.004154913779147691
base_transformer_agnews,N_fail vs D_mean,464,0.003657326323536912
base_transformer_agnews,N_fail vs D_mean,465,0.004161059982554844
base_transformer_agnews,N_fail vs D_mean,466,0.005192733649212965
base_transformer_agnews,N_fail vs D_mean,467,0.003663289693881921
base_transformer_agnews,N_fail vs D_mean,468,0.0049527787665502405
base_transformer_agnews,N_fail vs D_mean,469,0.003325749578024146
base_transformer_agnews,N_fail vs D_mean,470,0.0047021929435824205
base_transformer_agnews,N_fail vs D_mean,471,0.003676862690784345
base_transformer_agnews,N_fail vs D_mean,472,0.004468580195131799
base_transformer_agnews,N_fail vs D_mean,473,0.005937131623869836
base_transformer_agnews,N_fail vs D_mean,474,0.004296226249959075
base_transformer_agnews,N_fail vs D_mean,475,0.004026926651758014
base_transformer_agnews,N_fail vs D_mean,476,0.002846401823360561
base_transformer_agnews,N_fail vs D_mean,477,0.003361183831543273
base_transformer_agnews,N_fail vs D_mean,478,0.006413035516874407
base_transformer_agnews,N_fail vs D_mean,479,0.003784383717726756
base_transformer_agnews,N_fail vs D_mean,480,0.004595874314689824
base_transformer_agnews,N_fail vs D_mean,481,0.0032209210839486595
base_transformer_agnews,N_fail vs D_mean,482,0.004090542584678263
base_transformer_agnews,N_fail vs D_mean,483,0.003918895958926096
base_transformer_agnews,N_fail vs D_mean,484,0.005779497676796059
base_transformer_agnews,N_fail vs D_mean,485,0.0026978906859344556
base_transformer_agnews,N_fail vs D_mean,486,0.004753434352917546
base_transformer_agnews,N_fail vs D_mean,487,0.0043799507594542465
base_transformer_agnews,N_fail vs D_mean,488,0.0050894900261697915
base_transformer_agnews,N_fail vs D_mean,489,0.004166082814486284
base_transformer_agnews,N_fail vs D_mean,490,0.004000232424690276
base_transformer_agnews,N_fail vs D_mean,491,0.004740324258374786
base_transformer_agnews,N_fail vs D_mean,492,0.003384594953037447
base_transformer_agnews,N_fail vs D_mean,493,0.004267212522324315
base_transformer_agnews,N_fail vs D_mean,494,0.00309778911509725
base_transformer_agnews,N_fail vs D_mean,495,0.0031050751653622834
base_transformer_agnews,N_fail vs D_mean,496,0.003709692816458279
base_transformer_agnews,N_fail vs D_mean,497,0.0054338787918146855
base_transformer_agnews,N_fail vs D_mean,498,0.003684312049684596
base_transformer_agnews,N_fail vs D_mean,499,0.00396450772739535
base_transformer_agnews,W_fail vs D_mean,0,0.002701354460830791
base_transformer_agnews,W_fail vs D_mean,1,0.004178719737552674
base_transformer_agnews,W_fail vs D_mean,2,0.0033611845095773353
base_transformer_agnews,W_fail vs D_mean,3,0.004189576082194775
base_transformer_agnews,W_fail vs D_mean,4,0.004248854522936904
base_transformer_agnews,W_fail vs D_mean,5,0.0051759068011292
base_transformer_agnews,W_fail vs D_mean,6,0.003944044148951365
base_transformer_agnews,W_fail vs D_mean,7,0.0036149819642780044
base_transformer_agnews,W_fail vs D_mean,8,0.0036152581839743363
base_transformer_agnews,W_fail vs D_mean,9,0.006160967427678646
base_transformer_agnews,W_fail vs D_mean,10,0.0028075320473138063
base_transformer_agnews,W_fail vs D_mean,11,0.0056316941586434695
base_transformer_agnews,W_fail vs D_mean,12,0.003625027717627664
base_transformer_agnews,W_fail vs D_mean,13,0.003712170613242914
base_transformer_agnews,W_fail vs D_mean,14,0.004153247162230978
base_transformer_agnews,W_fail vs D_mean,15,0.0045298000354752725
base_transformer_agnews,W_fail vs D_mean,16,0.003999081999946783
base_transformer_agnews,W_fail vs D_mean,17,0.004211164513221127
base_transformer_agnews,W_fail vs D_mean,18,0.005057362523323697
base_transformer_agnews,W_fail vs D_mean,19,0.004222009668596889
base_transformer_agnews,W_fail vs D_mean,20,0.0041482985580472455
base_transformer_agnews,W_fail vs D_mean,21,0.003487534657995537
base_transformer_agnews,W_fail vs D_mean,22,0.0037617785023784395
base_transformer_agnews,W_fail vs D_mean,23,0.003311401049033301
base_transformer_agnews,W_fail vs D_mean,24,0.005525653962091964
base_transformer_agnews,W_fail vs D_mean,25,0.004429218886345299
base_transformer_agnews,W_fail vs D_mean,26,0.0035666359491367547
base_transformer_agnews,W_fail vs D_mean,27,0.0037752445225432106
base_transformer_agnews,W_fail vs D_mean,28,0.0037372294297904314
base_transformer_agnews,W_fail vs D_mean,29,0.004097752723504633
base_transformer_agnews,W_fail vs D_mean,30,0.003095227478965343
base_transformer_agnews,W_fail vs D_mean,31,0.004385210567344309
base_transformer_agnews,W_fail vs D_mean,32,0.0029646736235713032
base_transformer_agnews,W_fail vs D_mean,33,0.0034862043065326596
base_transformer_agnews,W_fail vs D_mean,34,0.003928743337369571
base_transformer_agnews,W_fail vs D_mean,35,0.0037900100007486138
base_transformer_agnews,W_fail vs D_mean,36,0.004057661162608115
base_transformer_agnews,W_fail vs D_mean,37,0.003014616480720665
base_transformer_agnews,W_fail vs D_mean,38,0.0026203911351377496
base_transformer_agnews,W_fail vs D_mean,39,0.0036635097389403634
base_transformer_agnews,W_fail vs D_mean,40,0.002493256708718412
base_transformer_agnews,W_fail vs D_mean,41,0.0037087765833242023
base_transformer_agnews,W_fail vs D_mean,42,0.0036569928640106525
base_transformer_agnews,W_fail vs D_mean,43,0.0034391853207506344
base_transformer_agnews,W_fail vs D_mean,44,0.0037369514916015174
base_transformer_agnews,W_fail vs D_mean,45,0.004834939443294216
base_transformer_agnews,W_fail vs D_mean,46,0.0037972848036973723
base_transformer_agnews,W_fail vs D_mean,47,0.0031262917901546754
base_transformer_agnews,W_fail vs D_mean,48,0.0027453822894789983
base_transformer_agnews,W_fail vs D_mean,49,0.003606079654411383
base_transformer_agnews,W_fail vs D_mean,50,0.004284479237466372
base_transformer_agnews,W_fail vs D_mean,51,0.006681764499051752
base_transformer_agnews,W_fail vs D_mean,52,0.005191809372045094
base_transformer_agnews,W_fail vs D_mean,53,0.00371805548625466
base_transformer_agnews,W_fail vs D_mean,54,0.004068554368772435
base_transformer_agnews,W_fail vs D_mean,55,0.0033805889931975584
base_transformer_agnews,W_fail vs D_mean,56,0.006001400047970028
base_transformer_agnews,W_fail vs D_mean,57,0.0030765617202865615
base_transformer_agnews,W_fail vs D_mean,58,0.0035331729153212548
base_transformer_agnews,W_fail vs D_mean,59,0.00500852498774157
base_transformer_agnews,W_fail vs D_mean,60,0.005006622862176482
base_transformer_agnews,W_fail vs D_mean,61,0.004395441214542271
base_transformer_agnews,W_fail vs D_mean,62,0.004524048464318599
base_transformer_agnews,W_fail vs D_mean,63,0.0035985273891400485
base_transformer_agnews,W_fail vs D_mean,64,0.0033358713552639864
base_transformer_agnews,W_fail vs D_mean,65,0.0027905094617520277
base_transformer_agnews,W_fail vs D_mean,66,0.003956339617933194
base_transformer_agnews,W_fail vs D_mean,67,0.0031129529074547238
base_transformer_agnews,W_fail vs D_mean,68,0.005585828760967269
base_transformer_agnews,W_fail vs D_mean,69,0.005368172786152577
base_transformer_agnews,W_fail vs D_mean,70,0.004499059506809084
base_transformer_agnews,W_fail vs D_mean,71,0.003271861478396315
base_transformer_agnews,W_fail vs D_mean,72,0.002922845218339098
base_transformer_agnews,W_fail vs D_mean,73,0.003298698598357167
base_transformer_agnews,W_fail vs D_mean,74,0.002813637208226278
base_transformer_agnews,W_fail vs D_mean,75,0.004158169701261937
base_transformer_agnews,W_fail vs D_mean,76,0.0031207872230448654
base_transformer_agnews,W_fail vs D_mean,77,0.003052852982687632
base_transformer_agnews,W_fail vs D_mean,78,0.0037790593973110105
base_transformer_agnews,W_fail vs D_mean,79,0.0030436947779741877
base_transformer_agnews,W_fail vs D_mean,80,0.00293211490903083
base_transformer_agnews,W_fail vs D_mean,81,0.0038465792972429153
base_transformer_agnews,W_fail vs D_mean,82,0.003012079311249855
base_transformer_agnews,W_fail vs D_mean,83,0.0035560704621923752
base_transformer_agnews,W_fail vs D_mean,84,0.004163170672212746
base_transformer_agnews,W_fail vs D_mean,85,0.005409232186087241
base_transformer_agnews,W_fail vs D_mean,86,0.00567997271865326
base_transformer_agnews,W_fail vs D_mean,87,0.0038591678092374923
base_transformer_agnews,W_fail vs D_mean,88,0.003215652724833387
base_transformer_agnews,W_fail vs D_mean,89,0.004138001530217683
base_transformer_agnews,W_fail vs D_mean,90,0.0027992340125711918
base_transformer_agnews,W_fail vs D_mean,91,0.004535983369646024
base_transformer_agnews,W_fail vs D_mean,92,0.0037670501857265453
base_transformer_agnews,W_fail vs D_mean,93,0.0034497484805029403
base_transformer_agnews,W_fail vs D_mean,94,0.002828580522846181
base_transformer_agnews,W_fail vs D_mean,95,0.003985135915038722
base_transformer_agnews,W_fail vs D_mean,96,0.002887435759501808
base_transformer_agnews,W_fail vs D_mean,97,0.003099394067717894
base_transformer_agnews,W_fail vs D_mean,98,0.003230117372952041
base_transformer_agnews,W_fail vs D_mean,99,0.004312654047918862
base_transformer_agnews,W_fail vs D_mean,100,0.003843829079113165
base_transformer_agnews,W_fail vs D_mean,101,0.005016192632892893
base_transformer_agnews,W_fail vs D_mean,102,0.004192156149231866
base_transformer_agnews,W_fail vs D_mean,103,0.005986158741626682
base_transformer_agnews,W_fail vs D_mean,104,0.004051622140916793
base_transformer_agnews,W_fail vs D_mean,105,0.003146415355410474
base_transformer_agnews,W_fail vs D_mean,106,0.005573491731781699
base_transformer_agnews,W_fail vs D_mean,107,0.00472726373427841
base_transformer_agnews,W_fail vs D_mean,108,0.0025696340015315244
base_transformer_agnews,W_fail vs D_mean,109,0.0040053169730546526
base_transformer_agnews,W_fail vs D_mean,110,0.0038502957708767115
base_transformer_agnews,W_fail vs D_mean,111,0.0031999633693229686
base_transformer_agnews,W_fail vs D_mean,112,0.004815501717442517
base_transformer_agnews,W_fail vs D_mean,113,0.0049526651703572944
base_transformer_agnews,W_fail vs D_mean,114,0.004359444686931063
base_transformer_agnews,W_fail vs D_mean,115,0.005107524956994681
base_transformer_agnews,W_fail vs D_mean,116,0.004756921093359136
base_transformer_agnews,W_fail vs D_mean,117,0.0033314367890503985
base_transformer_agnews,W_fail vs D_mean,118,0.003426243014603164
base_transformer_agnews,W_fail vs D_mean,119,0.0038464459536962188
base_transformer_agnews,W_fail vs D_mean,120,0.004334036792791888
base_transformer_agnews,W_fail vs D_mean,121,0.003512347467723918
base_transformer_agnews,W_fail vs D_mean,122,0.003552119280729937
base_transformer_agnews,W_fail vs D_mean,123,0.004486061612462962
base_transformer_agnews,W_fail vs D_mean,124,0.004396112135608459
base_transformer_agnews,W_fail vs D_mean,125,0.0024833019319614948
base_transformer_agnews,W_fail vs D_mean,126,0.004932620063828762
base_transformer_agnews,W_fail vs D_mean,127,0.0026550363095823636
base_transformer_agnews,W_fail vs D_mean,128,0.003929244135109527
base_transformer_agnews,W_fail vs D_mean,129,0.0048679828349955144
base_transformer_agnews,W_fail vs D_mean,130,0.005433643418585378
base_transformer_agnews,W_fail vs D_mean,131,0.0035804198588071244
base_transformer_agnews,W_fail vs D_mean,132,0.00490644991083611
base_transformer_agnews,W_fail vs D_mean,133,0.0049444370070658794
base_transformer_agnews,W_fail vs D_mean,134,0.00485060470290185
base_transformer_agnews,W_fail vs D_mean,135,0.0038308732065916577
base_transformer_agnews,W_fail vs D_mean,136,0.003930091636028821
base_transformer_agnews,W_fail vs D_mean,137,0.0025221451156761973
base_transformer_agnews,W_fail vs D_mean,138,0.0030845688598723263
base_transformer_agnews,W_fail vs D_mean,139,0.005052360878270643
base_transformer_agnews,W_fail vs D_mean,140,0.004599075166358009
base_transformer_agnews,W_fail vs D_mean,141,0.0043134561458382905
base_transformer_agnews,W_fail vs D_mean,142,0.00399763240597806
base_transformer_agnews,W_fail vs D_mean,143,0.004037910699370591
base_transformer_agnews,W_fail vs D_mean,144,0.0034861566681944397
base_transformer_agnews,W_fail vs D_mean,145,0.004221799381007406
base_transformer_agnews,W_fail vs D_mean,146,0.0038967291502780247
base_transformer_agnews,W_fail vs D_mean,147,0.0024911391310755114
base_transformer_agnews,W_fail vs D_mean,148,0.003879512449817475
base_transformer_agnews,W_fail vs D_mean,149,0.004219276065735087
base_transformer_agnews,W_fail vs D_mean,150,0.003242536297329503
base_transformer_agnews,W_fail vs D_mean,151,0.004616968766227692
base_transformer_agnews,W_fail vs D_mean,152,0.003852254716990593
base_transformer_agnews,W_fail vs D_mean,153,0.0032203807325799235
base_transformer_agnews,W_fail vs D_mean,154,0.00309084168392651
base_transformer_agnews,W_fail vs D_mean,155,0.004430930629636349
base_transformer_agnews,W_fail vs D_mean,156,0.006919782190820314
base_transformer_agnews,W_fail vs D_mean,157,0.004634156980046303
base_transformer_agnews,W_fail vs D_mean,158,0.002507257374275559
base_transformer_agnews,W_fail vs D_mean,159,0.003945136304493949
base_transformer_agnews,W_fail vs D_mean,160,0.003087923413051405
base_transformer_agnews,W_fail vs D_mean,161,0.003699743102140152
base_transformer_agnews,W_fail vs D_mean,162,0.004810502493145831
base_transformer_agnews,W_fail vs D_mean,163,0.004898472194783762
base_transformer_agnews,W_fail vs D_mean,164,0.003491820955144574
base_transformer_agnews,W_fail vs D_mean,165,0.0038353952293197825
base_transformer_agnews,W_fail vs D_mean,166,0.0028328510036874687
base_transformer_agnews,W_fail vs D_mean,167,0.004584853005377404
base_transformer_agnews,W_fail vs D_mean,168,0.003117883123897465
base_transformer_agnews,W_fail vs D_mean,169,0.003891356299000535
base_transformer_agnews,W_fail vs D_mean,170,0.003343785987092023
base_transformer_agnews,W_fail vs D_mean,171,0.003301833660523148
base_transformer_agnews,W_fail vs D_mean,172,0.003542822742380406
base_transformer_agnews,W_fail vs D_mean,173,0.0028493671922243434
base_transformer_agnews,W_fail vs D_mean,174,0.0035579008113828343
base_transformer_agnews,W_fail vs D_mean,175,0.0025630484253171344
base_transformer_agnews,W_fail vs D_mean,176,0.005094654577207678
base_transformer_agnews,W_fail vs D_mean,177,0.0028336472768729125
base_transformer_agnews,W_fail vs D_mean,178,0.004343342493175896
base_transformer_agnews,W_fail vs D_mean,179,0.0032279811229958006
base_transformer_agnews,W_fail vs D_mean,180,0.003839236913443328
base_transformer_agnews,W_fail vs D_mean,181,0.0035974842692061033
base_transformer_agnews,W_fail vs D_mean,182,0.002859373638510045
base_transformer_agnews,W_fail vs D_mean,183,0.003615454873327386
base_transformer_agnews,W_fail vs D_mean,184,0.0029994112460320285
base_transformer_agnews,W_fail vs D_mean,185,0.005916788748880242
base_transformer_agnews,W_fail vs D_mean,186,0.0021466686327630997
base_transformer_agnews,W_fail vs D_mean,187,0.004135432366754294
base_transformer_agnews,W_fail vs D_mean,188,0.003811778599590794
base_transformer_agnews,W_fail vs D_mean,189,0.0033309023958649226
base_transformer_agnews,W_fail vs D_mean,190,0.003155671003636831
base_transformer_agnews,W_fail vs D_mean,191,0.00424691213642225
base_transformer_agnews,W_fail vs D_mean,192,0.004582529621884857
base_transformer_agnews,W_fail vs D_mean,193,0.003900605936930834
base_transformer_agnews,W_fail vs D_mean,194,0.003368868076011882
base_transformer_agnews,W_fail vs D_mean,195,0.005456168222072247
base_transformer_agnews,W_fail vs D_mean,196,0.004032483080250925
base_transformer_agnews,W_fail vs D_mean,197,0.0029160364720783516
base_transformer_agnews,W_fail vs D_mean,198,0.003586026160172682
base_transformer_agnews,W_fail vs D_mean,199,0.004695679718316273
base_transformer_agnews,W_fail vs D_mean,200,0.004504704244318036
base_transformer_agnews,W_fail vs D_mean,201,0.0023707103908786778
base_transformer_agnews,W_fail vs D_mean,202,0.004286004839562735
base_transformer_agnews,W_fail vs D_mean,203,0.0029211774996795773
base_transformer_agnews,W_fail vs D_mean,204,0.006896297710366876
base_transformer_agnews,W_fail vs D_mean,205,0.0036792195324881014
base_transformer_agnews,W_fail vs D_mean,206,0.004567841487957773
base_transformer_agnews,W_fail vs D_mean,207,0.00337506468489656
base_transformer_agnews,W_fail vs D_mean,208,0.002987039711152069
base_transformer_agnews,W_fail vs D_mean,209,0.004125518972650024
base_transformer_agnews,W_fail vs D_mean,210,0.0036097887690753248
base_transformer_agnews,W_fail vs D_mean,211,0.004763931885028851
base_transformer_agnews,W_fail vs D_mean,212,0.004674264121861681
base_transformer_agnews,W_fail vs D_mean,213,0.0037504720452004705
base_transformer_agnews,W_fail vs D_mean,214,0.004635499889731219
base_transformer_agnews,W_fail vs D_mean,215,0.00458461241020958
base_transformer_agnews,W_fail vs D_mean,216,0.0032104177982099132
base_transformer_agnews,W_fail vs D_mean,217,0.004240362771090992
base_transformer_agnews,W_fail vs D_mean,218,0.003111869329101242
base_transformer_agnews,W_fail vs D_mean,219,0.004112145356031543
base_transformer_agnews,W_fail vs D_mean,220,0.003683930343443855
base_transformer_agnews,W_fail vs D_mean,221,0.003447400719596496
base_transformer_agnews,W_fail vs D_mean,222,0.0027863069134877617
base_transformer_agnews,W_fail vs D_mean,223,0.0026384537450412746
base_transformer_agnews,W_fail vs D_mean,224,0.0030492582017867765
base_transformer_agnews,W_fail vs D_mean,225,0.00517959773021774
base_transformer_agnews,W_fail vs D_mean,226,0.002657154679329089
base_transformer_agnews,W_fail vs D_mean,227,0.0033184638555096816
base_transformer_agnews,W_fail vs D_mean,228,0.003905333417007149
base_transformer_agnews,W_fail vs D_mean,229,0.005549251561922873
base_transformer_agnews,W_fail vs D_mean,230,0.0032173153273632477
base_transformer_agnews,W_fail vs D_mean,231,0.0035924584384337942
base_transformer_agnews,W_fail vs D_mean,232,0.0038369433138580895
base_transformer_agnews,W_fail vs D_mean,233,0.00442281111077256
base_transformer_agnews,W_fail vs D_mean,234,0.003658168830114347
base_transformer_agnews,W_fail vs D_mean,235,0.003470677434106506
base_transformer_agnews,W_fail vs D_mean,236,0.0040031330851576785
base_transformer_agnews,W_fail vs D_mean,237,0.00401254123474637
base_transformer_agnews,W_fail vs D_mean,238,0.003402626376886497
base_transformer_agnews,W_fail vs D_mean,239,0.004167849707725193
base_transformer_agnews,W_fail vs D_mean,240,0.0039626757778369135
base_transformer_agnews,W_fail vs D_mean,241,0.00467173807253265
base_transformer_agnews,W_fail vs D_mean,242,0.004963663749623421
base_transformer_agnews,W_fail vs D_mean,243,0.003461307071548286
base_transformer_agnews,W_fail vs D_mean,244,0.0024931753456188667
base_transformer_agnews,W_fail vs D_mean,245,0.0047740853461008745
base_transformer_agnews,W_fail vs D_mean,246,0.0024538314305394856
base_transformer_agnews,W_fail vs D_mean,247,0.004963186447584239
base_transformer_agnews,W_fail vs D_mean,248,0.0030309929672809916
base_transformer_agnews,W_fail vs D_mean,249,0.00478887024117855
base_transformer_agnews,W_fail vs D_mean,250,0.004386684246444961
base_transformer_agnews,W_fail vs D_mean,251,0.005272286587551066
base_transformer_agnews,W_fail vs D_mean,252,0.0040537884268780746
base_transformer_agnews,W_fail vs D_mean,253,0.0034820407809233846
base_transformer_agnews,W_fail vs D_mean,254,0.0035349130386840982
base_transformer_agnews,W_fail vs D_mean,255,0.004826344305398746
base_transformer_agnews,W_fail vs D_mean,256,0.00406152786836209
base_transformer_agnews,W_fail vs D_mean,257,0.004023263891014643
base_transformer_agnews,W_fail vs D_mean,258,0.004366907905301142
base_transformer_agnews,W_fail vs D_mean,259,0.003228882439359481
base_transformer_agnews,W_fail vs D_mean,260,0.004507959827662899
base_transformer_agnews,W_fail vs D_mean,261,0.004600904235049507
base_transformer_agnews,W_fail vs D_mean,262,0.003880092198706957
base_transformer_agnews,W_fail vs D_mean,263,0.004535097743156769
base_transformer_agnews,W_fail vs D_mean,264,0.002724868307372906
base_transformer_agnews,W_fail vs D_mean,265,0.004207733959338684
base_transformer_agnews,W_fail vs D_mean,266,0.0035752097125833267
base_transformer_agnews,W_fail vs D_mean,267,0.0038350765426929797
base_transformer_agnews,W_fail vs D_mean,268,0.004046182793608763
base_transformer_agnews,W_fail vs D_mean,269,0.004387030963500301
base_transformer_agnews,W_fail vs D_mean,270,0.0030612055966074076
base_transformer_agnews,W_fail vs D_mean,271,0.007100354963162178
base_transformer_agnews,W_fail vs D_mean,272,0.004329679210286814
base_transformer_agnews,W_fail vs D_mean,273,0.004008198181111845
base_transformer_agnews,W_fail vs D_mean,274,0.003443993655529704
base_transformer_agnews,W_fail vs D_mean,275,0.005207651481123107
base_transformer_agnews,W_fail vs D_mean,276,0.005153155564698933
base_transformer_agnews,W_fail vs D_mean,277,0.00372814295745753
base_transformer_agnews,W_fail vs D_mean,278,0.005557981649100441
base_transformer_agnews,W_fail vs D_mean,279,0.003909968230572481
base_transformer_agnews,W_fail vs D_mean,280,0.003179608959673995
base_transformer_agnews,W_fail vs D_mean,281,0.0029333444514998675
base_transformer_agnews,W_fail vs D_mean,282,0.005412231181628684
base_transformer_agnews,W_fail vs D_mean,283,0.0029562777980813625
base_transformer_agnews,W_fail vs D_mean,284,0.004257506948047323
base_transformer_agnews,W_fail vs D_mean,285,0.004553911257631051
base_transformer_agnews,W_fail vs D_mean,286,0.003432696012970013
base_transformer_agnews,W_fail vs D_mean,287,0.002664054025517962
base_transformer_agnews,W_fail vs D_mean,288,0.004328466835938304
base_transformer_agnews,W_fail vs D_mean,289,0.003568093979448927
base_transformer_agnews,W_fail vs D_mean,290,0.004029970646064342
base_transformer_agnews,W_fail vs D_mean,291,0.004215104705005574
base_transformer_agnews,W_fail vs D_mean,292,0.004530775826080923
base_transformer_agnews,W_fail vs D_mean,293,0.005546715783806484
base_transformer_agnews,W_fail vs D_mean,294,0.0034124700895383363
base_transformer_agnews,W_fail vs D_mean,295,0.0037565962870947894
base_transformer_agnews,W_fail vs D_mean,296,0.0032036378781011704
base_transformer_agnews,W_fail vs D_mean,297,0.0048439213508043154
base_transformer_agnews,W_fail vs D_mean,298,0.004218988090165644
base_transformer_agnews,W_fail vs D_mean,299,0.0032015323711681795
base_transformer_agnews,W_fail vs D_mean,300,0.003790817656431426
base_transformer_agnews,W_fail vs D_mean,301,0.003730263038885393
base_transformer_agnews,W_fail vs D_mean,302,0.003992518357226137
base_transformer_agnews,W_fail vs D_mean,303,0.003798119620526714
base_transformer_agnews,W_fail vs D_mean,304,0.0042343945450143096
base_transformer_agnews,W_fail vs D_mean,305,0.004870898105604865
base_transformer_agnews,W_fail vs D_mean,306,0.006206143035848545
base_transformer_agnews,W_fail vs D_mean,307,0.0027392739591129804
base_transformer_agnews,W_fail vs D_mean,308,0.0034728192588555505
base_transformer_agnews,W_fail vs D_mean,309,0.0040539279480335385
base_transformer_agnews,W_fail vs D_mean,310,0.0026592852945358982
base_transformer_agnews,W_fail vs D_mean,311,0.0036625432347570067
base_transformer_agnews,W_fail vs D_mean,312,0.002939101579213307
base_transformer_agnews,W_fail vs D_mean,313,0.0035392438003011275
base_transformer_agnews,W_fail vs D_mean,314,0.004913266889471859
base_transformer_agnews,W_fail vs D_mean,315,0.0029796349162150722
base_transformer_agnews,W_fail vs D_mean,316,0.003190808739533026
base_transformer_agnews,W_fail vs D_mean,317,0.005463938020437246
base_transformer_agnews,W_fail vs D_mean,318,0.003588233213499816
base_transformer_agnews,W_fail vs D_mean,319,0.004164923265217636
base_transformer_agnews,W_fail vs D_mean,320,0.003981263539583632
base_transformer_agnews,W_fail vs D_mean,321,0.004666369606524357
base_transformer_agnews,W_fail vs D_mean,322,0.004231837793467355
base_transformer_agnews,W_fail vs D_mean,323,0.005347939718210115
base_transformer_agnews,W_fail vs D_mean,324,0.005034219551813888
base_transformer_agnews,W_fail vs D_mean,325,0.0029768626294363184
base_transformer_agnews,W_fail vs D_mean,326,0.004099070965465113
base_transformer_agnews,W_fail vs D_mean,327,0.0030489824612548594
base_transformer_agnews,W_fail vs D_mean,328,0.004468347718752401
base_transformer_agnews,W_fail vs D_mean,329,0.003379136159691888
base_transformer_agnews,W_fail vs D_mean,330,0.0030489040560987848
base_transformer_agnews,W_fail vs D_mean,331,0.0051417914525700905
base_transformer_agnews,W_fail vs D_mean,332,0.0045140773972979255
base_transformer_agnews,W_fail vs D_mean,333,0.0038031242232196994
base_transformer_agnews,W_fail vs D_mean,334,0.0058040602032062814
base_transformer_agnews,W_fail vs D_mean,335,0.004153451850672614
base_transformer_agnews,W_fail vs D_mean,336,0.004997868462142205
base_transformer_agnews,W_fail vs D_mean,337,0.003358023952164729
base_transformer_agnews,W_fail vs D_mean,338,0.004048557807443445
base_transformer_agnews,W_fail vs D_mean,339,0.002597820220861031
base_transformer_agnews,W_fail vs D_mean,340,0.004310123234440761
base_transformer_agnews,W_fail vs D_mean,341,0.0031261049293090544
base_transformer_agnews,W_fail vs D_mean,342,0.003628705405428735
base_transformer_agnews,W_fail vs D_mean,343,0.0034994940412849066
base_transformer_agnews,W_fail vs D_mean,344,0.00425258915071742
base_transformer_agnews,W_fail vs D_mean,345,0.005083603892548527
base_transformer_agnews,W_fail vs D_mean,346,0.004774142251776499
base_transformer_agnews,W_fail vs D_mean,347,0.004800831185114441
base_transformer_agnews,W_fail vs D_mean,348,0.0061155845544783975
base_transformer_agnews,W_fail vs D_mean,349,0.0033621040856120134
base_transformer_agnews,W_fail vs D_mean,350,0.003984351884707422
base_transformer_agnews,W_fail vs D_mean,351,0.003593048041176985
base_transformer_agnews,W_fail vs D_mean,352,0.0032415016648402626
base_transformer_agnews,W_fail vs D_mean,353,0.00364165659808065
base_transformer_agnews,W_fail vs D_mean,354,0.0028684488816371934
base_transformer_agnews,W_fail vs D_mean,355,0.003867244354315111
base_transformer_agnews,W_fail vs D_mean,356,0.0033494933507452586
base_transformer_agnews,W_fail vs D_mean,357,0.0034527156347452168
base_transformer_agnews,W_fail vs D_mean,358,0.0052724464965405275
base_transformer_agnews,W_fail vs D_mean,359,0.004213398370798081
base_transformer_agnews,W_fail vs D_mean,360,0.005113657815941898
base_transformer_agnews,W_fail vs D_mean,361,0.003058602051828266
base_transformer_agnews,W_fail vs D_mean,362,0.0031221992980935134
base_transformer_agnews,W_fail vs D_mean,363,0.0031826682177360163
base_transformer_agnews,W_fail vs D_mean,364,0.004201598190902802
base_transformer_agnews,W_fail vs D_mean,365,0.0032211538733066818
base_transformer_agnews,W_fail vs D_mean,366,0.00423867722436181
base_transformer_agnews,W_fail vs D_mean,367,0.00343224800853993
base_transformer_agnews,W_fail vs D_mean,368,0.0034301459866898265
base_transformer_agnews,W_fail vs D_mean,369,0.0035136571953130183
base_transformer_agnews,W_fail vs D_mean,370,0.003818713124047665
base_transformer_agnews,W_fail vs D_mean,371,0.003541960929264154
base_transformer_agnews,W_fail vs D_mean,372,0.0028955393677452586
base_transformer_agnews,W_fail vs D_mean,373,0.0036947033025115277
base_transformer_agnews,W_fail vs D_mean,374,0.0026684468296753706
base_transformer_agnews,W_fail vs D_mean,375,0.00408657909016344
base_transformer_agnews,W_fail vs D_mean,376,0.0029356285643793428
base_transformer_agnews,W_fail vs D_mean,377,0.002514345715380027
base_transformer_agnews,W_fail vs D_mean,378,0.0063240662928284895
base_transformer_agnews,W_fail vs D_mean,379,0.0027432748805080705
base_transformer_agnews,W_fail vs D_mean,380,0.003385581662757055
base_transformer_agnews,W_fail vs D_mean,381,0.003161229091636876
base_transformer_agnews,W_fail vs D_mean,382,0.0038195027639190376
base_transformer_agnews,W_fail vs D_mean,383,0.004255724652781231
base_transformer_agnews,W_fail vs D_mean,384,0.0031885568394903153
base_transformer_agnews,W_fail vs D_mean,385,0.005108299267038293
base_transformer_agnews,W_fail vs D_mean,386,0.0057284986623399575
base_transformer_agnews,W_fail vs D_mean,387,0.0036719852046201585
base_transformer_agnews,W_fail vs D_mean,388,0.0043950966417544805
base_transformer_agnews,W_fail vs D_mean,389,0.002779194895169033
base_transformer_agnews,W_fail vs D_mean,390,0.003296228739033442
base_transformer_agnews,W_fail vs D_mean,391,0.004439474935080097
base_transformer_agnews,W_fail vs D_mean,392,0.0046747855785681395
base_transformer_agnews,W_fail vs D_mean,393,0.005053520861865958
base_transformer_agnews,W_fail vs D_mean,394,0.00584149201559403
base_transformer_agnews,W_fail vs D_mean,395,0.003891415093486352
base_transformer_agnews,W_fail vs D_mean,396,0.0021809194551589838
base_transformer_agnews,W_fail vs D_mean,397,0.004330969209576486
base_transformer_agnews,W_fail vs D_mean,398,0.003991913064410209
base_transformer_agnews,W_fail vs D_mean,399,0.004102134433587621
base_transformer_agnews,W_fail vs D_mean,400,0.005382067049985502
base_transformer_agnews,W_fail vs D_mean,401,0.0036242962177811984
base_transformer_agnews,W_fail vs D_mean,402,0.004132605685803324
base_transformer_agnews,W_fail vs D_mean,403,0.0037490336836242958
base_transformer_agnews,W_fail vs D_mean,404,0.0042159486442720235
base_transformer_agnews,W_fail vs D_mean,405,0.003733385980790537
base_transformer_agnews,W_fail vs D_mean,406,0.003648137949495729
base_transformer_agnews,W_fail vs D_mean,407,0.004128752091870789
base_transformer_agnews,W_fail vs D_mean,408,0.0037953513662767704
base_transformer_agnews,W_fail vs D_mean,409,0.002133343380220298
base_transformer_agnews,W_fail vs D_mean,410,0.0040463791226536296
base_transformer_agnews,W_fail vs D_mean,411,0.0026698192972619116
base_transformer_agnews,W_fail vs D_mean,412,0.0028257921956749716
base_transformer_agnews,W_fail vs D_mean,413,0.003535480556090415
base_transformer_agnews,W_fail vs D_mean,414,0.0040092055143738075
base_transformer_agnews,W_fail vs D_mean,415,0.00399985050634316
base_transformer_agnews,W_fail vs D_mean,416,0.004188953699162704
base_transformer_agnews,W_fail vs D_mean,417,0.004766783292050127
base_transformer_agnews,W_fail vs D_mean,418,0.0036439216103164615
base_transformer_agnews,W_fail vs D_mean,419,0.005313101065403024
base_transformer_agnews,W_fail vs D_mean,420,0.0033334407588552694
base_transformer_agnews,W_fail vs D_mean,421,0.0041473259565004365
base_transformer_agnews,W_fail vs D_mean,422,0.00536917518342583
base_transformer_agnews,W_fail vs D_mean,423,0.0019452326994386171
base_transformer_agnews,W_fail vs D_mean,424,0.003973695237138437
base_transformer_agnews,W_fail vs D_mean,425,0.0025106462675706914
base_transformer_agnews,W_fail vs D_mean,426,0.0033102401613349874
base_transformer_agnews,W_fail vs D_mean,427,0.0040510661192939956
base_transformer_agnews,W_fail vs D_mean,428,0.00439238660513133
base_transformer_agnews,W_fail vs D_mean,429,0.0032398646294036428
base_transformer_agnews,W_fail vs D_mean,430,0.0033342295587435095
base_transformer_agnews,W_fail vs D_mean,431,0.0037377799503889525
base_transformer_agnews,W_fail vs D_mean,432,0.003845510566995508
base_transformer_agnews,W_fail vs D_mean,433,0.004062580134015212
base_transformer_agnews,W_fail vs D_mean,434,0.003599960608385667
base_transformer_agnews,W_fail vs D_mean,435,0.004311713031753539
base_transformer_agnews,W_fail vs D_mean,436,0.003159659721784002
base_transformer_agnews,W_fail vs D_mean,437,0.003692786129133177
base_transformer_agnews,W_fail vs D_mean,438,0.002711993885166877
base_transformer_agnews,W_fail vs D_mean,439,0.0035620900933443418
base_transformer_agnews,W_fail vs D_mean,440,0.003964601639825051
base_transformer_agnews,W_fail vs D_mean,441,0.004799079011255884
base_transformer_agnews,W_fail vs D_mean,442,0.005922712534775756
base_transformer_agnews,W_fail vs D_mean,443,0.003926994384218023
base_transformer_agnews,W_fail vs D_mean,444,0.003873367047931509
base_transformer_agnews,W_fail vs D_mean,445,0.004477388092209984
base_transformer_agnews,W_fail vs D_mean,446,0.004536949160784689
base_transformer_agnews,W_fail vs D_mean,447,0.0037524448298540255
base_transformer_agnews,W_fail vs D_mean,448,0.003754297159679456
base_transformer_agnews,W_fail vs D_mean,449,0.0031358249070608914
base_transformer_agnews,W_fail vs D_mean,450,0.002799910377586149
base_transformer_agnews,W_fail vs D_mean,451,0.00464985288888189
base_transformer_agnews,W_fail vs D_mean,452,0.002991804713369092
base_transformer_agnews,W_fail vs D_mean,453,0.004957399018512182
base_transformer_agnews,W_fail vs D_mean,454,0.0034657023467991855
base_transformer_agnews,W_fail vs D_mean,455,0.0036277476497094023
base_transformer_agnews,W_fail vs D_mean,456,0.0031548321351462117
base_transformer_agnews,W_fail vs D_mean,457,0.005374090309422482
base_transformer_agnews,W_fail vs D_mean,458,0.0037265922187920113
base_transformer_agnews,W_fail vs D_mean,459,0.003604018230991177
base_transformer_agnews,W_fail vs D_mean,460,0.0024981954549302557
base_transformer_agnews,W_fail vs D_mean,461,0.002344405434987913
base_transformer_agnews,W_fail vs D_mean,462,0.003758219243054117
base_transformer_agnews,W_fail vs D_mean,463,0.004650455575242784
base_transformer_agnews,W_fail vs D_mean,464,0.003926421359554427
base_transformer_agnews,W_fail vs D_mean,465,0.0038653833512781724
base_transformer_agnews,W_fail vs D_mean,466,0.0035114890808506053
base_transformer_agnews,W_fail vs D_mean,467,0.003974737770958429
base_transformer_agnews,W_fail vs D_mean,468,0.0034871386142894104
base_transformer_agnews,W_fail vs D_mean,469,0.004113222485674744
base_transformer_agnews,W_fail vs D_mean,470,0.002679427974720479
base_transformer_agnews,W_fail vs D_mean,471,0.003016320449364357
base_transformer_agnews,W_fail vs D_mean,472,0.0033443236182680238
base_transformer_agnews,W_fail vs D_mean,473,0.00433376496955613
base_transformer_agnews,W_fail vs D_mean,474,0.004601560639502905
base_transformer_agnews,W_fail vs D_mean,475,0.002994610963289019
base_transformer_agnews,W_fail vs D_mean,476,0.0038133875798797706
base_transformer_agnews,W_fail vs D_mean,477,0.005208117736912708
base_transformer_agnews,W_fail vs D_mean,478,0.0036288393950130557
base_transformer_agnews,W_fail vs D_mean,479,0.0033900245670874436
base_transformer_agnews,W_fail vs D_mean,480,0.0035099319030143517
base_transformer_agnews,W_fail vs D_mean,481,0.004205080776146286
base_transformer_agnews,W_fail vs D_mean,482,0.003786036029504211
base_transformer_agnews,W_fail vs D_mean,483,0.005604543728954703
base_transformer_agnews,W_fail vs D_mean,484,0.006046549838282446
base_transformer_agnews,W_fail vs D_mean,485,0.0037756439582720376
base_transformer_agnews,W_fail vs D_mean,486,0.003120429433543036
base_transformer_agnews,W_fail vs D_mean,487,0.003015879302061789
base_transformer_agnews,W_fail vs D_mean,488,0.005635446044222928
base_transformer_agnews,W_fail vs D_mean,489,0.003405043283155145
base_transformer_agnews,W_fail vs D_mean,490,0.0034779385193133678
base_transformer_agnews,W_fail vs D_mean,491,0.0038063167488538983
base_transformer_agnews,W_fail vs D_mean,492,0.003960412932431031
base_transformer_agnews,W_fail vs D_mean,493,0.0031935973621759492
base_transformer_agnews,W_fail vs D_mean,494,0.005020483445175756
base_transformer_agnews,W_fail vs D_mean,495,0.004975625453378399
base_transformer_agnews,W_fail vs D_mean,496,0.003025474928536393
base_transformer_agnews,W_fail vs D_mean,497,0.004073518131205576
base_transformer_agnews,W_fail vs D_mean,498,0.004243406011674787
base_transformer_agnews,W_fail vs D_mean,499,0.002460319161822988
base_transformer_agnews,W_fail_mean vs D_mean,0,0.018442316113674244
base_transformer_agnews,W_fail_mean vs D_mean,1,0.02374132364465627
base_transformer_agnews,W_fail_mean vs D_mean,2,0.03812564229944636
base_transformer_agnews,W_fail_mean vs D_mean,3,0.020325510246895336
base_transformer_agnews,W_fail_mean vs D_mean,4,0.017204513624183047
base_transformer_agnews,W_fail_mean vs D_mean,5,0.02465142658203194
base_transformer_agnews,W_fail_mean vs D_mean,6,0.02178972744629877
base_transformer_agnews,W_fail_mean vs D_mean,7,0.02253709177995958
base_transformer_agnews,W_fail_mean vs D_mean,8,0.014662366663299752
base_transformer_agnews,W_fail_mean vs D_mean,9,0.01755836864912188
base_transformer_agnews,W_fail_mean vs D_mean,10,0.02153556852908633
base_transformer_agnews,W_fail_mean vs D_mean,11,0.025361539457619285
base_transformer_agnews,W_fail_mean vs D_mean,12,0.012628439690520068
base_transformer_agnews,W_fail_mean vs D_mean,13,0.03339542469612685
base_transformer_agnews,W_fail_mean vs D_mean,14,0.02234666836510376
base_transformer_agnews,W_fail_mean vs D_mean,15,0.014467362427692051
base_transformer_agnews,W_fail_mean vs D_mean,16,0.026796162350898815
base_transformer_agnews,W_fail_mean vs D_mean,17,0.030513097207852127
base_transformer_agnews,W_fail_mean vs D_mean,18,0.03496167056673725
base_transformer_agnews,W_fail_mean vs D_mean,19,0.022033661857088833
base_transformer_agnews,W_fail_mean vs D_mean,20,0.024722566486547352
base_transformer_agnews,W_fail_mean vs D_mean,21,0.01615767770047838
base_transformer_agnews,W_fail_mean vs D_mean,22,0.013769407503637109
base_transformer_agnews,W_fail_mean vs D_mean,23,0.013361730450093024
base_transformer_agnews,W_fail_mean vs D_mean,24,0.01124849180840397
base_transformer_agnews,W_fail_mean vs D_mean,25,0.014763802105942346
base_transformer_agnews,W_fail_mean vs D_mean,26,0.03281309117660606
base_transformer_agnews,W_fail_mean vs D_mean,27,0.02900092725192977
base_transformer_agnews,W_fail_mean vs D_mean,28,0.015274513693511169
base_transformer_agnews,W_fail_mean vs D_mean,29,0.011245432986382234
base_transformer_agnews,W_fail_mean vs D_mean,30,0.03780790814218757
base_transformer_agnews,W_fail_mean vs D_mean,31,0.023175844537963113
base_transformer_agnews,W_fail_mean vs D_mean,32,0.030312309159568604
base_transformer_agnews,W_fail_mean vs D_mean,33,0.020695861156369334
base_transformer_agnews,W_fail_mean vs D_mean,34,0.03545052403927038
base_transformer_agnews,W_fail_mean vs D_mean,35,0.015661184439866326
base_transformer_agnews,W_fail_mean vs D_mean,36,0.017855465944159075
base_transformer_agnews,W_fail_mean vs D_mean,37,0.012068031050783284
base_transformer_agnews,W_fail_mean vs D_mean,38,0.023859791489991095
base_transformer_agnews,W_fail_mean vs D_mean,39,0.014732802997550459
base_transformer_agnews,W_fail_mean vs D_mean,40,0.019568918071552577
base_transformer_agnews,W_fail_mean vs D_mean,41,0.019760405550482366
base_transformer_agnews,W_fail_mean vs D_mean,42,0.013116535582344446
base_transformer_agnews,W_fail_mean vs D_mean,43,0.02818322782250727
base_transformer_agnews,W_fail_mean vs D_mean,44,0.02243329779550041
base_transformer_agnews,W_fail_mean vs D_mean,45,0.02013494104518341
base_transformer_agnews,W_fail_mean vs D_mean,46,0.0164179352186575
base_transformer_agnews,W_fail_mean vs D_mean,47,0.0286345884032898
base_transformer_agnews,W_fail_mean vs D_mean,48,0.015731360776518898
base_transformer_agnews,W_fail_mean vs D_mean,49,0.026889965725885482
base_transformer_agnews,W_fail_mean vs D_mean,50,0.03348926853426126
base_transformer_agnews,W_fail_mean vs D_mean,51,0.018082314784252297
base_transformer_agnews,W_fail_mean vs D_mean,52,0.016015795765040846
base_transformer_agnews,W_fail_mean vs D_mean,53,0.012803466344400414
base_transformer_agnews,W_fail_mean vs D_mean,54,0.009834195984401899
base_transformer_agnews,W_fail_mean vs D_mean,55,0.02117514645875171
base_transformer_agnews,W_fail_mean vs D_mean,56,0.018400688500055967
base_transformer_agnews,W_fail_mean vs D_mean,57,0.023010186150679356
base_transformer_agnews,W_fail_mean vs D_mean,58,0.020634782352824513
base_transformer_agnews,W_fail_mean vs D_mean,59,0.013523478519309379
base_transformer_agnews,W_fail_mean vs D_mean,60,0.01740825127848388
base_transformer_agnews,W_fail_mean vs D_mean,61,0.016519880792889036
base_transformer_agnews,W_fail_mean vs D_mean,62,0.011119475583911157
base_transformer_agnews,W_fail_mean vs D_mean,63,0.021388132190462865
base_transformer_agnews,W_fail_mean vs D_mean,64,0.017954128151623477
base_transformer_agnews,W_fail_mean vs D_mean,65,0.015290285996700789
base_transformer_agnews,W_fail_mean vs D_mean,66,0.03745204364148429
base_transformer_agnews,W_fail_mean vs D_mean,67,0.016591321512264678
base_transformer_agnews,W_fail_mean vs D_mean,68,0.016452539079145123
base_transformer_agnews,W_fail_mean vs D_mean,69,0.02699547673169582
base_transformer_agnews,W_fail_mean vs D_mean,70,0.024928369213004828
base_transformer_agnews,W_fail_mean vs D_mean,71,0.022382532913457435
base_transformer_agnews,W_fail_mean vs D_mean,72,0.020648844805067474
base_transformer_agnews,W_fail_mean vs D_mean,73,0.01364205361186858
base_transformer_agnews,W_fail_mean vs D_mean,74,0.01227593199128201
base_transformer_agnews,W_fail_mean vs D_mean,75,0.016456645375176975
base_transformer_agnews,W_fail_mean vs D_mean,76,0.026156384464978845
base_transformer_agnews,W_fail_mean vs D_mean,77,0.02532303520143015
base_transformer_agnews,W_fail_mean vs D_mean,78,0.017755201742375343
base_transformer_agnews,W_fail_mean vs D_mean,79,0.019233949193044227
base_transformer_agnews,W_fail_mean vs D_mean,80,0.019277396764888603
base_transformer_agnews,W_fail_mean vs D_mean,81,0.0212288224527386
base_transformer_agnews,W_fail_mean vs D_mean,82,0.03144471086131023
base_transformer_agnews,W_fail_mean vs D_mean,83,0.03436933835792305
base_transformer_agnews,W_fail_mean vs D_mean,84,0.017896686279448605
base_transformer_agnews,W_fail_mean vs D_mean,85,0.028510191254243023
base_transformer_agnews,W_fail_mean vs D_mean,86,0.020331594615161083
base_transformer_agnews,W_fail_mean vs D_mean,87,0.014335861749405748
base_transformer_agnews,W_fail_mean vs D_mean,88,0.02468882231370606
base_transformer_agnews,W_fail_mean vs D_mean,89,0.015502461426296394
base_transformer_agnews,W_fail_mean vs D_mean,90,0.0274998577418104
base_transformer_agnews,W_fail_mean vs D_mean,91,0.02793802519560966
base_transformer_agnews,W_fail_mean vs D_mean,92,0.035030096957610675
base_transformer_agnews,W_fail_mean vs D_mean,93,0.013815095589114494
base_transformer_agnews,W_fail_mean vs D_mean,94,0.020828022882203905
base_transformer_agnews,W_fail_mean vs D_mean,95,0.02537956956812587
base_transformer_agnews,W_fail_mean vs D_mean,96,0.016008179826142083
base_transformer_agnews,W_fail_mean vs D_mean,97,0.016939069704536198
base_transformer_agnews,W_fail_mean vs D_mean,98,0.020631608834325393
base_transformer_agnews,W_fail_mean vs D_mean,99,0.01740673949287666
base_transformer_agnews,W_fail_mean vs D_mean,100,0.021375920263866883
base_transformer_agnews,W_fail_mean vs D_mean,101,0.02427716419279283
base_transformer_agnews,W_fail_mean vs D_mean,102,0.01776022103193288
base_transformer_agnews,W_fail_mean vs D_mean,103,0.014419044954278579
base_transformer_agnews,W_fail_mean vs D_mean,104,0.02768879618035395
base_transformer_agnews,W_fail_mean vs D_mean,105,0.01518675409281343
base_transformer_agnews,W_fail_mean vs D_mean,106,0.017714146725985452
base_transformer_agnews,W_fail_mean vs D_mean,107,0.017834592815966513
base_transformer_agnews,W_fail_mean vs D_mean,108,0.015616797350912742
base_transformer_agnews,W_fail_mean vs D_mean,109,0.020055910122684727
base_transformer_agnews,W_fail_mean vs D_mean,110,0.010945636146797695
base_transformer_agnews,W_fail_mean vs D_mean,111,0.013459684402936992
base_transformer_agnews,W_fail_mean vs D_mean,112,0.024330957790758515
base_transformer_agnews,W_fail_mean vs D_mean,113,0.03205588615330103
base_transformer_agnews,W_fail_mean vs D_mean,114,0.012792498934951576
base_transformer_agnews,W_fail_mean vs D_mean,115,0.011899955204478507
base_transformer_agnews,W_fail_mean vs D_mean,116,0.022023263390730588
base_transformer_agnews,W_fail_mean vs D_mean,117,0.016015571691349876
base_transformer_agnews,W_fail_mean vs D_mean,118,0.021234782102235134
base_transformer_agnews,W_fail_mean vs D_mean,119,0.02463971823782652
base_transformer_agnews,W_fail_mean vs D_mean,120,0.016180523676243733
base_transformer_agnews,W_fail_mean vs D_mean,121,0.029422991292629794
base_transformer_agnews,W_fail_mean vs D_mean,122,0.021178785464304555
base_transformer_agnews,W_fail_mean vs D_mean,123,0.018012729824376923
base_transformer_agnews,W_fail_mean vs D_mean,124,0.01941445001852897
base_transformer_agnews,W_fail_mean vs D_mean,125,0.02126684125681654
base_transformer_agnews,W_fail_mean vs D_mean,126,0.034542471447711345
base_transformer_agnews,W_fail_mean vs D_mean,127,0.022298378564688477
base_transformer_agnews,W_fail_mean vs D_mean,128,0.020430073350359235
base_transformer_agnews,W_fail_mean vs D_mean,129,0.015563252924307765
base_transformer_agnews,W_fail_mean vs D_mean,130,0.050900549550269986
base_transformer_agnews,W_fail_mean vs D_mean,131,0.02569490258564507
base_transformer_agnews,W_fail_mean vs D_mean,132,0.04488151577271085
base_transformer_agnews,W_fail_mean vs D_mean,133,0.027114049692419446
base_transformer_agnews,W_fail_mean vs D_mean,134,0.016403233153665802
base_transformer_agnews,W_fail_mean vs D_mean,135,0.008596115209629947
base_transformer_agnews,W_fail_mean vs D_mean,136,0.025009252630080754
base_transformer_agnews,W_fail_mean vs D_mean,137,0.03382993345896894
base_transformer_agnews,W_fail_mean vs D_mean,138,0.023340552098786483
base_transformer_agnews,W_fail_mean vs D_mean,139,0.028170694625466425
base_transformer_agnews,W_fail_mean vs D_mean,140,0.023265976436250238
base_transformer_agnews,W_fail_mean vs D_mean,141,0.03919436251958543
base_transformer_agnews,W_fail_mean vs D_mean,142,0.014170996054492738
base_transformer_agnews,W_fail_mean vs D_mean,143,0.022869916532679384
base_transformer_agnews,W_fail_mean vs D_mean,144,0.021147752690083385
base_transformer_agnews,W_fail_mean vs D_mean,145,0.02523521706626029
base_transformer_agnews,W_fail_mean vs D_mean,146,0.020509047975831918
base_transformer_agnews,W_fail_mean vs D_mean,147,0.02255509357455861
base_transformer_agnews,W_fail_mean vs D_mean,148,0.014610448679150121
base_transformer_agnews,W_fail_mean vs D_mean,149,0.02230244839811185
base_transformer_agnews,W_fail_mean vs D_mean,150,0.02259222746473496
base_transformer_agnews,W_fail_mean vs D_mean,151,0.0237528704799626
base_transformer_agnews,W_fail_mean vs D_mean,152,0.010981581295437116
base_transformer_agnews,W_fail_mean vs D_mean,153,0.026312321931863412
base_transformer_agnews,W_fail_mean vs D_mean,154,0.01761558694875788
base_transformer_agnews,W_fail_mean vs D_mean,155,0.019536072677671743
base_transformer_agnews,W_fail_mean vs D_mean,156,0.01416125605167778
base_transformer_agnews,W_fail_mean vs D_mean,157,0.011493191054052377
base_transformer_agnews,W_fail_mean vs D_mean,158,0.014827101394953066
base_transformer_agnews,W_fail_mean vs D_mean,159,0.03297919222584041
base_transformer_agnews,W_fail_mean vs D_mean,160,0.019102788348739432
base_transformer_agnews,W_fail_mean vs D_mean,161,0.00948799383090709
base_transformer_agnews,W_fail_mean vs D_mean,162,0.01270636220762006
base_transformer_agnews,W_fail_mean vs D_mean,163,0.019229062437083954
base_transformer_agnews,W_fail_mean vs D_mean,164,0.024872068886872135
base_transformer_agnews,W_fail_mean vs D_mean,165,0.014280420026034312
base_transformer_agnews,W_fail_mean vs D_mean,166,0.019631072340197966
base_transformer_agnews,W_fail_mean vs D_mean,167,0.011325517007593676
base_transformer_agnews,W_fail_mean vs D_mean,168,0.01758078096724602
base_transformer_agnews,W_fail_mean vs D_mean,169,0.01645747732155631
base_transformer_agnews,W_fail_mean vs D_mean,170,0.015642984201501543
base_transformer_agnews,W_fail_mean vs D_mean,171,0.013404280819136558
base_transformer_agnews,W_fail_mean vs D_mean,172,0.009861852910381306
base_transformer_agnews,W_fail_mean vs D_mean,173,0.01670506154115477
base_transformer_agnews,W_fail_mean vs D_mean,174,0.012880764197538242
base_transformer_agnews,W_fail_mean vs D_mean,175,0.01819529983321409
base_transformer_agnews,W_fail_mean vs D_mean,176,0.029492463399623466
base_transformer_agnews,W_fail_mean vs D_mean,177,0.01391870685685305
base_transformer_agnews,W_fail_mean vs D_mean,178,0.015525588920899072
base_transformer_agnews,W_fail_mean vs D_mean,179,0.03715512593850255
base_transformer_agnews,W_fail_mean vs D_mean,180,0.027007339977756162
base_transformer_agnews,W_fail_mean vs D_mean,181,0.020996116787419035
base_transformer_agnews,W_fail_mean vs D_mean,182,0.032978210854434364
base_transformer_agnews,W_fail_mean vs D_mean,183,0.01288022783908697
base_transformer_agnews,W_fail_mean vs D_mean,184,0.022711333759565605
base_transformer_agnews,W_fail_mean vs D_mean,185,0.01171905575722269
base_transformer_agnews,W_fail_mean vs D_mean,186,0.017124958470244443
base_transformer_agnews,W_fail_mean vs D_mean,187,0.01782160498083273
base_transformer_agnews,W_fail_mean vs D_mean,188,0.01953128497146631
base_transformer_agnews,W_fail_mean vs D_mean,189,0.020112260390149975
base_transformer_agnews,W_fail_mean vs D_mean,190,0.06536421026792869
base_transformer_agnews,W_fail_mean vs D_mean,191,0.03151763402394622
base_transformer_agnews,W_fail_mean vs D_mean,192,0.01525215383453565
base_transformer_agnews,W_fail_mean vs D_mean,193,0.024238907706823264
base_transformer_agnews,W_fail_mean vs D_mean,194,0.009584145336506467
base_transformer_agnews,W_fail_mean vs D_mean,195,0.02099344530654953
base_transformer_agnews,W_fail_mean vs D_mean,196,0.026370603336969098
base_transformer_agnews,W_fail_mean vs D_mean,197,0.0237195435895737
base_transformer_agnews,W_fail_mean vs D_mean,198,0.01631477679487104
base_transformer_agnews,W_fail_mean vs D_mean,199,0.01141557814652485
base_transformer_agnews,W_fail_mean vs D_mean,200,0.044321570131951885
base_transformer_agnews,W_fail_mean vs D_mean,201,0.013554464854140389
base_transformer_agnews,W_fail_mean vs D_mean,202,0.021085542280092007
base_transformer_agnews,W_fail_mean vs D_mean,203,0.031092933122206116
base_transformer_agnews,W_fail_mean vs D_mean,204,0.03265679796708042
base_transformer_agnews,W_fail_mean vs D_mean,205,0.018868665873676624
base_transformer_agnews,W_fail_mean vs D_mean,206,0.015374070425436096
base_transformer_agnews,W_fail_mean vs D_mean,207,0.027309318889650862
base_transformer_agnews,W_fail_mean vs D_mean,208,0.016708504144150548
base_transformer_agnews,W_fail_mean vs D_mean,209,0.034158356717492025
base_transformer_agnews,W_fail_mean vs D_mean,210,0.02668951146946864
base_transformer_agnews,W_fail_mean vs D_mean,211,0.016711846722949425
base_transformer_agnews,W_fail_mean vs D_mean,212,0.015469283019366488
base_transformer_agnews,W_fail_mean vs D_mean,213,0.024071809867009124
base_transformer_agnews,W_fail_mean vs D_mean,214,0.02054898744454659
base_transformer_agnews,W_fail_mean vs D_mean,215,0.019687520745045334
base_transformer_agnews,W_fail_mean vs D_mean,216,0.013309490091165221
base_transformer_agnews,W_fail_mean vs D_mean,217,0.045902032318314724
base_transformer_agnews,W_fail_mean vs D_mean,218,0.026853112107111617
base_transformer_agnews,W_fail_mean vs D_mean,219,0.012421565277787903
base_transformer_agnews,W_fail_mean vs D_mean,220,0.03026851057882928
base_transformer_agnews,W_fail_mean vs D_mean,221,0.02781632367876847
base_transformer_agnews,W_fail_mean vs D_mean,222,0.02179746134504568
base_transformer_agnews,W_fail_mean vs D_mean,223,0.0135796924262029
base_transformer_agnews,W_fail_mean vs D_mean,224,0.023270259649410763
base_transformer_agnews,W_fail_mean vs D_mean,225,0.02961304845132298
base_transformer_agnews,W_fail_mean vs D_mean,226,0.018078568480579378
base_transformer_agnews,W_fail_mean vs D_mean,227,0.027556463075143606
base_transformer_agnews,W_fail_mean vs D_mean,228,0.020146375861417765
base_transformer_agnews,W_fail_mean vs D_mean,229,0.01884107762372036
base_transformer_agnews,W_fail_mean vs D_mean,230,0.015775899597649676
base_transformer_agnews,W_fail_mean vs D_mean,231,0.018818622153534765
base_transformer_agnews,W_fail_mean vs D_mean,232,0.014398561482782922
base_transformer_agnews,W_fail_mean vs D_mean,233,0.018688212438131666
base_transformer_agnews,W_fail_mean vs D_mean,234,0.056389194067335786
base_transformer_agnews,W_fail_mean vs D_mean,235,0.013466311880001905
base_transformer_agnews,W_fail_mean vs D_mean,236,0.014262685325171866
base_transformer_agnews,W_fail_mean vs D_mean,237,0.023910708137645807
base_transformer_agnews,W_fail_mean vs D_mean,238,0.016978086656544565
base_transformer_agnews,W_fail_mean vs D_mean,239,0.04780965162983271
base_transformer_agnews,W_fail_mean vs D_mean,240,0.013574529973762762
base_transformer_agnews,W_fail_mean vs D_mean,241,0.02270268962414757
base_transformer_agnews,W_fail_mean vs D_mean,242,0.012489557559100951
base_transformer_agnews,W_fail_mean vs D_mean,243,0.02889402422969503
base_transformer_agnews,W_fail_mean vs D_mean,244,0.015452106777201623
base_transformer_agnews,W_fail_mean vs D_mean,245,0.02055751936858574
base_transformer_agnews,W_fail_mean vs D_mean,246,0.02461631213418743
base_transformer_agnews,W_fail_mean vs D_mean,247,0.02560435895958016
base_transformer_agnews,W_fail_mean vs D_mean,248,0.011162283199043482
base_transformer_agnews,W_fail_mean vs D_mean,249,0.05747569198735476
base_transformer_agnews,W_fail_mean vs D_mean,250,0.010538942161597346
base_transformer_agnews,W_fail_mean vs D_mean,251,0.011167861750685019
base_transformer_agnews,W_fail_mean vs D_mean,252,0.0341270371564856
base_transformer_agnews,W_fail_mean vs D_mean,253,0.02756659679460033
base_transformer_agnews,W_fail_mean vs D_mean,254,0.01404786772414241
base_transformer_agnews,W_fail_mean vs D_mean,255,0.01787381480893136
base_transformer_agnews,W_fail_mean vs D_mean,256,0.01030601740634819
base_transformer_agnews,W_fail_mean vs D_mean,257,0.0177672031889227
base_transformer_agnews,W_fail_mean vs D_mean,258,0.02007271129761572
base_transformer_agnews,W_fail_mean vs D_mean,259,0.02446734434845397
base_transformer_agnews,W_fail_mean vs D_mean,260,0.015964599333927264
base_transformer_agnews,W_fail_mean vs D_mean,261,0.02243383280751328
base_transformer_agnews,W_fail_mean vs D_mean,262,0.016011801237362525
base_transformer_agnews,W_fail_mean vs D_mean,263,0.01921200737576719
base_transformer_agnews,W_fail_mean vs D_mean,264,0.017075004026797062
base_transformer_agnews,W_fail_mean vs D_mean,265,0.028739312236285185
base_transformer_agnews,W_fail_mean vs D_mean,266,0.03155362736983967
base_transformer_agnews,W_fail_mean vs D_mean,267,0.016239661365831496
base_transformer_agnews,W_fail_mean vs D_mean,268,0.01635080311214936
base_transformer_agnews,W_fail_mean vs D_mean,269,0.021432973129780625
base_transformer_agnews,W_fail_mean vs D_mean,270,0.021829077644522223
base_transformer_agnews,W_fail_mean vs D_mean,271,0.022111599227355835
base_transformer_agnews,W_fail_mean vs D_mean,272,0.018380402316179805
base_transformer_agnews,W_fail_mean vs D_mean,273,0.023260959908035925
base_transformer_agnews,W_fail_mean vs D_mean,274,0.02674561105470856
base_transformer_agnews,W_fail_mean vs D_mean,275,0.0261924878469265
base_transformer_agnews,W_fail_mean vs D_mean,276,0.013123108648592069
base_transformer_agnews,W_fail_mean vs D_mean,277,0.012971056946008919
base_transformer_agnews,W_fail_mean vs D_mean,278,0.020465371860055682
base_transformer_agnews,W_fail_mean vs D_mean,279,0.009727267433078932
base_transformer_agnews,W_fail_mean vs D_mean,280,0.03642354044339135
base_transformer_agnews,W_fail_mean vs D_mean,281,0.01552624764338213
base_transformer_agnews,W_fail_mean vs D_mean,282,0.01624470555126792
base_transformer_agnews,W_fail_mean vs D_mean,283,0.012127559980346108
base_transformer_agnews,W_fail_mean vs D_mean,284,0.01706188422001191
base_transformer_agnews,W_fail_mean vs D_mean,285,0.016682524074278296
base_transformer_agnews,W_fail_mean vs D_mean,286,0.03552327500149884
base_transformer_agnews,W_fail_mean vs D_mean,287,0.010462965785659958
base_transformer_agnews,W_fail_mean vs D_mean,288,0.011763720772788675
base_transformer_agnews,W_fail_mean vs D_mean,289,0.014109945908081362
base_transformer_agnews,W_fail_mean vs D_mean,290,0.017895298925883547
base_transformer_agnews,W_fail_mean vs D_mean,291,0.019787627124694854
base_transformer_agnews,W_fail_mean vs D_mean,292,0.011303184474811628
base_transformer_agnews,W_fail_mean vs D_mean,293,0.028593425167591554
base_transformer_agnews,W_fail_mean vs D_mean,294,0.02999314453912362
base_transformer_agnews,W_fail_mean vs D_mean,295,0.022192429701438608
base_transformer_agnews,W_fail_mean vs D_mean,296,0.020405119534133494
base_transformer_agnews,W_fail_mean vs D_mean,297,0.04234206418856372
base_transformer_agnews,W_fail_mean vs D_mean,298,0.048825041512969285
base_transformer_agnews,W_fail_mean vs D_mean,299,0.022904827453156962
base_transformer_agnews,W_fail_mean vs D_mean,300,0.02267266736997027
base_transformer_agnews,W_fail_mean vs D_mean,301,0.014883531622793263
base_transformer_agnews,W_fail_mean vs D_mean,302,0.009320692770218828
base_transformer_agnews,W_fail_mean vs D_mean,303,0.013895536453099568
base_transformer_agnews,W_fail_mean vs D_mean,304,0.018012973443146323
base_transformer_agnews,W_fail_mean vs D_mean,305,0.016050982676661753
base_transformer_agnews,W_fail_mean vs D_mean,306,0.03693342124136186
base_transformer_agnews,W_fail_mean vs D_mean,307,0.013196834551587275
base_transformer_agnews,W_fail_mean vs D_mean,308,0.023952327805869856
base_transformer_agnews,W_fail_mean vs D_mean,309,0.014676542139515386
base_transformer_agnews,W_fail_mean vs D_mean,310,0.01253726618175433
base_transformer_agnews,W_fail_mean vs D_mean,311,0.012100973573809237
base_transformer_agnews,W_fail_mean vs D_mean,312,0.013227132623328176
base_transformer_agnews,W_fail_mean vs D_mean,313,0.012102047972647474
base_transformer_agnews,W_fail_mean vs D_mean,314,0.015476340690443624
base_transformer_agnews,W_fail_mean vs D_mean,315,0.0182019016628913
base_transformer_agnews,W_fail_mean vs D_mean,316,0.00991770941184072
base_transformer_agnews,W_fail_mean vs D_mean,317,0.01263807749858186
base_transformer_agnews,W_fail_mean vs D_mean,318,0.030608003684544298
base_transformer_agnews,W_fail_mean vs D_mean,319,0.0190069934425592
base_transformer_agnews,W_fail_mean vs D_mean,320,0.021037990750021465
base_transformer_agnews,W_fail_mean vs D_mean,321,0.01862379340782526
base_transformer_agnews,W_fail_mean vs D_mean,322,0.022173975675600734
base_transformer_agnews,W_fail_mean vs D_mean,323,0.017166404413653885
base_transformer_agnews,W_fail_mean vs D_mean,324,0.016525547554267668
base_transformer_agnews,W_fail_mean vs D_mean,325,0.02609212454797151
base_transformer_agnews,W_fail_mean vs D_mean,326,0.029116035578166027
base_transformer_agnews,W_fail_mean vs D_mean,327,0.025158966297207163
base_transformer_agnews,W_fail_mean vs D_mean,328,0.034181653664758394
base_transformer_agnews,W_fail_mean vs D_mean,329,0.015476072106841505
base_transformer_agnews,W_fail_mean vs D_mean,330,0.02048083841213118
base_transformer_agnews,W_fail_mean vs D_mean,331,0.016285822906109585
base_transformer_agnews,W_fail_mean vs D_mean,332,0.02420603991655184
base_transformer_agnews,W_fail_mean vs D_mean,333,0.01829558293209638
base_transformer_agnews,W_fail_mean vs D_mean,334,0.013734047900984493
base_transformer_agnews,W_fail_mean vs D_mean,335,0.02741588606304056
base_transformer_agnews,W_fail_mean vs D_mean,336,0.015479337368382091
base_transformer_agnews,W_fail_mean vs D_mean,337,0.011935946892703726
base_transformer_agnews,W_fail_mean vs D_mean,338,0.013082498799870172
base_transformer_agnews,W_fail_mean vs D_mean,339,0.010912193731054513
base_transformer_agnews,W_fail_mean vs D_mean,340,0.02459736938099375
base_transformer_agnews,W_fail_mean vs D_mean,341,0.020354981273841333
base_transformer_agnews,W_fail_mean vs D_mean,342,0.03715273781442179
base_transformer_agnews,W_fail_mean vs D_mean,343,0.015148312005365544
base_transformer_agnews,W_fail_mean vs D_mean,344,0.036624170816299276
base_transformer_agnews,W_fail_mean vs D_mean,345,0.025778606443828393
base_transformer_agnews,W_fail_mean vs D_mean,346,0.01705699954752271
base_transformer_agnews,W_fail_mean vs D_mean,347,0.01586393029066441
base_transformer_agnews,W_fail_mean vs D_mean,348,0.022185502288690657
base_transformer_agnews,W_fail_mean vs D_mean,349,0.01603582749271928
base_transformer_agnews,W_fail_mean vs D_mean,350,0.019609613445056826
base_transformer_agnews,W_fail_mean vs D_mean,351,0.012450923085625901
base_transformer_agnews,W_fail_mean vs D_mean,352,0.04649962912566952
base_transformer_agnews,W_fail_mean vs D_mean,353,0.030762476918837562
base_transformer_agnews,W_fail_mean vs D_mean,354,0.020824472472505306
base_transformer_agnews,W_fail_mean vs D_mean,355,0.01223265874720867
base_transformer_agnews,W_fail_mean vs D_mean,356,0.012483510411505663
base_transformer_agnews,W_fail_mean vs D_mean,357,0.010542646264143925
base_transformer_agnews,W_fail_mean vs D_mean,358,0.025428291219012748
base_transformer_agnews,W_fail_mean vs D_mean,359,0.04319466314261137
base_transformer_agnews,W_fail_mean vs D_mean,360,0.0209830582013393
base_transformer_agnews,W_fail_mean vs D_mean,361,0.009279944613343763
base_transformer_agnews,W_fail_mean vs D_mean,362,0.050857057126535474
base_transformer_agnews,W_fail_mean vs D_mean,363,0.013546483688865206
base_transformer_agnews,W_fail_mean vs D_mean,364,0.020795751814720858
base_transformer_agnews,W_fail_mean vs D_mean,365,0.01929407457455307
base_transformer_agnews,W_fail_mean vs D_mean,366,0.051564941052993474
base_transformer_agnews,W_fail_mean vs D_mean,367,0.017477916736258793
base_transformer_agnews,W_fail_mean vs D_mean,368,0.018368587475026097
base_transformer_agnews,W_fail_mean vs D_mean,369,0.021945945502187945
base_transformer_agnews,W_fail_mean vs D_mean,370,0.032359180306342626
base_transformer_agnews,W_fail_mean vs D_mean,371,0.037921231397462125
base_transformer_agnews,W_fail_mean vs D_mean,372,0.025626610882075768
base_transformer_agnews,W_fail_mean vs D_mean,373,0.015765185377389974
base_transformer_agnews,W_fail_mean vs D_mean,374,0.016152332518194094
base_transformer_agnews,W_fail_mean vs D_mean,375,0.03600984808405816
base_transformer_agnews,W_fail_mean vs D_mean,376,0.02578092370648843
base_transformer_agnews,W_fail_mean vs D_mean,377,0.017057784763362546
base_transformer_agnews,W_fail_mean vs D_mean,378,0.014831469423175675
base_transformer_agnews,W_fail_mean vs D_mean,379,0.011099777034959455
base_transformer_agnews,W_fail_mean vs D_mean,380,0.031588099199602676
base_transformer_agnews,W_fail_mean vs D_mean,381,0.020796808404851347
base_transformer_agnews,W_fail_mean vs D_mean,382,0.025661387801395895
base_transformer_agnews,W_fail_mean vs D_mean,383,0.019934683811155984
base_transformer_agnews,W_fail_mean vs D_mean,384,0.040252974256905966
base_transformer_agnews,W_fail_mean vs D_mean,385,0.02609889139700379
base_transformer_agnews,W_fail_mean vs D_mean,386,0.020021461361992496
base_transformer_agnews,W_fail_mean vs D_mean,387,0.015925166683028923
base_transformer_agnews,W_fail_mean vs D_mean,388,0.029078483413522385
base_transformer_agnews,W_fail_mean vs D_mean,389,0.03224725910289004
base_transformer_agnews,W_fail_mean vs D_mean,390,0.028673295840188774
base_transformer_agnews,W_fail_mean vs D_mean,391,0.017435893335320182
base_transformer_agnews,W_fail_mean vs D_mean,392,0.019708388295082507
base_transformer_agnews,W_fail_mean vs D_mean,393,0.012723985818024645
base_transformer_agnews,W_fail_mean vs D_mean,394,0.023554527202583785
base_transformer_agnews,W_fail_mean vs D_mean,395,0.025363576048401525
base_transformer_agnews,W_fail_mean vs D_mean,396,0.01687871071673537
base_transformer_agnews,W_fail_mean vs D_mean,397,0.019159740685637097
base_transformer_agnews,W_fail_mean vs D_mean,398,0.01222328031797977
base_transformer_agnews,W_fail_mean vs D_mean,399,0.01839068089600175
base_transformer_agnews,W_fail_mean vs D_mean,400,0.017763743644168332
base_transformer_agnews,W_fail_mean vs D_mean,401,0.023016445624515595
base_transformer_agnews,W_fail_mean vs D_mean,402,0.032627749716984816
base_transformer_agnews,W_fail_mean vs D_mean,403,0.02701715097012236
base_transformer_agnews,W_fail_mean vs D_mean,404,0.013679830837999167
base_transformer_agnews,W_fail_mean vs D_mean,405,0.019934099748098514
base_transformer_agnews,W_fail_mean vs D_mean,406,0.021817272334689747
base_transformer_agnews,W_fail_mean vs D_mean,407,0.015295308699506842
base_transformer_agnews,W_fail_mean vs D_mean,408,0.012441459451317777
base_transformer_agnews,W_fail_mean vs D_mean,409,0.015640441040243324
base_transformer_agnews,W_fail_mean vs D_mean,410,0.016837140830204232
base_transformer_agnews,W_fail_mean vs D_mean,411,0.017339044597856228
base_transformer_agnews,W_fail_mean vs D_mean,412,0.01199380167415617
base_transformer_agnews,W_fail_mean vs D_mean,413,0.013527496319826986
base_transformer_agnews,W_fail_mean vs D_mean,414,0.011411578578373716
base_transformer_agnews,W_fail_mean vs D_mean,415,0.020801829525531383
base_transformer_agnews,W_fail_mean vs D_mean,416,0.01183735871104055
base_transformer_agnews,W_fail_mean vs D_mean,417,0.016980783693043254
base_transformer_agnews,W_fail_mean vs D_mean,418,0.017232019452848926
base_transformer_agnews,W_fail_mean vs D_mean,419,0.016228407633863788
base_transformer_agnews,W_fail_mean vs D_mean,420,0.019039250552309494
base_transformer_agnews,W_fail_mean vs D_mean,421,0.020674863558188653
base_transformer_agnews,W_fail_mean vs D_mean,422,0.024698106148368842
base_transformer_agnews,W_fail_mean vs D_mean,423,0.021760484150880655
base_transformer_agnews,W_fail_mean vs D_mean,424,0.023308754529485175
base_transformer_agnews,W_fail_mean vs D_mean,425,0.024635359844444475
base_transformer_agnews,W_fail_mean vs D_mean,426,0.016027564340026147
base_transformer_agnews,W_fail_mean vs D_mean,427,0.013309450946052317
base_transformer_agnews,W_fail_mean vs D_mean,428,0.03645625041353796
base_transformer_agnews,W_fail_mean vs D_mean,429,0.02300602840210195
base_transformer_agnews,W_fail_mean vs D_mean,430,0.024529318404618
base_transformer_agnews,W_fail_mean vs D_mean,431,0.012758407922676122
base_transformer_agnews,W_fail_mean vs D_mean,432,0.043026347065935916
base_transformer_agnews,W_fail_mean vs D_mean,433,0.018148036326665846
base_transformer_agnews,W_fail_mean vs D_mean,434,0.01985975856054644
base_transformer_agnews,W_fail_mean vs D_mean,435,0.02188576378452921
base_transformer_agnews,W_fail_mean vs D_mean,436,0.046495186263259075
base_transformer_agnews,W_fail_mean vs D_mean,437,0.0398271896257576
base_transformer_agnews,W_fail_mean vs D_mean,438,0.012913855859308182
base_transformer_agnews,W_fail_mean vs D_mean,439,0.021196684660994912
base_transformer_agnews,W_fail_mean vs D_mean,440,0.02693334525479383
base_transformer_agnews,W_fail_mean vs D_mean,441,0.020574498839794227
base_transformer_agnews,W_fail_mean vs D_mean,442,0.025918934620104868
base_transformer_agnews,W_fail_mean vs D_mean,443,0.01825186907474307
base_transformer_agnews,W_fail_mean vs D_mean,444,0.013352794903119029
base_transformer_agnews,W_fail_mean vs D_mean,445,0.013124939297988011
base_transformer_agnews,W_fail_mean vs D_mean,446,0.021703311544818284
base_transformer_agnews,W_fail_mean vs D_mean,447,0.01114152670084826
base_transformer_agnews,W_fail_mean vs D_mean,448,0.01807151613192413
base_transformer_agnews,W_fail_mean vs D_mean,449,0.02532999887850316
base_transformer_agnews,W_fail_mean vs D_mean,450,0.01577072326495701
base_transformer_agnews,W_fail_mean vs D_mean,451,0.03550568301015726
base_transformer_agnews,W_fail_mean vs D_mean,452,0.015078334386694873
base_transformer_agnews,W_fail_mean vs D_mean,453,0.043901246762517304
base_transformer_agnews,W_fail_mean vs D_mean,454,0.012680382569348364
base_transformer_agnews,W_fail_mean vs D_mean,455,0.04087278653251654
base_transformer_agnews,W_fail_mean vs D_mean,456,0.023345727938077356
base_transformer_agnews,W_fail_mean vs D_mean,457,0.016561147209376535
base_transformer_agnews,W_fail_mean vs D_mean,458,0.025142852209870913
base_transformer_agnews,W_fail_mean vs D_mean,459,0.018048719343626445
base_transformer_agnews,W_fail_mean vs D_mean,460,0.008423361921454143
base_transformer_agnews,W_fail_mean vs D_mean,461,0.016493814801810888
base_transformer_agnews,W_fail_mean vs D_mean,462,0.02704712323801726
base_transformer_agnews,W_fail_mean vs D_mean,463,0.013122924993997538
base_transformer_agnews,W_fail_mean vs D_mean,464,0.013891479190916838
base_transformer_agnews,W_fail_mean vs D_mean,465,0.011044495573306596
base_transformer_agnews,W_fail_mean vs D_mean,466,0.016267464239231446
base_transformer_agnews,W_fail_mean vs D_mean,467,0.022904156706615122
base_transformer_agnews,W_fail_mean vs D_mean,468,0.019854281229339996
base_transformer_agnews,W_fail_mean vs D_mean,469,0.02372745600430564
base_transformer_agnews,W_fail_mean vs D_mean,470,0.015959972032033674
base_transformer_agnews,W_fail_mean vs D_mean,471,0.022932948720972155
base_transformer_agnews,W_fail_mean vs D_mean,472,0.014585789428897305
base_transformer_agnews,W_fail_mean vs D_mean,473,0.03434178893129742
base_transformer_agnews,W_fail_mean vs D_mean,474,0.010414753644737497
base_transformer_agnews,W_fail_mean vs D_mean,475,0.013341421888309604
base_transformer_agnews,W_fail_mean vs D_mean,476,0.026192338818711004
base_transformer_agnews,W_fail_mean vs D_mean,477,0.011984008536996531
base_transformer_agnews,W_fail_mean vs D_mean,478,0.013086191751263816
base_transformer_agnews,W_fail_mean vs D_mean,479,0.027064145673418
base_transformer_agnews,W_fail_mean vs D_mean,480,0.0239260091324471
base_transformer_agnews,W_fail_mean vs D_mean,481,0.02441615547486093
base_transformer_agnews,W_fail_mean vs D_mean,482,0.027043218071056932
base_transformer_agnews,W_fail_mean vs D_mean,483,0.025281382864234703
base_transformer_agnews,W_fail_mean vs D_mean,484,0.017971590057631985
base_transformer_agnews,W_fail_mean vs D_mean,485,0.03561937343248181
base_transformer_agnews,W_fail_mean vs D_mean,486,0.011983484402495446
base_transformer_agnews,W_fail_mean vs D_mean,487,0.027334903748182843
base_transformer_agnews,W_fail_mean vs D_mean,488,0.05438772251857022
base_transformer_agnews,W_fail_mean vs D_mean,489,0.03782851664285672
base_transformer_agnews,W_fail_mean vs D_mean,490,0.014815834151161873
base_transformer_agnews,W_fail_mean vs D_mean,491,0.018509908448194463
base_transformer_agnews,W_fail_mean vs D_mean,492,0.010613306920517006
base_transformer_agnews,W_fail_mean vs D_mean,493,0.014395411172085783
base_transformer_agnews,W_fail_mean vs D_mean,494,0.03881960814483515
base_transformer_agnews,W_fail_mean vs D_mean,495,0.027171981806485612
base_transformer_agnews,W_fail_mean vs D_mean,496,0.014384811685001931
base_transformer_agnews,W_fail_mean vs D_mean,497,0.021262985812721187
base_transformer_agnews,W_fail_mean vs D_mean,498,0.015317872485066162
base_transformer_agnews,W_fail_mean vs D_mean,499,0.012828295073411749
