official_test_index,label,analysis_split
0,2,single_head_calibration
1,3,single_head_calibration
2,3,single_head_calibration
3,3,single_head_calibration
4,3,single_head_calibration
5,3,single_head_calibration
6,3,single_head_calibration
7,3,single_head_calibration
8,3,single_head_calibration
9,3,single_head_calibration
10,3,multihead_evaluation
11,3,single_head_calibration
12,3,single_head_calibration
13,3,single_head_calibration
14,3,multihead_evaluation
15,3,single_head_calibration
16,3,single_head_calibration
17,3,single_head_calibration
18,3,single_head_calibration
19,3,single_head_calibration
20,3,single_head_calibration
21,3,single_head_calibration
22,3,single_head_calibration
23,3,single_head_calibration
24,3,single_head_calibration
25,3,single_head_calibration
26,1,single_head_calibration
27,1,single_head_calibration
28,1,single_head_calibration
29,1,single_head_calibration
30,1,single_head_calibration
31,1,single_head_calibration
32,0,single_head_calibration
33,0,single_head_calibration
34,0,single_head_calibration
35,0,multihead_evaluation
36,0,single_head_calibration
37,0,single_head_calibration
38,0,single_head_calibration
39,0,multihead_evaluation
40,1,single_head_calibration
41,2,single_head_calibration
42,0,single_head_calibration
43,3,single_head_calibration
44,1,single_head_calibration
45,1,single_head_calibration
46,0,single_head_calibration
47,3,single_head_calibration
48,0,single_head_calibration
49,1,single_head_calibration
50,0,single_head_calibration
51,1,single_head_calibration
52,0,single_head_calibration
53,3,single_head_calibration
54,2,single_head_calibration
55,3,single_head_calibration
56,0,single_head_calibration
57,0,single_head_calibration
58,2,single_head_calibration
59,2,single_head_calibration
60,1,single_head_calibration
61,1,multihead_evaluation
62,1,single_head_calibration
63,3,single_head_calibration
64,0,single_head_calibration
65,3,single_head_calibration
66,0,single_head_calibration
67,0,single_head_calibration
68,1,single_head_calibration
69,0,single_head_calibration
70,3,single_head_calibration
71,3,single_head_calibration
72,3,single_head_calibration
73,0,single_head_calibration
74,3,single_head_calibration
75,1,single_head_calibration
76,0,single_head_calibration
77,1,multihead_evaluation
78,0,multihead_evaluation
79,0,single_head_calibration
80,0,multihead_evaluation
81,1,multihead_evaluation
82,2,single_head_calibration
83,2,single_head_calibration
84,0,single_head_calibration
85,0,single_head_calibration
86,2,single_head_calibration
87,0,single_head_calibration
88,0,single_head_calibration
89,3,single_head_calibration
90,0,single_head_calibration
91,2,single_head_calibration
92,3,multihead_evaluation
93,2,single_head_calibration
94,1,single_head_calibration
95,1,single_head_calibration
96,1,single_head_calibration
97,2,single_head_calibration
98,0,single_head_calibration
99,2,single_head_calibration
100,1,single_head_calibration
101,2,single_head_calibration
102,3,single_head_calibration
103,2,single_head_calibration
104,0,single_head_calibration
105,1,single_head_calibration
106,0,single_head_calibration
107,1,single_head_calibration
108,0,single_head_calibration
109,3,single_head_calibration
110,2,single_head_calibration
111,3,single_head_calibration
112,3,single_head_calibration
113,3,single_head_calibration
114,3,multihead_evaluation
115,1,single_head_calibration
116,3,single_head_calibration
117,3,single_head_calibration
118,2,single_head_calibration
119,1,single_head_calibration
120,0,single_head_calibration
121,1,single_head_calibration
122,3,single_head_calibration
123,0,single_head_calibration
124,3,single_head_calibration
125,2,single_head_calibration
126,1,multihead_evaluation
127,1,single_head_calibration
128,1,single_head_calibration
129,0,single_head_calibration
130,0,single_head_calibration
131,0,single_head_calibration
132,1,single_head_calibration
133,0,single_head_calibration
134,1,single_head_calibration
135,1,single_head_calibration
136,0,single_head_calibration
137,1,single_head_calibration
138,1,single_head_calibration
139,0,single_head_calibration
140,1,single_head_calibration
141,0,single_head_calibration
142,1,single_head_calibration
143,0,multihead_evaluation
144,0,multihead_evaluation
145,0,single_head_calibration
146,1,single_head_calibration
147,2,single_head_calibration
148,1,single_head_calibration
149,1,single_head_calibration
150,1,single_head_calibration
151,0,single_head_calibration
152,1,single_head_calibration
153,0,single_head_calibration
154,0,single_head_calibration
155,0,single_head_calibration
156,2,single_head_calibration
157,1,single_head_calibration
158,1,single_head_calibration
159,0,single_head_calibration
160,1,multihead_evaluation
161,2,single_head_calibration
162,3,single_head_calibration
163,0,single_head_calibration
164,0,single_head_calibration
165,2,single_head_calibration
166,2,single_head_calibration
167,2,single_head_calibration
168,1,single_head_calibration
169,0,single_head_calibration
170,3,single_head_calibration
171,3,single_head_calibration
172,2,single_head_calibration
173,3,single_head_calibration
174,0,single_head_calibration
175,0,single_head_calibration
176,3,single_head_calibration
177,1,multihead_evaluation
178,3,single_head_calibration
179,1,single_head_calibration
180,2,single_head_calibration
181,1,single_head_calibration
182,1,single_head_calibration
183,3,single_head_calibration
184,2,single_head_calibration
185,0,single_head_calibration
186,3,single_head_calibration
187,0,multihead_evaluation
188,1,single_head_calibration
189,3,single_head_calibration
190,3,single_head_calibration
191,0,single_head_calibration
192,0,single_head_calibration
193,0,multihead_evaluation
194,2,single_head_calibration
195,2,single_head_calibration
196,0,multihead_evaluation
197,1,single_head_calibration
198,2,single_head_calibration
199,1,single_head_calibration
200,3,single_head_calibration
201,3,single_head_calibration
202,3,single_head_calibration
203,0,multihead_evaluation
204,1,single_head_calibration
205,1,single_head_calibration
206,1,single_head_calibration
207,3,single_head_calibration
208,1,single_head_calibration
209,3,single_head_calibration
210,1,single_head_calibration
211,0,single_head_calibration
212,1,single_head_calibration
213,1,single_head_calibration
214,1,single_head_calibration
215,3,single_head_calibration
216,2,single_head_calibration
217,2,single_head_calibration
218,3,single_head_calibration
219,1,single_head_calibration
220,1,single_head_calibration
221,0,single_head_calibration
222,2,single_head_calibration
223,1,single_head_calibration
224,2,single_head_calibration
225,2,single_head_calibration
226,0,single_head_calibration
227,1,single_head_calibration
228,2,single_head_calibration
229,0,single_head_calibration
230,1,single_head_calibration
231,1,single_head_calibration
232,2,single_head_calibration
233,3,single_head_calibration
234,2,single_head_calibration
235,1,single_head_calibration
236,2,single_head_calibration
237,1,single_head_calibration
238,0,single_head_calibration
239,2,single_head_calibration
240,3,single_head_calibration
241,1,single_head_calibration
242,1,multihead_evaluation
243,3,single_head_calibration
244,2,multihead_evaluation
245,2,single_head_calibration
246,3,single_head_calibration
247,3,single_head_calibration
248,3,single_head_calibration
249,0,multihead_evaluation
250,2,single_head_calibration
251,0,multihead_evaluation
252,1,single_head_calibration
253,2,single_head_calibration
254,2,single_head_calibration
255,3,single_head_calibration
256,2,single_head_calibration
257,3,single_head_calibration
258,3,single_head_calibration
259,3,single_head_calibration
260,1,single_head_calibration
261,0,single_head_calibration
262,3,multihead_evaluation
263,3,single_head_calibration
264,3,single_head_calibration
265,3,single_head_calibration
266,1,multihead_evaluation
267,3,single_head_calibration
268,1,single_head_calibration
269,1,single_head_calibration
270,1,single_head_calibration
271,0,single_head_calibration
272,2,single_head_calibration
273,3,single_head_calibration
274,1,single_head_calibration
275,3,single_head_calibration
276,3,single_head_calibration
277,1,multihead_evaluation
278,2,single_head_calibration
279,3,single_head_calibration
280,2,single_head_calibration
281,1,single_head_calibration
282,1,single_head_calibration
283,3,single_head_calibration
284,1,single_head_calibration
285,0,single_head_calibration
286,0,single_head_calibration
287,2,single_head_calibration
288,2,single_head_calibration
289,1,single_head_calibration
290,1,multihead_evaluation
291,3,single_head_calibration
292,3,multihead_evaluation
293,3,single_head_calibration
294,1,single_head_calibration
295,0,single_head_calibration
296,0,single_head_calibration
297,3,single_head_calibration
298,1,single_head_calibration
299,2,single_head_calibration
300,1,single_head_calibration
301,2,multihead_evaluation
302,2,single_head_calibration
303,2,single_head_calibration
304,2,single_head_calibration
305,1,single_head_calibration
306,3,single_head_calibration
307,3,single_head_calibration
308,1,single_head_calibration
309,2,single_head_calibration
310,2,single_head_calibration
311,1,multihead_evaluation
312,3,single_head_calibration
313,2,multihead_evaluation
314,2,single_head_calibration
315,0,single_head_calibration
316,0,single_head_calibration
317,2,single_head_calibration
318,1,single_head_calibration
319,2,single_head_calibration
320,2,single_head_calibration
321,0,single_head_calibration
322,1,single_head_calibration
323,3,multihead_evaluation
324,1,single_head_calibration
325,3,single_head_calibration
326,0,single_head_calibration
327,0,single_head_calibration
328,3,single_head_calibration
329,2,single_head_calibration
330,3,single_head_calibration
331,1,single_head_calibration
332,0,single_head_calibration
333,0,single_head_calibration
334,1,single_head_calibration
335,0,single_head_calibration
336,2,multihead_evaluation
337,2,multihead_evaluation
338,1,single_head_calibration
339,1,single_head_calibration
340,3,single_head_calibration
341,1,multihead_evaluation
342,0,single_head_calibration
343,1,single_head_calibration
344,1,single_head_calibration
345,3,single_head_calibration
346,3,single_head_calibration
347,1,multihead_evaluation
348,0,single_head_calibration
349,2,multihead_evaluation
350,1,single_head_calibration
351,0,single_head_calibration
352,0,single_head_calibration
353,1,single_head_calibration
354,0,single_head_calibration
355,0,single_head_calibration
356,1,single_head_calibration
357,2,single_head_calibration
358,1,single_head_calibration
359,1,multihead_evaluation
360,1,multihead_evaluation
361,0,single_head_calibration
362,2,single_head_calibration
363,0,single_head_calibration
364,0,single_head_calibration
365,3,single_head_calibration
366,1,single_head_calibration
367,2,multihead_evaluation
368,0,single_head_calibration
369,0,single_head_calibration
370,1,multihead_evaluation
371,0,single_head_calibration
372,0,single_head_calibration
373,1,single_head_calibration
374,1,single_head_calibration
375,3,single_head_calibration
376,1,single_head_calibration
377,1,single_head_calibration
378,2,single_head_calibration
379,0,single_head_calibration
380,1,single_head_calibration
381,1,single_head_calibration
382,3,single_head_calibration
383,1,single_head_calibration
384,2,single_head_calibration
385,1,single_head_calibration
386,1,single_head_calibration
387,1,single_head_calibration
388,0,single_head_calibration
389,0,single_head_calibration
390,0,single_head_calibration
391,1,single_head_calibration
392,0,single_head_calibration
393,0,single_head_calibration
394,0,single_head_calibration
395,1,single_head_calibration
396,1,single_head_calibration
397,3,multihead_evaluation
398,1,single_head_calibration
399,2,single_head_calibration
400,3,multihead_evaluation
401,1,single_head_calibration
402,0,single_head_calibration
403,0,multihead_evaluation
404,0,single_head_calibration
405,2,single_head_calibration
406,2,single_head_calibration
407,2,single_head_calibration
408,2,single_head_calibration
409,1,single_head_calibration
410,2,single_head_calibration
411,1,single_head_calibration
412,0,single_head_calibration
413,0,single_head_calibration
414,0,multihead_evaluation
415,1,single_head_calibration
416,1,single_head_calibration
417,2,single_head_calibration
418,2,multihead_evaluation
419,0,single_head_calibration
420,0,single_head_calibration
421,1,multihead_evaluation
422,2,single_head_calibration
423,3,single_head_calibration
424,3,single_head_calibration
425,0,single_head_calibration
426,2,single_head_calibration
427,2,single_head_calibration
428,3,single_head_calibration
429,3,multihead_evaluation
430,0,single_head_calibration
431,1,single_head_calibration
432,1,single_head_calibration
433,2,single_head_calibration
434,2,single_head_calibration
435,3,multihead_evaluation
436,2,single_head_calibration
437,2,single_head_calibration
438,3,single_head_calibration
439,3,single_head_calibration
440,2,single_head_calibration
441,3,single_head_calibration
442,0,single_head_calibration
443,2,single_head_calibration
444,0,single_head_calibration
445,3,multihead_evaluation
446,3,single_head_calibration
447,3,single_head_calibration
448,2,single_head_calibration
449,2,single_head_calibration
450,0,single_head_calibration
451,0,single_head_calibration
452,2,single_head_calibration
453,3,single_head_calibration
454,3,single_head_calibration
455,1,single_head_calibration
456,2,single_head_calibration
457,3,single_head_calibration
458,1,single_head_calibration
459,2,multihead_evaluation
460,1,single_head_calibration
461,1,single_head_calibration
462,3,multihead_evaluation
463,1,single_head_calibration
464,0,single_head_calibration
465,3,single_head_calibration
466,2,single_head_calibration
467,2,single_head_calibration
468,3,single_head_calibration
469,1,single_head_calibration
470,0,single_head_calibration
471,3,single_head_calibration
472,0,single_head_calibration
473,2,multihead_evaluation
474,1,single_head_calibration
475,3,single_head_calibration
476,1,single_head_calibration
477,3,multihead_evaluation
478,0,single_head_calibration
479,2,single_head_calibration
480,3,single_head_calibration
481,2,single_head_calibration
482,2,single_head_calibration
483,3,multihead_evaluation
484,2,single_head_calibration
485,2,single_head_calibration
486,1,single_head_calibration
487,2,single_head_calibration
488,2,single_head_calibration
489,1,single_head_calibration
490,1,single_head_calibration
491,3,single_head_calibration
492,1,single_head_calibration
493,2,single_head_calibration
494,2,multihead_evaluation
495,1,multihead_evaluation
496,2,single_head_calibration
497,0,single_head_calibration
498,1,single_head_calibration
499,3,single_head_calibration
500,3,single_head_calibration
501,1,single_head_calibration
502,1,single_head_calibration
503,0,single_head_calibration
504,0,single_head_calibration
505,0,single_head_calibration
506,0,single_head_calibration
507,3,single_head_calibration
508,2,multihead_evaluation
509,3,single_head_calibration
510,3,single_head_calibration
511,0,multihead_evaluation
512,3,single_head_calibration
513,0,single_head_calibration
514,0,multihead_evaluation
515,1,single_head_calibration
516,0,single_head_calibration
517,2,single_head_calibration
518,3,single_head_calibration
519,1,single_head_calibration
520,2,single_head_calibration
521,0,single_head_calibration
522,2,single_head_calibration
523,0,single_head_calibration
524,0,multihead_evaluation
525,0,single_head_calibration
526,3,single_head_calibration
527,0,single_head_calibration
528,0,multihead_evaluation
529,0,single_head_calibration
530,1,single_head_calibration
531,3,single_head_calibration
532,3,single_head_calibration
533,3,single_head_calibration
534,2,single_head_calibration
535,2,single_head_calibration
536,3,single_head_calibration
537,3,single_head_calibration
538,1,single_head_calibration
539,3,single_head_calibration
540,1,single_head_calibration
541,0,single_head_calibration
542,0,single_head_calibration
543,3,single_head_calibration
544,1,multihead_evaluation
545,3,multihead_evaluation
546,2,single_head_calibration
547,1,single_head_calibration
548,3,single_head_calibration
549,2,single_head_calibration
550,0,single_head_calibration
551,0,single_head_calibration
552,0,single_head_calibration
553,1,single_head_calibration
554,3,single_head_calibration
555,3,single_head_calibration
556,3,single_head_calibration
557,3,single_head_calibration
558,3,single_head_calibration
559,3,single_head_calibration
560,3,single_head_calibration
561,0,multihead_evaluation
562,2,single_head_calibration
563,3,single_head_calibration
564,1,single_head_calibration
565,0,single_head_calibration
566,0,single_head_calibration
567,3,single_head_calibration
568,3,single_head_calibration
569,1,single_head_calibration
570,3,single_head_calibration
571,2,single_head_calibration
572,3,single_head_calibration
573,3,single_head_calibration
574,0,single_head_calibration
575,2,single_head_calibration
576,1,single_head_calibration
577,3,multihead_evaluation
578,3,single_head_calibration
579,0,single_head_calibration
580,1,multihead_evaluation
581,3,single_head_calibration
582,2,single_head_calibration
583,1,single_head_calibration
584,0,single_head_calibration
585,2,single_head_calibration
586,3,single_head_calibration
587,3,single_head_calibration
588,3,single_head_calibration
589,2,single_head_calibration
590,0,single_head_calibration
591,2,single_head_calibration
592,3,single_head_calibration
593,0,single_head_calibration
594,3,multihead_evaluation
595,0,single_head_calibration
596,3,single_head_calibration
597,3,single_head_calibration
598,2,single_head_calibration
599,0,single_head_calibration
600,2,single_head_calibration
601,2,multihead_evaluation
602,3,single_head_calibration
603,2,single_head_calibration
604,1,single_head_calibration
605,0,single_head_calibration
606,0,single_head_calibration
607,3,single_head_calibration
608,1,single_head_calibration
609,1,single_head_calibration
610,1,single_head_calibration
611,0,single_head_calibration
612,0,multihead_evaluation
613,0,multihead_evaluation
614,0,single_head_calibration
615,2,multihead_evaluation
616,3,single_head_calibration
617,0,multihead_evaluation
618,0,single_head_calibration
619,2,single_head_calibration
620,2,single_head_calibration
621,2,single_head_calibration
622,3,single_head_calibration
623,3,single_head_calibration
624,3,single_head_calibration
625,0,single_head_calibration
626,0,single_head_calibration
627,3,single_head_calibration
628,2,single_head_calibration
629,1,single_head_calibration
630,3,single_head_calibration
631,1,single_head_calibration
632,3,single_head_calibration
633,3,single_head_calibration
634,2,single_head_calibration
635,3,single_head_calibration
636,3,single_head_calibration
637,1,single_head_calibration
638,1,single_head_calibration
639,0,single_head_calibration
640,2,single_head_calibration
641,3,single_head_calibration
642,3,single_head_calibration
643,2,single_head_calibration
644,1,single_head_calibration
645,3,single_head_calibration
646,0,single_head_calibration
647,0,multihead_evaluation
648,1,single_head_calibration
649,2,single_head_calibration
650,0,single_head_calibration
651,2,multihead_evaluation
652,0,multihead_evaluation
653,0,single_head_calibration
654,3,single_head_calibration
655,0,multihead_evaluation
656,2,single_head_calibration
657,3,single_head_calibration
658,3,single_head_calibration
659,3,single_head_calibration
660,3,single_head_calibration
661,3,single_head_calibration
662,1,single_head_calibration
663,2,single_head_calibration
664,3,multihead_evaluation
665,1,single_head_calibration
666,1,single_head_calibration
667,2,single_head_calibration
668,3,single_head_calibration
669,0,single_head_calibration
670,1,single_head_calibration
671,3,single_head_calibration
672,0,single_head_calibration
673,2,multihead_evaluation
674,1,multihead_evaluation
675,1,single_head_calibration
676,0,single_head_calibration
677,0,single_head_calibration
678,0,single_head_calibration
679,1,multihead_evaluation
680,3,single_head_calibration
681,0,single_head_calibration
682,0,single_head_calibration
683,0,single_head_calibration
684,0,single_head_calibration
685,2,single_head_calibration
686,1,multihead_evaluation
687,2,single_head_calibration
688,2,single_head_calibration
689,0,single_head_calibration
690,1,single_head_calibration
691,1,single_head_calibration
692,1,single_head_calibration
693,1,multihead_evaluation
694,0,single_head_calibration
695,0,single_head_calibration
696,1,multihead_evaluation
697,0,single_head_calibration
698,1,single_head_calibration
699,0,single_head_calibration
700,2,single_head_calibration
701,1,single_head_calibration
702,3,single_head_calibration
703,0,multihead_evaluation
704,1,multihead_evaluation
705,1,single_head_calibration
706,3,single_head_calibration
707,2,single_head_calibration
708,3,single_head_calibration
709,3,single_head_calibration
710,2,single_head_calibration
711,2,single_head_calibration
712,2,single_head_calibration
713,1,single_head_calibration
714,1,single_head_calibration
715,3,single_head_calibration
716,3,single_head_calibration
717,1,single_head_calibration
718,1,single_head_calibration
719,0,single_head_calibration
720,0,multihead_evaluation
721,0,single_head_calibration
722,3,single_head_calibration
723,2,single_head_calibration
724,0,single_head_calibration
725,0,single_head_calibration
726,1,multihead_evaluation
727,0,multihead_evaluation
728,2,single_head_calibration
729,2,single_head_calibration
730,2,single_head_calibration
731,3,single_head_calibration
732,3,single_head_calibration
733,2,single_head_calibration
734,2,single_head_calibration
735,1,single_head_calibration
736,2,single_head_calibration
737,0,single_head_calibration
738,3,single_head_calibration
739,1,single_head_calibration
740,1,single_head_calibration
741,3,single_head_calibration
742,0,single_head_calibration
743,3,single_head_calibration
744,2,multihead_evaluation
745,2,single_head_calibration
746,2,single_head_calibration
747,0,single_head_calibration
748,3,single_head_calibration
749,1,multihead_evaluation
750,0,single_head_calibration
751,2,single_head_calibration
752,1,single_head_calibration
753,1,single_head_calibration
754,0,single_head_calibration
755,3,single_head_calibration
756,0,single_head_calibration
757,0,single_head_calibration
758,3,single_head_calibration
759,1,single_head_calibration
760,2,single_head_calibration
761,3,single_head_calibration
762,2,multihead_evaluation
763,3,multihead_evaluation
764,0,single_head_calibration
765,1,multihead_evaluation
766,1,single_head_calibration
767,1,single_head_calibration
768,0,multihead_evaluation
769,1,single_head_calibration
770,2,multihead_evaluation
771,1,single_head_calibration
772,0,single_head_calibration
773,1,single_head_calibration
774,1,single_head_calibration
775,0,single_head_calibration
776,3,multihead_evaluation
777,1,single_head_calibration
778,3,single_head_calibration
779,1,single_head_calibration
780,0,single_head_calibration
781,0,single_head_calibration
782,1,single_head_calibration
783,3,single_head_calibration
784,1,single_head_calibration
785,0,single_head_calibration
786,0,single_head_calibration
787,1,single_head_calibration
788,2,multihead_evaluation
789,3,single_head_calibration
790,0,single_head_calibration
791,3,single_head_calibration
792,0,single_head_calibration
793,1,single_head_calibration
794,3,multihead_evaluation
795,0,single_head_calibration
796,2,single_head_calibration
797,0,single_head_calibration
798,1,single_head_calibration
799,0,single_head_calibration
800,1,single_head_calibration
801,1,single_head_calibration
802,0,single_head_calibration
803,0,single_head_calibration
804,2,single_head_calibration
805,3,single_head_calibration
806,2,multihead_evaluation
807,1,single_head_calibration
808,0,single_head_calibration
809,1,single_head_calibration
810,0,single_head_calibration
811,3,single_head_calibration
812,3,single_head_calibration
813,0,single_head_calibration
814,1,single_head_calibration
815,0,single_head_calibration
816,2,single_head_calibration
817,1,single_head_calibration
818,0,single_head_calibration
819,0,single_head_calibration
820,0,single_head_calibration
821,1,single_head_calibration
822,1,single_head_calibration
823,1,multihead_evaluation
824,2,single_head_calibration
825,1,single_head_calibration
826,0,single_head_calibration
827,1,single_head_calibration
828,0,single_head_calibration
829,0,single_head_calibration
830,0,single_head_calibration
831,0,single_head_calibration
832,0,single_head_calibration
833,0,single_head_calibration
834,1,single_head_calibration
835,2,single_head_calibration
836,2,single_head_calibration
837,1,single_head_calibration
838,0,single_head_calibration
839,3,single_head_calibration
840,1,single_head_calibration
841,0,single_head_calibration
842,1,multihead_evaluation
843,1,single_head_calibration
844,0,single_head_calibration
845,3,single_head_calibration
846,0,single_head_calibration
847,0,single_head_calibration
848,0,single_head_calibration
849,1,single_head_calibration
850,3,single_head_calibration
851,1,single_head_calibration
852,0,single_head_calibration
853,1,single_head_calibration
854,1,single_head_calibration
855,1,single_head_calibration
856,1,single_head_calibration
857,1,multihead_evaluation
858,1,multihead_evaluation
859,3,single_head_calibration
860,0,single_head_calibration
861,2,single_head_calibration
862,1,single_head_calibration
863,1,single_head_calibration
864,2,single_head_calibration
865,2,single_head_calibration
866,3,single_head_calibration
867,2,multihead_evaluation
868,0,single_head_calibration
869,0,single_head_calibration
870,1,single_head_calibration
871,1,single_head_calibration
872,1,single_head_calibration
873,1,single_head_calibration
874,1,multihead_evaluation
875,1,single_head_calibration
876,2,single_head_calibration
877,2,multihead_evaluation
878,1,single_head_calibration
879,0,single_head_calibration
880,3,single_head_calibration
881,2,single_head_calibration
882,0,single_head_calibration
883,2,single_head_calibration
884,1,single_head_calibration
885,1,single_head_calibration
886,1,single_head_calibration
887,2,single_head_calibration
888,1,single_head_calibration
889,2,single_head_calibration
890,2,multihead_evaluation
891,1,single_head_calibration
892,2,single_head_calibration
893,0,single_head_calibration
894,0,single_head_calibration
895,2,single_head_calibration
896,0,single_head_calibration
897,0,multihead_evaluation
898,0,single_head_calibration
899,2,single_head_calibration
900,2,single_head_calibration
901,1,single_head_calibration
902,2,single_head_calibration
903,0,single_head_calibration
904,3,single_head_calibration
905,1,single_head_calibration
906,2,single_head_calibration
907,2,single_head_calibration
908,0,single_head_calibration
909,2,multihead_evaluation
910,3,single_head_calibration
911,2,single_head_calibration
912,3,single_head_calibration
913,1,single_head_calibration
914,2,single_head_calibration
915,0,single_head_calibration
916,2,single_head_calibration
917,1,single_head_calibration
918,0,multihead_evaluation
919,0,multihead_evaluation
920,3,single_head_calibration
921,3,single_head_calibration
922,2,single_head_calibration
923,2,multihead_evaluation
924,0,single_head_calibration
925,0,multihead_evaluation
926,0,single_head_calibration
927,3,single_head_calibration
928,3,single_head_calibration
929,1,single_head_calibration
930,0,single_head_calibration
931,2,single_head_calibration
932,2,single_head_calibration
933,3,single_head_calibration
934,3,single_head_calibration
935,1,single_head_calibration
936,2,multihead_evaluation
937,0,single_head_calibration
938,0,single_head_calibration
939,1,single_head_calibration
940,1,single_head_calibration
941,3,single_head_calibration
942,0,single_head_calibration
943,1,multihead_evaluation
944,3,single_head_calibration
945,1,single_head_calibration
946,3,single_head_calibration
947,1,single_head_calibration
948,0,single_head_calibration
949,1,single_head_calibration
950,2,single_head_calibration
951,3,single_head_calibration
952,1,single_head_calibration
953,2,single_head_calibration
954,3,single_head_calibration
955,2,single_head_calibration
956,3,single_head_calibration
957,3,single_head_calibration
958,0,single_head_calibration
959,1,single_head_calibration
960,3,multihead_evaluation
961,0,single_head_calibration
962,0,single_head_calibration
963,2,single_head_calibration
964,2,single_head_calibration
965,2,multihead_evaluation
966,1,single_head_calibration
967,0,single_head_calibration
968,3,multihead_evaluation
969,3,single_head_calibration
970,2,single_head_calibration
971,3,single_head_calibration
972,0,single_head_calibration
973,0,single_head_calibration
974,1,single_head_calibration
975,1,single_head_calibration
976,3,single_head_calibration
977,3,single_head_calibration
978,0,single_head_calibration
979,3,single_head_calibration
980,2,single_head_calibration
981,3,single_head_calibration
982,3,single_head_calibration
983,1,multihead_evaluation
984,1,single_head_calibration
985,3,single_head_calibration
986,0,single_head_calibration
987,0,single_head_calibration
988,3,single_head_calibration
989,3,single_head_calibration
990,1,multihead_evaluation
991,2,single_head_calibration
992,0,multihead_evaluation
993,0,single_head_calibration
994,3,single_head_calibration
995,1,single_head_calibration
996,1,single_head_calibration
997,1,single_head_calibration
998,3,single_head_calibration
999,0,single_head_calibration
1000,2,single_head_calibration
1001,2,single_head_calibration
1002,3,single_head_calibration
1003,0,single_head_calibration
1004,3,multihead_evaluation
1005,3,single_head_calibration
1006,2,single_head_calibration
1007,1,single_head_calibration
1008,1,single_head_calibration
1009,3,single_head_calibration
1010,2,single_head_calibration
1011,3,multihead_evaluation
1012,2,single_head_calibration
1013,3,single_head_calibration
1014,3,multihead_evaluation
1015,3,single_head_calibration
1016,1,multihead_evaluation
1017,0,multihead_evaluation
1018,2,single_head_calibration
1019,3,single_head_calibration
1020,1,multihead_evaluation
1021,0,multihead_evaluation
1022,3,single_head_calibration
1023,2,single_head_calibration
1024,3,single_head_calibration
1025,2,single_head_calibration
1026,3,single_head_calibration
1027,3,single_head_calibration
1028,0,single_head_calibration
1029,2,single_head_calibration
1030,2,single_head_calibration
1031,3,multihead_evaluation
1032,3,single_head_calibration
1033,0,single_head_calibration
1034,1,single_head_calibration
1035,3,single_head_calibration
1036,2,single_head_calibration
1037,3,single_head_calibration
1038,3,single_head_calibration
1039,0,single_head_calibration
1040,1,single_head_calibration
1041,0,single_head_calibration
1042,3,single_head_calibration
1043,3,single_head_calibration
1044,2,single_head_calibration
1045,3,single_head_calibration
1046,3,single_head_calibration
1047,0,single_head_calibration
1048,1,single_head_calibration
1049,0,multihead_evaluation
1050,2,single_head_calibration
1051,2,single_head_calibration
1052,0,single_head_calibration
1053,0,single_head_calibration
1054,1,single_head_calibration
1055,1,single_head_calibration
1056,1,single_head_calibration
1057,3,single_head_calibration
1058,0,single_head_calibration
1059,3,single_head_calibration
1060,1,single_head_calibration
1061,0,single_head_calibration
1062,2,multihead_evaluation
1063,2,single_head_calibration
1064,0,multihead_evaluation
1065,0,single_head_calibration
1066,3,single_head_calibration
1067,3,single_head_calibration
1068,2,multihead_evaluation
1069,1,single_head_calibration
1070,3,single_head_calibration
1071,3,multihead_evaluation
1072,3,single_head_calibration
1073,3,single_head_calibration
1074,3,single_head_calibration
1075,3,single_head_calibration
1076,3,single_head_calibration
1077,2,single_head_calibration
1078,3,single_head_calibration
1079,3,single_head_calibration
1080,0,single_head_calibration
1081,1,single_head_calibration
1082,1,single_head_calibration
1083,2,single_head_calibration
1084,2,single_head_calibration
1085,3,single_head_calibration
1086,3,single_head_calibration
1087,3,multihead_evaluation
1088,3,single_head_calibration
1089,3,single_head_calibration
1090,0,single_head_calibration
1091,0,single_head_calibration
1092,0,single_head_calibration
1093,2,single_head_calibration
1094,2,single_head_calibration
1095,0,single_head_calibration
1096,0,single_head_calibration
1097,2,single_head_calibration
1098,3,single_head_calibration
1099,2,single_head_calibration
1100,0,multihead_evaluation
1101,2,single_head_calibration
1102,1,single_head_calibration
1103,2,single_head_calibration
1104,3,multihead_evaluation
1105,0,single_head_calibration
1106,3,multihead_evaluation
1107,3,multihead_evaluation
1108,3,single_head_calibration
1109,0,single_head_calibration
1110,2,single_head_calibration
1111,2,single_head_calibration
1112,1,single_head_calibration
1113,1,single_head_calibration
1114,1,single_head_calibration
1115,2,single_head_calibration
1116,2,single_head_calibration
1117,0,single_head_calibration
1118,3,single_head_calibration
1119,3,single_head_calibration
1120,1,multihead_evaluation
1121,0,single_head_calibration
1122,2,multihead_evaluation
1123,2,single_head_calibration
1124,2,single_head_calibration
1125,3,single_head_calibration
1126,2,single_head_calibration
1127,3,single_head_calibration
1128,1,single_head_calibration
1129,1,single_head_calibration
1130,0,single_head_calibration
1131,2,single_head_calibration
1132,3,single_head_calibration
1133,1,single_head_calibration
1134,0,multihead_evaluation
1135,1,single_head_calibration
1136,0,single_head_calibration
1137,1,multihead_evaluation
1138,1,single_head_calibration
1139,0,single_head_calibration
1140,3,single_head_calibration
1141,1,single_head_calibration
1142,0,single_head_calibration
1143,2,single_head_calibration
1144,1,single_head_calibration
1145,1,single_head_calibration
1146,0,single_head_calibration
1147,1,single_head_calibration
1148,0,single_head_calibration
1149,0,single_head_calibration
1150,0,single_head_calibration
1151,2,single_head_calibration
1152,1,single_head_calibration
1153,1,single_head_calibration
1154,3,single_head_calibration
1155,2,single_head_calibration
1156,0,single_head_calibration
1157,1,multihead_evaluation
1158,1,single_head_calibration
1159,1,single_head_calibration
1160,2,single_head_calibration
1161,1,single_head_calibration
1162,3,single_head_calibration
1163,2,single_head_calibration
1164,2,single_head_calibration
1165,2,single_head_calibration
1166,2,single_head_calibration
1167,3,multihead_evaluation
1168,0,single_head_calibration
1169,1,single_head_calibration
1170,1,single_head_calibration
1171,1,single_head_calibration
1172,1,multihead_evaluation
1173,0,single_head_calibration
1174,1,single_head_calibration
1175,1,single_head_calibration
1176,1,single_head_calibration
1177,2,single_head_calibration
1178,2,single_head_calibration
1179,1,single_head_calibration
1180,0,single_head_calibration
1181,1,single_head_calibration
1182,3,single_head_calibration
1183,3,single_head_calibration
1184,1,single_head_calibration
1185,0,single_head_calibration
1186,0,single_head_calibration
1187,3,multihead_evaluation
1188,2,single_head_calibration
1189,0,single_head_calibration
1190,3,single_head_calibration
1191,0,multihead_evaluation
1192,1,single_head_calibration
1193,1,single_head_calibration
1194,1,single_head_calibration
1195,0,single_head_calibration
1196,0,single_head_calibration
1197,2,single_head_calibration
1198,1,single_head_calibration
1199,0,single_head_calibration
1200,0,single_head_calibration
1201,1,single_head_calibration
1202,1,multihead_evaluation
1203,1,single_head_calibration
1204,2,single_head_calibration
1205,0,single_head_calibration
1206,1,single_head_calibration
1207,0,multihead_evaluation
1208,1,single_head_calibration
1209,2,single_head_calibration
1210,2,single_head_calibration
1211,3,single_head_calibration
1212,1,single_head_calibration
1213,0,single_head_calibration
1214,2,multihead_evaluation
1215,0,single_head_calibration
1216,1,single_head_calibration
1217,1,single_head_calibration
1218,1,single_head_calibration
1219,2,single_head_calibration
1220,0,single_head_calibration
1221,2,single_head_calibration
1222,0,single_head_calibration
1223,2,single_head_calibration
1224,0,single_head_calibration
1225,0,single_head_calibration
1226,3,single_head_calibration
1227,0,single_head_calibration
1228,1,single_head_calibration
1229,2,single_head_calibration
1230,3,single_head_calibration
1231,3,single_head_calibration
1232,1,multihead_evaluation
1233,2,single_head_calibration
1234,3,single_head_calibration
1235,2,single_head_calibration
1236,3,single_head_calibration
1237,3,single_head_calibration
1238,1,single_head_calibration
1239,0,single_head_calibration
1240,2,single_head_calibration
1241,2,single_head_calibration
1242,3,single_head_calibration
1243,2,single_head_calibration
1244,1,single_head_calibration
1245,0,single_head_calibration
1246,1,single_head_calibration
1247,1,multihead_evaluation
1248,2,single_head_calibration
1249,1,single_head_calibration
1250,1,single_head_calibration
1251,0,single_head_calibration
1252,2,single_head_calibration
1253,2,single_head_calibration
1254,2,multihead_evaluation
1255,0,single_head_calibration
1256,0,single_head_calibration
1257,3,single_head_calibration
1258,2,single_head_calibration
1259,1,single_head_calibration
1260,1,single_head_calibration
1261,1,single_head_calibration
1262,3,single_head_calibration
1263,0,multihead_evaluation
1264,0,single_head_calibration
1265,3,multihead_evaluation
1266,0,single_head_calibration
1267,1,single_head_calibration
1268,3,single_head_calibration
1269,3,single_head_calibration
1270,2,multihead_evaluation
1271,1,multihead_evaluation
1272,0,multihead_evaluation
1273,2,single_head_calibration
1274,2,multihead_evaluation
1275,2,single_head_calibration
1276,1,single_head_calibration
1277,2,single_head_calibration
1278,0,single_head_calibration
1279,2,single_head_calibration
1280,3,single_head_calibration
1281,1,single_head_calibration
1282,1,multihead_evaluation
1283,1,single_head_calibration
1284,1,single_head_calibration
1285,3,multihead_evaluation
1286,2,single_head_calibration
1287,1,single_head_calibration
1288,1,single_head_calibration
1289,2,single_head_calibration
1290,0,single_head_calibration
1291,2,single_head_calibration
1292,3,single_head_calibration
1293,2,single_head_calibration
1294,3,single_head_calibration
1295,2,single_head_calibration
1296,2,single_head_calibration
1297,3,multihead_evaluation
1298,0,single_head_calibration
1299,0,single_head_calibration
1300,0,single_head_calibration
1301,3,single_head_calibration
1302,1,single_head_calibration
1303,0,single_head_calibration
1304,1,single_head_calibration
1305,2,single_head_calibration
1306,0,single_head_calibration
1307,3,single_head_calibration
1308,0,single_head_calibration
1309,1,single_head_calibration
1310,2,single_head_calibration
1311,2,single_head_calibration
1312,2,single_head_calibration
1313,0,multihead_evaluation
1314,3,multihead_evaluation
1315,3,single_head_calibration
1316,0,single_head_calibration
1317,1,single_head_calibration
1318,2,single_head_calibration
1319,2,multihead_evaluation
1320,1,single_head_calibration
1321,2,single_head_calibration
1322,1,single_head_calibration
1323,3,single_head_calibration
1324,2,single_head_calibration
1325,3,single_head_calibration
1326,3,single_head_calibration
1327,1,single_head_calibration
1328,1,single_head_calibration
1329,0,single_head_calibration
1330,2,single_head_calibration
1331,3,single_head_calibration
1332,3,single_head_calibration
1333,3,multihead_evaluation
1334,2,single_head_calibration
1335,2,single_head_calibration
1336,2,single_head_calibration
1337,2,single_head_calibration
1338,0,single_head_calibration
1339,0,multihead_evaluation
1340,1,single_head_calibration
1341,2,single_head_calibration
1342,1,single_head_calibration
1343,3,single_head_calibration
1344,2,multihead_evaluation
1345,3,single_head_calibration
1346,3,single_head_calibration
1347,2,single_head_calibration
1348,1,single_head_calibration
1349,3,single_head_calibration
1350,3,single_head_calibration
1351,1,single_head_calibration
1352,0,single_head_calibration
1353,1,single_head_calibration
1354,3,single_head_calibration
1355,2,single_head_calibration
1356,1,single_head_calibration
1357,2,multihead_evaluation
1358,2,single_head_calibration
1359,2,single_head_calibration
1360,3,single_head_calibration
1361,2,single_head_calibration
1362,1,single_head_calibration
1363,3,multihead_evaluation
1364,3,single_head_calibration
1365,0,single_head_calibration
1366,2,single_head_calibration
1367,2,multihead_evaluation
1368,3,single_head_calibration
1369,2,single_head_calibration
1370,3,single_head_calibration
1371,1,single_head_calibration
1372,2,single_head_calibration
1373,0,single_head_calibration
1374,2,single_head_calibration
1375,3,single_head_calibration
1376,1,single_head_calibration
1377,3,multihead_evaluation
1378,3,single_head_calibration
1379,0,single_head_calibration
1380,2,single_head_calibration
1381,1,single_head_calibration
1382,1,single_head_calibration
1383,3,single_head_calibration
1384,1,multihead_evaluation
1385,0,single_head_calibration
1386,0,single_head_calibration
1387,2,single_head_calibration
1388,2,single_head_calibration
1389,1,multihead_evaluation
1390,3,multihead_evaluation
1391,3,single_head_calibration
1392,3,single_head_calibration
1393,1,single_head_calibration
1394,0,single_head_calibration
1395,2,single_head_calibration
1396,2,multihead_evaluation
1397,1,single_head_calibration
1398,2,single_head_calibration
1399,0,single_head_calibration
1400,1,single_head_calibration
1401,3,single_head_calibration
1402,0,single_head_calibration
1403,0,multihead_evaluation
1404,1,single_head_calibration
1405,1,single_head_calibration
1406,1,single_head_calibration
1407,1,single_head_calibration
1408,1,single_head_calibration
1409,2,single_head_calibration
1410,2,single_head_calibration
1411,2,single_head_calibration
1412,3,single_head_calibration
1413,3,single_head_calibration
1414,1,single_head_calibration
1415,2,single_head_calibration
1416,2,single_head_calibration
1417,1,single_head_calibration
1418,1,single_head_calibration
1419,2,single_head_calibration
1420,2,single_head_calibration
1421,0,single_head_calibration
1422,1,single_head_calibration
1423,0,single_head_calibration
1424,0,multihead_evaluation
1425,3,single_head_calibration
1426,3,single_head_calibration
1427,3,single_head_calibration
1428,3,single_head_calibration
1429,3,single_head_calibration
1430,2,single_head_calibration
1431,2,single_head_calibration
1432,2,single_head_calibration
1433,3,multihead_evaluation
1434,3,single_head_calibration
1435,1,single_head_calibration
1436,0,single_head_calibration
1437,3,single_head_calibration
1438,2,single_head_calibration
1439,3,single_head_calibration
1440,1,single_head_calibration
1441,2,single_head_calibration
1442,0,single_head_calibration
1443,3,single_head_calibration
1444,3,single_head_calibration
1445,0,single_head_calibration
1446,3,single_head_calibration
1447,3,multihead_evaluation
1448,0,single_head_calibration
1449,3,single_head_calibration
1450,2,single_head_calibration
1451,2,single_head_calibration
1452,3,single_head_calibration
1453,0,single_head_calibration
1454,1,multihead_evaluation
1455,0,single_head_calibration
1456,2,single_head_calibration
1457,3,single_head_calibration
1458,1,single_head_calibration
1459,0,single_head_calibration
1460,3,single_head_calibration
1461,0,single_head_calibration
1462,3,single_head_calibration
1463,0,single_head_calibration
1464,0,single_head_calibration
1465,1,multihead_evaluation
1466,0,single_head_calibration
1467,1,single_head_calibration
1468,1,single_head_calibration
1469,2,multihead_evaluation
1470,1,single_head_calibration
1471,3,single_head_calibration
1472,0,single_head_calibration
1473,1,single_head_calibration
1474,3,single_head_calibration
1475,0,single_head_calibration
1476,2,multihead_evaluation
1477,0,single_head_calibration
1478,1,multihead_evaluation
1479,0,single_head_calibration
1480,2,single_head_calibration
1481,2,single_head_calibration
1482,2,single_head_calibration
1483,2,single_head_calibration
1484,1,single_head_calibration
1485,3,single_head_calibration
1486,3,single_head_calibration
1487,1,single_head_calibration
1488,1,single_head_calibration
1489,1,single_head_calibration
1490,0,single_head_calibration
1491,0,single_head_calibration
1492,0,single_head_calibration
1493,1,single_head_calibration
1494,0,single_head_calibration
1495,2,single_head_calibration
1496,1,single_head_calibration
1497,3,multihead_evaluation
1498,3,multihead_evaluation
1499,3,single_head_calibration
1500,2,single_head_calibration
1501,3,single_head_calibration
1502,1,multihead_evaluation
1503,3,single_head_calibration
1504,0,single_head_calibration
1505,0,single_head_calibration
1506,0,single_head_calibration
1507,3,single_head_calibration
1508,3,single_head_calibration
1509,3,single_head_calibration
1510,3,single_head_calibration
1511,2,single_head_calibration
1512,3,single_head_calibration
1513,3,single_head_calibration
1514,2,single_head_calibration
1515,1,single_head_calibration
1516,3,single_head_calibration
1517,0,single_head_calibration
1518,1,single_head_calibration
1519,0,multihead_evaluation
1520,3,single_head_calibration
1521,0,single_head_calibration
1522,1,single_head_calibration
1523,0,single_head_calibration
1524,2,single_head_calibration
1525,0,single_head_calibration
1526,3,single_head_calibration
1527,2,single_head_calibration
1528,0,single_head_calibration
1529,0,single_head_calibration
1530,2,single_head_calibration
1531,2,single_head_calibration
1532,0,single_head_calibration
1533,0,single_head_calibration
1534,3,single_head_calibration
1535,0,single_head_calibration
1536,1,single_head_calibration
1537,0,single_head_calibration
1538,0,single_head_calibration
1539,2,single_head_calibration
1540,1,single_head_calibration
1541,3,multihead_evaluation
1542,3,single_head_calibration
1543,0,single_head_calibration
1544,0,single_head_calibration
1545,0,single_head_calibration
1546,0,multihead_evaluation
1547,1,single_head_calibration
1548,2,single_head_calibration
1549,0,single_head_calibration
1550,3,single_head_calibration
1551,1,single_head_calibration
1552,2,single_head_calibration
1553,1,single_head_calibration
1554,1,single_head_calibration
1555,1,single_head_calibration
1556,2,multihead_evaluation
1557,1,single_head_calibration
1558,1,single_head_calibration
1559,0,single_head_calibration
1560,1,single_head_calibration
1561,2,single_head_calibration
1562,0,single_head_calibration
1563,1,single_head_calibration
1564,1,single_head_calibration
1565,1,single_head_calibration
1566,1,single_head_calibration
1567,0,single_head_calibration
1568,0,single_head_calibration
1569,1,single_head_calibration
1570,1,multihead_evaluation
1571,1,single_head_calibration
1572,0,single_head_calibration
1573,3,single_head_calibration
1574,1,single_head_calibration
1575,2,single_head_calibration
1576,0,single_head_calibration
1577,1,single_head_calibration
1578,0,single_head_calibration
1579,3,single_head_calibration
1580,0,single_head_calibration
1581,0,single_head_calibration
1582,0,single_head_calibration
1583,1,single_head_calibration
1584,2,single_head_calibration
1585,1,single_head_calibration
1586,0,single_head_calibration
1587,0,single_head_calibration
1588,1,single_head_calibration
1589,0,single_head_calibration
1590,2,single_head_calibration
1591,2,single_head_calibration
1592,1,single_head_calibration
1593,0,single_head_calibration
1594,1,single_head_calibration
1595,0,single_head_calibration
1596,1,single_head_calibration
1597,2,single_head_calibration
1598,0,single_head_calibration
1599,0,single_head_calibration
1600,3,single_head_calibration
1601,1,single_head_calibration
1602,2,single_head_calibration
1603,2,single_head_calibration
1604,1,single_head_calibration
1605,0,single_head_calibration
1606,3,single_head_calibration
1607,2,single_head_calibration
1608,0,single_head_calibration
1609,3,single_head_calibration
1610,3,single_head_calibration
1611,2,single_head_calibration
1612,2,single_head_calibration
1613,2,single_head_calibration
1614,1,single_head_calibration
1615,2,single_head_calibration
1616,0,single_head_calibration
1617,0,single_head_calibration
1618,3,multihead_evaluation
1619,3,single_head_calibration
1620,3,single_head_calibration
1621,3,single_head_calibration
1622,2,single_head_calibration
1623,0,single_head_calibration
1624,1,single_head_calibration
1625,3,single_head_calibration
1626,3,single_head_calibration
1627,1,single_head_calibration
1628,2,multihead_evaluation
1629,3,single_head_calibration
1630,3,single_head_calibration
1631,2,single_head_calibration
1632,3,single_head_calibration
1633,3,single_head_calibration
1634,3,single_head_calibration
1635,2,single_head_calibration
1636,0,single_head_calibration
1637,0,single_head_calibration
1638,2,single_head_calibration
1639,3,single_head_calibration
1640,3,single_head_calibration
1641,3,single_head_calibration
1642,3,single_head_calibration
1643,1,single_head_calibration
1644,0,single_head_calibration
1645,2,single_head_calibration
1646,1,single_head_calibration
1647,3,single_head_calibration
1648,0,single_head_calibration
1649,0,single_head_calibration
1650,1,single_head_calibration
1651,1,single_head_calibration
1652,2,single_head_calibration
1653,3,single_head_calibration
1654,2,single_head_calibration
1655,3,single_head_calibration
1656,1,single_head_calibration
1657,2,single_head_calibration
1658,0,single_head_calibration
1659,3,multihead_evaluation
1660,3,single_head_calibration
1661,2,single_head_calibration
1662,2,single_head_calibration
1663,1,single_head_calibration
1664,0,single_head_calibration
1665,2,single_head_calibration
1666,3,single_head_calibration
1667,3,single_head_calibration
1668,2,single_head_calibration
1669,3,single_head_calibration
1670,2,single_head_calibration
1671,0,single_head_calibration
1672,0,single_head_calibration
1673,2,multihead_evaluation
1674,1,single_head_calibration
1675,0,single_head_calibration
1676,3,single_head_calibration
1677,1,multihead_evaluation
1678,2,single_head_calibration
1679,1,single_head_calibration
1680,0,single_head_calibration
1681,2,single_head_calibration
1682,1,multihead_evaluation
1683,3,single_head_calibration
1684,1,single_head_calibration
1685,0,multihead_evaluation
1686,3,single_head_calibration
1687,2,single_head_calibration
1688,3,multihead_evaluation
1689,3,single_head_calibration
1690,3,single_head_calibration
1691,0,single_head_calibration
1692,2,single_head_calibration
1693,2,single_head_calibration
1694,2,single_head_calibration
1695,3,single_head_calibration
1696,3,single_head_calibration
1697,0,single_head_calibration
1698,1,single_head_calibration
1699,2,single_head_calibration
1700,0,single_head_calibration
1701,1,single_head_calibration
1702,3,multihead_evaluation
1703,3,single_head_calibration
1704,3,single_head_calibration
1705,2,single_head_calibration
1706,1,single_head_calibration
1707,1,single_head_calibration
1708,2,single_head_calibration
1709,3,single_head_calibration
1710,3,single_head_calibration
1711,3,single_head_calibration
1712,1,single_head_calibration
1713,2,multihead_evaluation
1714,2,multihead_evaluation
1715,1,multihead_evaluation
1716,0,single_head_calibration
1717,3,single_head_calibration
1718,2,single_head_calibration
1719,2,single_head_calibration
1720,2,single_head_calibration
1721,3,single_head_calibration
1722,1,single_head_calibration
1723,0,single_head_calibration
1724,3,single_head_calibration
1725,3,single_head_calibration
1726,2,single_head_calibration
1727,1,single_head_calibration
1728,3,single_head_calibration
1729,0,multihead_evaluation
1730,2,single_head_calibration
1731,1,single_head_calibration
1732,1,single_head_calibration
1733,1,single_head_calibration
1734,1,single_head_calibration
1735,2,multihead_evaluation
1736,1,single_head_calibration
1737,1,single_head_calibration
1738,1,single_head_calibration
1739,0,single_head_calibration
1740,1,single_head_calibration
1741,1,single_head_calibration
1742,0,single_head_calibration
1743,3,single_head_calibration
1744,0,single_head_calibration
1745,0,single_head_calibration
1746,2,single_head_calibration
1747,0,single_head_calibration
1748,2,single_head_calibration
1749,1,single_head_calibration
1750,3,single_head_calibration
1751,0,single_head_calibration
1752,2,multihead_evaluation
1753,1,single_head_calibration
1754,3,single_head_calibration
1755,0,single_head_calibration
1756,0,single_head_calibration
1757,2,single_head_calibration
1758,1,single_head_calibration
1759,1,multihead_evaluation
1760,0,single_head_calibration
1761,1,single_head_calibration
1762,3,multihead_evaluation
1763,2,single_head_calibration
1764,0,single_head_calibration
1765,1,single_head_calibration
1766,2,single_head_calibration
1767,1,single_head_calibration
1768,0,single_head_calibration
1769,2,single_head_calibration
1770,2,single_head_calibration
1771,2,single_head_calibration
1772,0,multihead_evaluation
1773,3,single_head_calibration
1774,3,single_head_calibration
1775,2,single_head_calibration
1776,1,single_head_calibration
1777,1,single_head_calibration
1778,0,single_head_calibration
1779,0,single_head_calibration
1780,0,single_head_calibration
1781,3,single_head_calibration
1782,1,single_head_calibration
1783,2,single_head_calibration
1784,3,single_head_calibration
1785,1,single_head_calibration
1786,1,single_head_calibration
1787,1,single_head_calibration
1788,2,multihead_evaluation
1789,1,single_head_calibration
1790,2,single_head_calibration
1791,0,single_head_calibration
1792,2,single_head_calibration
1793,1,single_head_calibration
1794,1,single_head_calibration
1795,3,single_head_calibration
1796,2,multihead_evaluation
1797,3,single_head_calibration
1798,1,single_head_calibration
1799,2,single_head_calibration
1800,0,multihead_evaluation
1801,1,single_head_calibration
1802,3,single_head_calibration
1803,1,multihead_evaluation
1804,2,single_head_calibration
1805,1,multihead_evaluation
1806,3,single_head_calibration
1807,1,single_head_calibration
1808,0,single_head_calibration
1809,1,single_head_calibration
1810,1,single_head_calibration
1811,3,single_head_calibration
1812,1,single_head_calibration
1813,0,single_head_calibration
1814,3,single_head_calibration
1815,1,single_head_calibration
1816,0,multihead_evaluation
1817,0,multihead_evaluation
1818,0,single_head_calibration
1819,2,single_head_calibration
1820,3,single_head_calibration
1821,1,single_head_calibration
1822,0,single_head_calibration
1823,2,single_head_calibration
1824,1,single_head_calibration
1825,2,single_head_calibration
1826,2,multihead_evaluation
1827,0,single_head_calibration
1828,0,single_head_calibration
1829,1,single_head_calibration
1830,1,single_head_calibration
1831,3,single_head_calibration
1832,1,single_head_calibration
1833,3,multihead_evaluation
1834,0,single_head_calibration
1835,0,single_head_calibration
1836,0,single_head_calibration
1837,1,single_head_calibration
1838,2,single_head_calibration
1839,0,single_head_calibration
1840,1,single_head_calibration
1841,0,multihead_evaluation
1842,2,single_head_calibration
1843,0,single_head_calibration
1844,0,multihead_evaluation
1845,2,single_head_calibration
1846,0,single_head_calibration
1847,2,multihead_evaluation
1848,0,single_head_calibration
1849,1,single_head_calibration
1850,0,single_head_calibration
1851,3,multihead_evaluation
1852,0,multihead_evaluation
1853,2,multihead_evaluation
1854,3,single_head_calibration
1855,3,single_head_calibration
1856,0,single_head_calibration
1857,0,single_head_calibration
1858,1,single_head_calibration
1859,2,single_head_calibration
1860,0,single_head_calibration
1861,2,single_head_calibration
1862,2,single_head_calibration
1863,3,single_head_calibration
1864,3,single_head_calibration
1865,2,single_head_calibration
1866,0,single_head_calibration
1867,0,single_head_calibration
1868,3,single_head_calibration
1869,0,single_head_calibration
1870,2,single_head_calibration
1871,1,single_head_calibration
1872,0,single_head_calibration
1873,3,single_head_calibration
1874,3,single_head_calibration
1875,2,single_head_calibration
1876,1,single_head_calibration
1877,0,single_head_calibration
1878,3,single_head_calibration
1879,1,single_head_calibration
1880,0,single_head_calibration
1881,3,single_head_calibration
1882,1,multihead_evaluation
1883,3,single_head_calibration
1884,3,single_head_calibration
1885,3,single_head_calibration
1886,0,single_head_calibration
1887,0,single_head_calibration
1888,3,single_head_calibration
1889,3,single_head_calibration
1890,3,single_head_calibration
1891,0,single_head_calibration
1892,2,single_head_calibration
1893,3,single_head_calibration
1894,0,single_head_calibration
1895,3,single_head_calibration
1896,2,single_head_calibration
1897,2,multihead_evaluation
1898,3,single_head_calibration
1899,3,multihead_evaluation
1900,2,single_head_calibration
1901,3,single_head_calibration
1902,1,multihead_evaluation
1903,0,single_head_calibration
1904,0,multihead_evaluation
1905,3,single_head_calibration
1906,1,single_head_calibration
1907,2,single_head_calibration
1908,1,single_head_calibration
1909,0,single_head_calibration
1910,1,single_head_calibration
1911,3,single_head_calibration
1912,0,single_head_calibration
1913,2,single_head_calibration
1914,3,single_head_calibration
1915,1,single_head_calibration
1916,3,single_head_calibration
1917,1,single_head_calibration
1918,3,single_head_calibration
1919,3,single_head_calibration
1920,2,single_head_calibration
1921,2,single_head_calibration
1922,3,single_head_calibration
1923,3,single_head_calibration
1924,2,single_head_calibration
1925,0,single_head_calibration
1926,2,single_head_calibration
1927,2,single_head_calibration
1928,2,single_head_calibration
1929,2,single_head_calibration
1930,1,single_head_calibration
1931,1,single_head_calibration
1932,1,single_head_calibration
1933,0,single_head_calibration
1934,0,single_head_calibration
1935,3,multihead_evaluation
1936,0,single_head_calibration
1937,3,single_head_calibration
1938,3,multihead_evaluation
1939,0,single_head_calibration
1940,3,multihead_evaluation
1941,3,multihead_evaluation
1942,1,single_head_calibration
1943,0,single_head_calibration
1944,1,single_head_calibration
1945,1,single_head_calibration
1946,0,single_head_calibration
1947,1,single_head_calibration
1948,1,single_head_calibration
1949,2,single_head_calibration
1950,1,single_head_calibration
1951,0,multihead_evaluation
1952,1,single_head_calibration
1953,3,single_head_calibration
1954,3,single_head_calibration
1955,3,single_head_calibration
1956,3,single_head_calibration
1957,1,single_head_calibration
1958,2,multihead_evaluation
1959,2,single_head_calibration
1960,1,single_head_calibration
1961,2,single_head_calibration
1962,2,multihead_evaluation
1963,1,single_head_calibration
1964,3,single_head_calibration
1965,0,single_head_calibration
1966,0,single_head_calibration
1967,3,single_head_calibration
1968,3,single_head_calibration
1969,1,single_head_calibration
1970,1,single_head_calibration
1971,0,single_head_calibration
1972,2,single_head_calibration
1973,3,multihead_evaluation
1974,2,single_head_calibration
1975,0,single_head_calibration
1976,0,single_head_calibration
1977,0,single_head_calibration
1978,3,single_head_calibration
1979,0,single_head_calibration
1980,0,single_head_calibration
1981,0,single_head_calibration
1982,1,single_head_calibration
1983,3,single_head_calibration
1984,3,single_head_calibration
1985,1,single_head_calibration
1986,3,single_head_calibration
1987,0,single_head_calibration
1988,3,single_head_calibration
1989,2,single_head_calibration
1990,3,single_head_calibration
1991,2,multihead_evaluation
1992,1,single_head_calibration
1993,2,single_head_calibration
1994,0,single_head_calibration
1995,2,single_head_calibration
1996,3,single_head_calibration
1997,2,single_head_calibration
1998,0,multihead_evaluation
1999,1,single_head_calibration
2000,1,single_head_calibration
2001,1,single_head_calibration
2002,1,single_head_calibration
2003,1,single_head_calibration
2004,0,single_head_calibration
2005,2,multihead_evaluation
2006,3,single_head_calibration
2007,3,single_head_calibration
2008,1,multihead_evaluation
2009,3,single_head_calibration
2010,2,single_head_calibration
2011,0,multihead_evaluation
2012,0,single_head_calibration
2013,0,single_head_calibration
2014,0,single_head_calibration
2015,0,single_head_calibration
2016,0,single_head_calibration
2017,2,single_head_calibration
2018,1,single_head_calibration
2019,1,single_head_calibration
2020,0,single_head_calibration
2021,0,single_head_calibration
2022,0,single_head_calibration
2023,1,single_head_calibration
2024,0,single_head_calibration
2025,3,single_head_calibration
2026,1,multihead_evaluation
2027,0,single_head_calibration
2028,0,single_head_calibration
2029,0,single_head_calibration
2030,0,single_head_calibration
2031,1,multihead_evaluation
2032,1,single_head_calibration
2033,2,single_head_calibration
2034,3,single_head_calibration
2035,2,single_head_calibration
2036,1,single_head_calibration
2037,0,multihead_evaluation
2038,2,single_head_calibration
2039,1,single_head_calibration
2040,1,single_head_calibration
2041,3,single_head_calibration
2042,0,single_head_calibration
2043,0,single_head_calibration
2044,1,single_head_calibration
2045,1,single_head_calibration
2046,2,single_head_calibration
2047,0,multihead_evaluation
2048,1,single_head_calibration
2049,2,single_head_calibration
2050,1,single_head_calibration
2051,1,single_head_calibration
2052,1,single_head_calibration
2053,0,single_head_calibration
2054,0,single_head_calibration
2055,0,single_head_calibration
2056,0,single_head_calibration
2057,0,single_head_calibration
2058,1,multihead_evaluation
2059,0,single_head_calibration
2060,0,single_head_calibration
2061,3,single_head_calibration
2062,2,single_head_calibration
2063,0,multihead_evaluation
2064,1,single_head_calibration
2065,0,multihead_evaluation
2066,1,single_head_calibration
2067,2,single_head_calibration
2068,2,single_head_calibration
2069,1,single_head_calibration
2070,3,single_head_calibration
2071,0,multihead_evaluation
2072,1,single_head_calibration
2073,0,single_head_calibration
2074,0,single_head_calibration
2075,1,multihead_evaluation
2076,0,single_head_calibration
2077,1,single_head_calibration
2078,1,single_head_calibration
2079,1,single_head_calibration
2080,2,single_head_calibration
2081,3,single_head_calibration
2082,3,single_head_calibration
2083,0,single_head_calibration
2084,2,single_head_calibration
2085,3,single_head_calibration
2086,2,single_head_calibration
2087,0,multihead_evaluation
2088,0,single_head_calibration
2089,3,single_head_calibration
2090,1,single_head_calibration
2091,2,single_head_calibration
2092,0,single_head_calibration
2093,3,single_head_calibration
2094,3,single_head_calibration
2095,3,single_head_calibration
2096,1,single_head_calibration
2097,1,single_head_calibration
2098,2,single_head_calibration
2099,1,single_head_calibration
2100,3,single_head_calibration
2101,3,single_head_calibration
2102,3,single_head_calibration
2103,3,single_head_calibration
2104,3,single_head_calibration
2105,0,single_head_calibration
2106,3,single_head_calibration
2107,3,multihead_evaluation
2108,0,single_head_calibration
2109,1,single_head_calibration
2110,1,single_head_calibration
2111,2,single_head_calibration
2112,3,multihead_evaluation
2113,3,single_head_calibration
2114,1,multihead_evaluation
2115,3,single_head_calibration
2116,2,single_head_calibration
2117,2,single_head_calibration
2118,0,single_head_calibration
2119,1,single_head_calibration
2120,2,single_head_calibration
2121,2,single_head_calibration
2122,3,single_head_calibration
2123,2,single_head_calibration
2124,2,single_head_calibration
2125,0,single_head_calibration
2126,3,single_head_calibration
2127,2,single_head_calibration
2128,3,single_head_calibration
2129,3,single_head_calibration
2130,3,multihead_evaluation
2131,3,single_head_calibration
2132,1,single_head_calibration
2133,3,single_head_calibration
2134,0,single_head_calibration
2135,0,multihead_evaluation
2136,1,multihead_evaluation
2137,0,single_head_calibration
2138,3,single_head_calibration
2139,3,single_head_calibration
2140,0,single_head_calibration
2141,3,single_head_calibration
2142,3,single_head_calibration
2143,3,single_head_calibration
2144,1,multihead_evaluation
2145,3,single_head_calibration
2146,1,single_head_calibration
2147,1,multihead_evaluation
2148,2,multihead_evaluation
2149,3,single_head_calibration
2150,0,multihead_evaluation
2151,3,single_head_calibration
2152,2,single_head_calibration
2153,1,multihead_evaluation
2154,0,single_head_calibration
2155,1,single_head_calibration
2156,2,single_head_calibration
2157,2,single_head_calibration
2158,0,multihead_evaluation
2159,0,single_head_calibration
2160,1,multihead_evaluation
2161,0,single_head_calibration
2162,3,single_head_calibration
2163,2,single_head_calibration
2164,0,single_head_calibration
2165,3,single_head_calibration
2166,3,multihead_evaluation
2167,0,single_head_calibration
2168,2,single_head_calibration
2169,2,single_head_calibration
2170,3,single_head_calibration
2171,1,single_head_calibration
2172,0,multihead_evaluation
2173,0,single_head_calibration
2174,0,single_head_calibration
2175,2,single_head_calibration
2176,3,single_head_calibration
2177,3,single_head_calibration
2178,3,single_head_calibration
2179,3,multihead_evaluation
2180,3,single_head_calibration
2181,3,single_head_calibration
2182,2,single_head_calibration
2183,0,single_head_calibration
2184,0,single_head_calibration
2185,3,single_head_calibration
2186,2,multihead_evaluation
2187,0,single_head_calibration
2188,2,multihead_evaluation
2189,2,single_head_calibration
2190,2,single_head_calibration
2191,3,single_head_calibration
2192,1,single_head_calibration
2193,3,single_head_calibration
2194,3,single_head_calibration
2195,0,single_head_calibration
2196,3,single_head_calibration
2197,3,single_head_calibration
2198,2,single_head_calibration
2199,3,single_head_calibration
2200,3,single_head_calibration
2201,1,single_head_calibration
2202,3,single_head_calibration
2203,0,single_head_calibration
2204,2,single_head_calibration
2205,0,single_head_calibration
2206,2,multihead_evaluation
2207,2,single_head_calibration
2208,3,single_head_calibration
2209,3,single_head_calibration
2210,3,multihead_evaluation
2211,3,single_head_calibration
2212,2,single_head_calibration
2213,2,single_head_calibration
2214,2,multihead_evaluation
2215,0,multihead_evaluation
2216,1,single_head_calibration
2217,3,single_head_calibration
2218,0,single_head_calibration
2219,0,single_head_calibration
2220,1,single_head_calibration
2221,1,single_head_calibration
2222,3,single_head_calibration
2223,3,single_head_calibration
2224,0,single_head_calibration
2225,3,single_head_calibration
2226,0,single_head_calibration
2227,2,single_head_calibration
2228,0,single_head_calibration
2229,1,single_head_calibration
2230,1,multihead_evaluation
2231,0,single_head_calibration
2232,2,single_head_calibration
2233,2,multihead_evaluation
2234,2,multihead_evaluation
2235,1,single_head_calibration
2236,0,single_head_calibration
2237,0,multihead_evaluation
2238,2,multihead_evaluation
2239,1,single_head_calibration
2240,1,single_head_calibration
2241,0,single_head_calibration
2242,0,single_head_calibration
2243,1,single_head_calibration
2244,1,single_head_calibration
2245,3,single_head_calibration
2246,0,single_head_calibration
2247,0,single_head_calibration
2248,3,single_head_calibration
2249,0,single_head_calibration
2250,1,single_head_calibration
2251,3,single_head_calibration
2252,3,multihead_evaluation
2253,2,single_head_calibration
2254,0,single_head_calibration
2255,3,single_head_calibration
2256,3,single_head_calibration
2257,2,single_head_calibration
2258,2,multihead_evaluation
2259,2,single_head_calibration
2260,2,single_head_calibration
2261,1,multihead_evaluation
2262,3,single_head_calibration
2263,2,single_head_calibration
2264,1,single_head_calibration
2265,1,single_head_calibration
2266,3,single_head_calibration
2267,1,multihead_evaluation
2268,1,multihead_evaluation
2269,3,single_head_calibration
2270,3,single_head_calibration
2271,0,single_head_calibration
2272,3,multihead_evaluation
2273,0,single_head_calibration
2274,3,single_head_calibration
2275,2,single_head_calibration
2276,0,single_head_calibration
2277,1,multihead_evaluation
2278,2,single_head_calibration
2279,2,single_head_calibration
2280,0,multihead_evaluation
2281,2,single_head_calibration
2282,3,single_head_calibration
2283,3,single_head_calibration
2284,0,single_head_calibration
2285,3,single_head_calibration
2286,3,single_head_calibration
2287,3,single_head_calibration
2288,0,single_head_calibration
2289,3,single_head_calibration
2290,0,single_head_calibration
2291,3,multihead_evaluation
2292,3,multihead_evaluation
2293,3,single_head_calibration
2294,3,single_head_calibration
2295,1,single_head_calibration
2296,2,multihead_evaluation
2297,1,single_head_calibration
2298,2,single_head_calibration
2299,2,multihead_evaluation
2300,0,multihead_evaluation
2301,1,single_head_calibration
2302,1,single_head_calibration
2303,0,single_head_calibration
2304,1,single_head_calibration
2305,1,single_head_calibration
2306,0,multihead_evaluation
2307,2,single_head_calibration
2308,2,multihead_evaluation
2309,0,single_head_calibration
2310,2,single_head_calibration
2311,2,single_head_calibration
2312,2,single_head_calibration
2313,2,single_head_calibration
2314,2,single_head_calibration
2315,1,single_head_calibration
2316,3,single_head_calibration
2317,2,multihead_evaluation
2318,2,single_head_calibration
2319,2,single_head_calibration
2320,1,single_head_calibration
2321,2,single_head_calibration
2322,2,single_head_calibration
2323,3,single_head_calibration
2324,0,single_head_calibration
2325,0,single_head_calibration
2326,1,single_head_calibration
2327,1,single_head_calibration
2328,1,single_head_calibration
2329,1,single_head_calibration
2330,1,single_head_calibration
2331,2,single_head_calibration
2332,2,single_head_calibration
2333,2,single_head_calibration
2334,1,single_head_calibration
2335,3,single_head_calibration
2336,3,single_head_calibration
2337,1,multihead_evaluation
2338,2,single_head_calibration
2339,0,single_head_calibration
2340,0,multihead_evaluation
2341,1,single_head_calibration
2342,2,single_head_calibration
2343,2,multihead_evaluation
2344,2,single_head_calibration
2345,3,single_head_calibration
2346,1,single_head_calibration
2347,0,single_head_calibration
2348,3,single_head_calibration
2349,0,single_head_calibration
2350,3,single_head_calibration
2351,2,single_head_calibration
2352,2,single_head_calibration
2353,3,single_head_calibration
2354,2,single_head_calibration
2355,3,single_head_calibration
2356,2,single_head_calibration
2357,1,single_head_calibration
2358,3,single_head_calibration
2359,2,single_head_calibration
2360,0,single_head_calibration
2361,0,multihead_evaluation
2362,1,single_head_calibration
2363,2,single_head_calibration
2364,3,single_head_calibration
2365,0,single_head_calibration
2366,0,single_head_calibration
2367,2,single_head_calibration
2368,0,single_head_calibration
2369,0,single_head_calibration
2370,0,single_head_calibration
2371,1,single_head_calibration
2372,0,single_head_calibration
2373,2,multihead_evaluation
2374,3,single_head_calibration
2375,1,single_head_calibration
2376,2,single_head_calibration
2377,2,single_head_calibration
2378,0,single_head_calibration
2379,3,single_head_calibration
2380,3,single_head_calibration
2381,3,single_head_calibration
2382,3,single_head_calibration
2383,1,multihead_evaluation
2384,3,single_head_calibration
2385,2,single_head_calibration
2386,0,single_head_calibration
2387,3,single_head_calibration
2388,1,single_head_calibration
2389,1,single_head_calibration
2390,1,single_head_calibration
2391,2,single_head_calibration
2392,0,single_head_calibration
2393,1,single_head_calibration
2394,2,single_head_calibration
2395,2,single_head_calibration
2396,2,multihead_evaluation
2397,3,multihead_evaluation
2398,0,multihead_evaluation
2399,0,single_head_calibration
2400,0,single_head_calibration
2401,2,single_head_calibration
2402,1,single_head_calibration
2403,1,single_head_calibration
2404,1,single_head_calibration
2405,2,single_head_calibration
2406,0,single_head_calibration
2407,2,single_head_calibration
2408,3,single_head_calibration
2409,1,single_head_calibration
2410,0,single_head_calibration
2411,1,single_head_calibration
2412,3,single_head_calibration
2413,2,single_head_calibration
2414,3,single_head_calibration
2415,3,multihead_evaluation
2416,1,single_head_calibration
2417,3,single_head_calibration
2418,0,single_head_calibration
2419,3,single_head_calibration
2420,2,multihead_evaluation
2421,2,multihead_evaluation
2422,3,multihead_evaluation
2423,3,single_head_calibration
2424,2,single_head_calibration
2425,2,single_head_calibration
2426,0,single_head_calibration
2427,2,single_head_calibration
2428,3,multihead_evaluation
2429,0,multihead_evaluation
2430,2,single_head_calibration
2431,2,single_head_calibration
2432,3,single_head_calibration
2433,1,single_head_calibration
2434,3,single_head_calibration
2435,3,single_head_calibration
2436,3,single_head_calibration
2437,3,single_head_calibration
2438,3,multihead_evaluation
2439,2,single_head_calibration
2440,2,single_head_calibration
2441,3,single_head_calibration
2442,1,single_head_calibration
2443,0,single_head_calibration
2444,2,single_head_calibration
2445,2,single_head_calibration
2446,3,single_head_calibration
2447,3,single_head_calibration
2448,2,multihead_evaluation
2449,0,multihead_evaluation
2450,2,single_head_calibration
2451,2,single_head_calibration
2452,3,multihead_evaluation
2453,1,single_head_calibration
2454,1,single_head_calibration
2455,1,single_head_calibration
2456,1,single_head_calibration
2457,3,single_head_calibration
2458,2,single_head_calibration
2459,1,single_head_calibration
2460,0,single_head_calibration
2461,0,single_head_calibration
2462,2,single_head_calibration
2463,0,single_head_calibration
2464,1,single_head_calibration
2465,1,single_head_calibration
2466,2,single_head_calibration
2467,1,single_head_calibration
2468,0,single_head_calibration
2469,2,single_head_calibration
2470,2,single_head_calibration
2471,1,single_head_calibration
2472,1,single_head_calibration
2473,1,multihead_evaluation
2474,2,single_head_calibration
2475,1,single_head_calibration
2476,0,multihead_evaluation
2477,1,single_head_calibration
2478,1,multihead_evaluation
2479,2,single_head_calibration
2480,1,single_head_calibration
2481,2,single_head_calibration
2482,0,multihead_evaluation
2483,3,single_head_calibration
2484,1,single_head_calibration
2485,1,single_head_calibration
2486,0,single_head_calibration
2487,0,single_head_calibration
2488,2,single_head_calibration
2489,2,single_head_calibration
2490,1,single_head_calibration
2491,0,single_head_calibration
2492,1,single_head_calibration
2493,1,single_head_calibration
2494,1,single_head_calibration
2495,1,single_head_calibration
2496,1,single_head_calibration
2497,2,multihead_evaluation
2498,0,multihead_evaluation
2499,1,single_head_calibration
2500,2,single_head_calibration
2501,2,single_head_calibration
2502,1,single_head_calibration
2503,1,single_head_calibration
2504,0,single_head_calibration
2505,1,multihead_evaluation
2506,0,single_head_calibration
2507,0,single_head_calibration
2508,3,single_head_calibration
2509,1,single_head_calibration
2510,1,single_head_calibration
2511,1,single_head_calibration
2512,0,single_head_calibration
2513,0,single_head_calibration
2514,0,multihead_evaluation
2515,1,single_head_calibration
2516,1,single_head_calibration
2517,1,single_head_calibration
2518,1,multihead_evaluation
2519,0,single_head_calibration
2520,3,single_head_calibration
2521,3,single_head_calibration
2522,3,single_head_calibration
2523,1,single_head_calibration
2524,0,single_head_calibration
2525,0,single_head_calibration
2526,1,single_head_calibration
2527,0,single_head_calibration
2528,0,single_head_calibration
2529,1,single_head_calibration
2530,1,single_head_calibration
2531,0,single_head_calibration
2532,1,single_head_calibration
2533,3,single_head_calibration
2534,3,single_head_calibration
2535,2,single_head_calibration
2536,1,single_head_calibration
2537,1,single_head_calibration
2538,1,single_head_calibration
2539,0,single_head_calibration
2540,0,single_head_calibration
2541,2,single_head_calibration
2542,3,single_head_calibration
2543,2,single_head_calibration
2544,1,multihead_evaluation
2545,2,single_head_calibration
2546,2,single_head_calibration
2547,0,single_head_calibration
2548,0,single_head_calibration
2549,0,single_head_calibration
2550,2,single_head_calibration
2551,1,single_head_calibration
2552,1,multihead_evaluation
2553,0,single_head_calibration
2554,0,multihead_evaluation
2555,3,single_head_calibration
2556,3,single_head_calibration
2557,1,single_head_calibration
2558,0,single_head_calibration
2559,0,single_head_calibration
2560,1,single_head_calibration
2561,0,multihead_evaluation
2562,1,single_head_calibration
2563,0,single_head_calibration
2564,0,single_head_calibration
2565,2,single_head_calibration
2566,2,single_head_calibration
2567,0,single_head_calibration
2568,1,single_head_calibration
2569,1,single_head_calibration
2570,1,single_head_calibration
2571,3,single_head_calibration
2572,0,single_head_calibration
2573,2,multihead_evaluation
2574,2,single_head_calibration
2575,3,single_head_calibration
2576,3,single_head_calibration
2577,3,single_head_calibration
2578,0,single_head_calibration
2579,1,single_head_calibration
2580,2,single_head_calibration
2581,2,single_head_calibration
2582,3,single_head_calibration
2583,3,single_head_calibration
2584,1,single_head_calibration
2585,3,single_head_calibration
2586,3,multihead_evaluation
2587,0,single_head_calibration
2588,2,single_head_calibration
2589,3,single_head_calibration
2590,2,single_head_calibration
2591,0,single_head_calibration
2592,2,single_head_calibration
2593,0,single_head_calibration
2594,2,single_head_calibration
2595,0,single_head_calibration
2596,2,single_head_calibration
2597,2,multihead_evaluation
2598,3,single_head_calibration
2599,2,single_head_calibration
2600,2,single_head_calibration
2601,3,single_head_calibration
2602,0,single_head_calibration
2603,0,single_head_calibration
2604,0,single_head_calibration
2605,3,single_head_calibration
2606,1,single_head_calibration
2607,0,single_head_calibration
2608,3,single_head_calibration
2609,2,single_head_calibration
2610,2,single_head_calibration
2611,3,single_head_calibration
2612,3,single_head_calibration
2613,0,single_head_calibration
2614,2,single_head_calibration
2615,1,single_head_calibration
2616,3,single_head_calibration
2617,2,multihead_evaluation
2618,3,single_head_calibration
2619,3,single_head_calibration
2620,2,single_head_calibration
2621,3,multihead_evaluation
2622,1,single_head_calibration
2623,1,single_head_calibration
2624,0,single_head_calibration
2625,3,single_head_calibration
2626,1,single_head_calibration
2627,2,single_head_calibration
2628,2,single_head_calibration
2629,1,single_head_calibration
2630,1,single_head_calibration
2631,1,single_head_calibration
2632,0,single_head_calibration
2633,3,single_head_calibration
2634,1,single_head_calibration
2635,3,single_head_calibration
2636,2,single_head_calibration
2637,0,single_head_calibration
2638,2,single_head_calibration
2639,1,single_head_calibration
2640,1,multihead_evaluation
2641,1,single_head_calibration
2642,1,single_head_calibration
2643,2,single_head_calibration
2644,1,single_head_calibration
2645,1,multihead_evaluation
2646,0,multihead_evaluation
2647,0,single_head_calibration
2648,2,multihead_evaluation
2649,2,single_head_calibration
2650,3,multihead_evaluation
2651,1,single_head_calibration
2652,2,single_head_calibration
2653,0,single_head_calibration
2654,2,single_head_calibration
2655,3,single_head_calibration
2656,0,single_head_calibration
2657,0,single_head_calibration
2658,2,single_head_calibration
2659,2,multihead_evaluation
2660,3,single_head_calibration
2661,1,single_head_calibration
2662,2,single_head_calibration
2663,0,single_head_calibration
2664,2,single_head_calibration
2665,1,single_head_calibration
2666,2,single_head_calibration
2667,2,single_head_calibration
2668,0,single_head_calibration
2669,3,single_head_calibration
2670,0,multihead_evaluation
2671,2,single_head_calibration
2672,2,single_head_calibration
2673,3,single_head_calibration
2674,3,single_head_calibration
2675,2,single_head_calibration
2676,3,single_head_calibration
2677,3,single_head_calibration
2678,3,single_head_calibration
2679,2,single_head_calibration
2680,2,single_head_calibration
2681,3,single_head_calibration
2682,3,single_head_calibration
2683,0,single_head_calibration
2684,2,single_head_calibration
2685,0,single_head_calibration
2686,0,single_head_calibration
2687,2,multihead_evaluation
2688,2,single_head_calibration
2689,1,single_head_calibration
2690,1,single_head_calibration
2691,1,single_head_calibration
2692,3,multihead_evaluation
2693,3,single_head_calibration
2694,3,single_head_calibration
2695,0,single_head_calibration
2696,2,single_head_calibration
2697,2,single_head_calibration
2698,3,single_head_calibration
2699,2,single_head_calibration
2700,2,single_head_calibration
2701,2,single_head_calibration
2702,0,single_head_calibration
2703,2,single_head_calibration
2704,0,single_head_calibration
2705,1,single_head_calibration
2706,2,single_head_calibration
2707,3,multihead_evaluation
2708,3,single_head_calibration
2709,3,single_head_calibration
2710,3,single_head_calibration
2711,0,single_head_calibration
2712,3,multihead_evaluation
2713,1,single_head_calibration
2714,2,multihead_evaluation
2715,1,single_head_calibration
2716,1,single_head_calibration
2717,1,multihead_evaluation
2718,2,single_head_calibration
2719,3,single_head_calibration
2720,0,single_head_calibration
2721,0,single_head_calibration
2722,3,single_head_calibration
2723,1,single_head_calibration
2724,2,single_head_calibration
2725,0,single_head_calibration
2726,2,single_head_calibration
2727,3,single_head_calibration
2728,1,single_head_calibration
2729,2,single_head_calibration
2730,0,single_head_calibration
2731,2,single_head_calibration
2732,3,single_head_calibration
2733,1,single_head_calibration
2734,0,single_head_calibration
2735,2,single_head_calibration
2736,1,multihead_evaluation
2737,1,single_head_calibration
2738,0,single_head_calibration
2739,1,single_head_calibration
2740,0,single_head_calibration
2741,2,single_head_calibration
2742,3,single_head_calibration
2743,0,single_head_calibration
2744,1,single_head_calibration
2745,2,single_head_calibration
2746,2,multihead_evaluation
2747,1,single_head_calibration
2748,3,single_head_calibration
2749,2,single_head_calibration
2750,2,single_head_calibration
2751,1,single_head_calibration
2752,2,single_head_calibration
2753,3,single_head_calibration
2754,3,single_head_calibration
2755,2,single_head_calibration
2756,3,single_head_calibration
2757,2,single_head_calibration
2758,0,single_head_calibration
2759,2,single_head_calibration
2760,3,multihead_evaluation
2761,0,single_head_calibration
2762,2,single_head_calibration
2763,3,single_head_calibration
2764,3,single_head_calibration
2765,2,single_head_calibration
2766,3,multihead_evaluation
2767,3,multihead_evaluation
2768,2,single_head_calibration
2769,0,single_head_calibration
2770,3,single_head_calibration
2771,2,single_head_calibration
2772,2,single_head_calibration
2773,3,single_head_calibration
2774,1,multihead_evaluation
2775,2,single_head_calibration
2776,3,single_head_calibration
2777,1,multihead_evaluation
2778,3,single_head_calibration
2779,3,single_head_calibration
2780,3,single_head_calibration
2781,0,single_head_calibration
2782,1,single_head_calibration
2783,2,single_head_calibration
2784,1,multihead_evaluation
2785,3,single_head_calibration
2786,2,single_head_calibration
2787,3,single_head_calibration
2788,3,multihead_evaluation
2789,2,single_head_calibration
2790,3,single_head_calibration
2791,2,multihead_evaluation
2792,3,single_head_calibration
2793,1,single_head_calibration
2794,1,single_head_calibration
2795,2,single_head_calibration
2796,3,single_head_calibration
2797,3,single_head_calibration
2798,1,single_head_calibration
2799,3,multihead_evaluation
2800,3,single_head_calibration
2801,3,multihead_evaluation
2802,0,single_head_calibration
2803,1,single_head_calibration
2804,3,single_head_calibration
2805,3,single_head_calibration
2806,3,multihead_evaluation
2807,3,multihead_evaluation
2808,0,single_head_calibration
2809,1,single_head_calibration
2810,3,single_head_calibration
2811,3,single_head_calibration
2812,3,single_head_calibration
2813,3,single_head_calibration
2814,0,single_head_calibration
2815,2,single_head_calibration
2816,2,single_head_calibration
2817,0,single_head_calibration
2818,3,single_head_calibration
2819,0,single_head_calibration
2820,1,multihead_evaluation
2821,1,multihead_evaluation
2822,0,single_head_calibration
2823,2,single_head_calibration
2824,0,multihead_evaluation
2825,1,multihead_evaluation
2826,1,single_head_calibration
2827,2,single_head_calibration
2828,2,multihead_evaluation
2829,1,single_head_calibration
2830,0,single_head_calibration
2831,3,single_head_calibration
2832,1,single_head_calibration
2833,3,single_head_calibration
2834,0,single_head_calibration
2835,2,single_head_calibration
2836,2,single_head_calibration
2837,1,single_head_calibration
2838,0,single_head_calibration
2839,0,single_head_calibration
2840,0,single_head_calibration
2841,2,single_head_calibration
2842,3,single_head_calibration
2843,2,single_head_calibration
2844,3,single_head_calibration
2845,1,single_head_calibration
2846,0,single_head_calibration
2847,0,multihead_evaluation
2848,3,single_head_calibration
2849,3,single_head_calibration
2850,3,single_head_calibration
2851,2,single_head_calibration
2852,2,single_head_calibration
2853,0,single_head_calibration
2854,3,single_head_calibration
2855,0,single_head_calibration
2856,3,single_head_calibration
2857,2,single_head_calibration
2858,1,single_head_calibration
2859,1,single_head_calibration
2860,0,single_head_calibration
2861,3,single_head_calibration
2862,3,single_head_calibration
2863,1,multihead_evaluation
2864,3,single_head_calibration
2865,0,single_head_calibration
2866,2,single_head_calibration
2867,2,single_head_calibration
2868,3,single_head_calibration
2869,2,single_head_calibration
2870,1,multihead_evaluation
2871,1,single_head_calibration
2872,1,multihead_evaluation
2873,2,single_head_calibration
2874,1,single_head_calibration
2875,2,single_head_calibration
2876,1,multihead_evaluation
2877,3,single_head_calibration
2878,2,single_head_calibration
2879,3,single_head_calibration
2880,1,multihead_evaluation
2881,0,single_head_calibration
2882,3,single_head_calibration
2883,0,single_head_calibration
2884,0,single_head_calibration
2885,3,single_head_calibration
2886,3,single_head_calibration
2887,1,single_head_calibration
2888,1,single_head_calibration
2889,1,single_head_calibration
2890,1,single_head_calibration
2891,1,single_head_calibration
2892,1,single_head_calibration
2893,1,single_head_calibration
2894,3,single_head_calibration
2895,1,single_head_calibration
2896,1,single_head_calibration
2897,2,single_head_calibration
2898,1,multihead_evaluation
2899,2,multihead_evaluation
2900,1,single_head_calibration
2901,0,single_head_calibration
2902,3,single_head_calibration
2903,0,single_head_calibration
2904,1,single_head_calibration
2905,1,single_head_calibration
2906,0,single_head_calibration
2907,1,single_head_calibration
2908,1,single_head_calibration
2909,2,single_head_calibration
2910,3,single_head_calibration
2911,0,multihead_evaluation
2912,0,single_head_calibration
2913,3,single_head_calibration
2914,2,single_head_calibration
2915,3,single_head_calibration
2916,1,single_head_calibration
2917,1,single_head_calibration
2918,3,single_head_calibration
2919,3,single_head_calibration
2920,0,single_head_calibration
2921,0,single_head_calibration
2922,2,single_head_calibration
2923,2,single_head_calibration
2924,1,single_head_calibration
2925,0,single_head_calibration
2926,3,single_head_calibration
2927,1,single_head_calibration
2928,3,single_head_calibration
2929,3,single_head_calibration
2930,3,single_head_calibration
2931,3,single_head_calibration
2932,2,single_head_calibration
2933,1,single_head_calibration
2934,1,multihead_evaluation
2935,2,single_head_calibration
2936,3,single_head_calibration
2937,2,single_head_calibration
2938,2,multihead_evaluation
2939,2,single_head_calibration
2940,2,single_head_calibration
2941,3,single_head_calibration
2942,1,single_head_calibration
2943,1,single_head_calibration
2944,0,multihead_evaluation
2945,2,single_head_calibration
2946,3,single_head_calibration
2947,0,single_head_calibration
2948,3,multihead_evaluation
2949,3,single_head_calibration
2950,1,single_head_calibration
2951,1,single_head_calibration
2952,2,single_head_calibration
2953,3,single_head_calibration
2954,1,single_head_calibration
2955,3,multihead_evaluation
2956,0,single_head_calibration
2957,2,single_head_calibration
2958,3,single_head_calibration
2959,0,single_head_calibration
2960,1,single_head_calibration
2961,1,multihead_evaluation
2962,3,single_head_calibration
2963,1,single_head_calibration
2964,0,single_head_calibration
2965,3,single_head_calibration
2966,0,single_head_calibration
2967,2,single_head_calibration
2968,0,multihead_evaluation
2969,3,multihead_evaluation
2970,2,multihead_evaluation
2971,2,single_head_calibration
2972,1,single_head_calibration
2973,0,single_head_calibration
2974,2,single_head_calibration
2975,2,single_head_calibration
2976,0,multihead_evaluation
2977,0,single_head_calibration
2978,2,single_head_calibration
2979,3,single_head_calibration
2980,1,single_head_calibration
2981,2,single_head_calibration
2982,3,single_head_calibration
2983,0,single_head_calibration
2984,0,single_head_calibration
2985,2,single_head_calibration
2986,2,single_head_calibration
2987,2,single_head_calibration
2988,2,single_head_calibration
2989,0,single_head_calibration
2990,0,single_head_calibration
2991,1,single_head_calibration
2992,1,single_head_calibration
2993,0,multihead_evaluation
2994,1,single_head_calibration
2995,1,multihead_evaluation
2996,0,single_head_calibration
2997,0,single_head_calibration
2998,1,single_head_calibration
2999,0,multihead_evaluation
3000,1,single_head_calibration
3001,2,multihead_evaluation
3002,1,single_head_calibration
3003,2,single_head_calibration
3004,3,single_head_calibration
3005,2,single_head_calibration
3006,0,multihead_evaluation
3007,1,single_head_calibration
3008,2,single_head_calibration
3009,1,single_head_calibration
3010,2,multihead_evaluation
3011,2,single_head_calibration
3012,3,single_head_calibration
3013,0,multihead_evaluation
3014,2,multihead_evaluation
3015,1,single_head_calibration
3016,2,multihead_evaluation
3017,2,single_head_calibration
3018,1,single_head_calibration
3019,0,single_head_calibration
3020,2,single_head_calibration
3021,0,single_head_calibration
3022,1,single_head_calibration
3023,2,single_head_calibration
3024,1,single_head_calibration
3025,2,single_head_calibration
3026,1,single_head_calibration
3027,3,single_head_calibration
3028,1,single_head_calibration
3029,1,single_head_calibration
3030,1,single_head_calibration
3031,1,single_head_calibration
3032,1,single_head_calibration
3033,0,single_head_calibration
3034,3,single_head_calibration
3035,2,single_head_calibration
3036,1,single_head_calibration
3037,1,single_head_calibration
3038,3,single_head_calibration
3039,0,single_head_calibration
3040,0,single_head_calibration
3041,0,single_head_calibration
3042,0,multihead_evaluation
3043,1,single_head_calibration
3044,0,single_head_calibration
3045,2,single_head_calibration
3046,1,single_head_calibration
3047,1,single_head_calibration
3048,0,single_head_calibration
3049,1,single_head_calibration
3050,1,single_head_calibration
3051,2,single_head_calibration
3052,2,multihead_evaluation
3053,1,single_head_calibration
3054,0,single_head_calibration
3055,2,single_head_calibration
3056,3,single_head_calibration
3057,3,multihead_evaluation
3058,0,single_head_calibration
3059,3,single_head_calibration
3060,3,single_head_calibration
3061,0,single_head_calibration
3062,0,multihead_evaluation
3063,0,single_head_calibration
3064,0,single_head_calibration
3065,1,single_head_calibration
3066,1,single_head_calibration
3067,2,single_head_calibration
3068,3,single_head_calibration
3069,2,single_head_calibration
3070,2,single_head_calibration
3071,1,single_head_calibration
3072,1,multihead_evaluation
3073,3,single_head_calibration
3074,1,single_head_calibration
3075,0,single_head_calibration
3076,2,single_head_calibration
3077,2,single_head_calibration
3078,2,single_head_calibration
3079,1,single_head_calibration
3080,3,single_head_calibration
3081,0,single_head_calibration
3082,0,single_head_calibration
3083,2,single_head_calibration
3084,2,single_head_calibration
3085,0,single_head_calibration
3086,2,single_head_calibration
3087,3,single_head_calibration
3088,1,single_head_calibration
3089,3,single_head_calibration
3090,3,single_head_calibration
3091,3,single_head_calibration
3092,1,single_head_calibration
3093,0,single_head_calibration
3094,1,single_head_calibration
3095,1,single_head_calibration
3096,2,single_head_calibration
3097,3,single_head_calibration
3098,2,single_head_calibration
3099,3,single_head_calibration
3100,3,single_head_calibration
3101,2,single_head_calibration
3102,0,single_head_calibration
3103,3,single_head_calibration
3104,2,single_head_calibration
3105,2,single_head_calibration
3106,0,single_head_calibration
3107,3,single_head_calibration
3108,0,single_head_calibration
3109,3,single_head_calibration
3110,3,single_head_calibration
3111,0,single_head_calibration
3112,2,multihead_evaluation
3113,0,multihead_evaluation
3114,3,multihead_evaluation
3115,2,single_head_calibration
3116,3,multihead_evaluation
3117,1,single_head_calibration
3118,0,single_head_calibration
3119,2,multihead_evaluation
3120,3,single_head_calibration
3121,2,single_head_calibration
3122,0,multihead_evaluation
3123,0,single_head_calibration
3124,0,single_head_calibration
3125,3,single_head_calibration
3126,1,single_head_calibration
3127,3,single_head_calibration
3128,2,single_head_calibration
3129,3,single_head_calibration
3130,2,single_head_calibration
3131,1,single_head_calibration
3132,0,single_head_calibration
3133,0,single_head_calibration
3134,2,single_head_calibration
3135,2,single_head_calibration
3136,3,single_head_calibration
3137,3,single_head_calibration
3138,0,single_head_calibration
3139,3,single_head_calibration
3140,3,single_head_calibration
3141,3,single_head_calibration
3142,1,single_head_calibration
3143,0,single_head_calibration
3144,2,single_head_calibration
3145,3,single_head_calibration
3146,3,single_head_calibration
3147,0,single_head_calibration
3148,1,multihead_evaluation
3149,1,single_head_calibration
3150,1,single_head_calibration
3151,0,single_head_calibration
3152,0,single_head_calibration
3153,0,single_head_calibration
3154,1,single_head_calibration
3155,3,single_head_calibration
3156,2,multihead_evaluation
3157,0,single_head_calibration
3158,2,multihead_evaluation
3159,3,single_head_calibration
3160,1,single_head_calibration
3161,0,single_head_calibration
3162,3,single_head_calibration
3163,0,single_head_calibration
3164,0,multihead_evaluation
3165,1,single_head_calibration
3166,1,single_head_calibration
3167,0,multihead_evaluation
3168,3,single_head_calibration
3169,0,multihead_evaluation
3170,2,multihead_evaluation
3171,2,single_head_calibration
3172,0,single_head_calibration
3173,1,single_head_calibration
3174,0,single_head_calibration
3175,3,single_head_calibration
3176,0,multihead_evaluation
3177,2,single_head_calibration
3178,2,multihead_evaluation
3179,1,multihead_evaluation
3180,3,single_head_calibration
3181,0,multihead_evaluation
3182,2,single_head_calibration
3183,2,single_head_calibration
3184,2,single_head_calibration
3185,3,single_head_calibration
3186,0,single_head_calibration
3187,0,multihead_evaluation
3188,2,single_head_calibration
3189,2,multihead_evaluation
3190,2,single_head_calibration
3191,0,single_head_calibration
3192,2,single_head_calibration
3193,2,single_head_calibration
3194,0,single_head_calibration
3195,0,single_head_calibration
3196,0,single_head_calibration
3197,3,single_head_calibration
3198,3,single_head_calibration
3199,3,multihead_evaluation
3200,1,single_head_calibration
3201,2,multihead_evaluation
3202,2,single_head_calibration
3203,2,single_head_calibration
3204,3,single_head_calibration
3205,0,single_head_calibration
3206,0,single_head_calibration
3207,2,single_head_calibration
3208,1,single_head_calibration
3209,2,single_head_calibration
3210,0,single_head_calibration
3211,0,single_head_calibration
3212,2,single_head_calibration
3213,2,single_head_calibration
3214,2,single_head_calibration
3215,2,single_head_calibration
3216,1,single_head_calibration
3217,3,single_head_calibration
3218,2,single_head_calibration
3219,0,single_head_calibration
3220,2,single_head_calibration
3221,3,single_head_calibration
3222,3,single_head_calibration
3223,3,single_head_calibration
3224,0,single_head_calibration
3225,3,multihead_evaluation
3226,0,single_head_calibration
3227,3,single_head_calibration
3228,0,single_head_calibration
3229,3,multihead_evaluation
3230,1,multihead_evaluation
3231,1,single_head_calibration
3232,1,single_head_calibration
3233,0,single_head_calibration
3234,1,single_head_calibration
3235,1,single_head_calibration
3236,1,single_head_calibration
3237,1,single_head_calibration
3238,1,multihead_evaluation
3239,0,single_head_calibration
3240,2,single_head_calibration
3241,3,multihead_evaluation
3242,2,single_head_calibration
3243,2,single_head_calibration
3244,1,single_head_calibration
3245,0,single_head_calibration
3246,2,single_head_calibration
3247,0,single_head_calibration
3248,0,multihead_evaluation
3249,0,single_head_calibration
3250,0,single_head_calibration
3251,3,single_head_calibration
3252,2,single_head_calibration
3253,0,single_head_calibration
3254,0,single_head_calibration
3255,0,single_head_calibration
3256,3,single_head_calibration
3257,3,multihead_evaluation
3258,2,single_head_calibration
3259,1,single_head_calibration
3260,2,single_head_calibration
3261,1,single_head_calibration
3262,3,single_head_calibration
3263,3,single_head_calibration
3264,2,single_head_calibration
3265,3,single_head_calibration
3266,2,single_head_calibration
3267,2,single_head_calibration
3268,0,single_head_calibration
3269,2,multihead_evaluation
3270,2,single_head_calibration
3271,1,single_head_calibration
3272,2,single_head_calibration
3273,1,single_head_calibration
3274,2,single_head_calibration
3275,1,single_head_calibration
3276,2,single_head_calibration
3277,2,single_head_calibration
3278,3,multihead_evaluation
3279,0,single_head_calibration
3280,3,single_head_calibration
3281,3,single_head_calibration
3282,3,single_head_calibration
3283,1,single_head_calibration
3284,0,single_head_calibration
3285,3,single_head_calibration
3286,0,single_head_calibration
3287,3,single_head_calibration
3288,2,single_head_calibration
3289,3,single_head_calibration
3290,3,multihead_evaluation
3291,3,single_head_calibration
3292,3,single_head_calibration
3293,3,single_head_calibration
3294,2,single_head_calibration
3295,0,multihead_evaluation
3296,3,single_head_calibration
3297,0,single_head_calibration
3298,0,single_head_calibration
3299,2,single_head_calibration
3300,0,multihead_evaluation
3301,0,single_head_calibration
3302,1,single_head_calibration
3303,0,single_head_calibration
3304,2,single_head_calibration
3305,3,single_head_calibration
3306,0,single_head_calibration
3307,2,single_head_calibration
3308,1,single_head_calibration
3309,1,single_head_calibration
3310,3,single_head_calibration
3311,0,single_head_calibration
3312,0,single_head_calibration
3313,3,single_head_calibration
3314,0,single_head_calibration
3315,0,single_head_calibration
3316,0,single_head_calibration
3317,1,single_head_calibration
3318,1,single_head_calibration
3319,2,single_head_calibration
3320,1,single_head_calibration
3321,2,single_head_calibration
3322,1,single_head_calibration
3323,2,single_head_calibration
3324,2,single_head_calibration
3325,2,single_head_calibration
3326,1,single_head_calibration
3327,2,single_head_calibration
3328,0,single_head_calibration
3329,2,single_head_calibration
3330,2,single_head_calibration
3331,1,single_head_calibration
3332,2,single_head_calibration
3333,0,single_head_calibration
3334,2,single_head_calibration
3335,2,single_head_calibration
3336,1,multihead_evaluation
3337,1,single_head_calibration
3338,1,single_head_calibration
3339,2,single_head_calibration
3340,1,multihead_evaluation
3341,2,single_head_calibration
3342,3,multihead_evaluation
3343,3,single_head_calibration
3344,0,single_head_calibration
3345,0,single_head_calibration
3346,0,single_head_calibration
3347,1,single_head_calibration
3348,1,single_head_calibration
3349,1,multihead_evaluation
3350,2,single_head_calibration
3351,2,single_head_calibration
3352,1,single_head_calibration
3353,0,single_head_calibration
3354,2,multihead_evaluation
3355,3,single_head_calibration
3356,3,single_head_calibration
3357,1,single_head_calibration
3358,0,single_head_calibration
3359,1,multihead_evaluation
3360,1,single_head_calibration
3361,1,single_head_calibration
3362,1,multihead_evaluation
3363,2,single_head_calibration
3364,3,single_head_calibration
3365,1,single_head_calibration
3366,1,single_head_calibration
3367,0,single_head_calibration
3368,3,single_head_calibration
3369,1,single_head_calibration
3370,3,single_head_calibration
3371,3,single_head_calibration
3372,1,single_head_calibration
3373,1,single_head_calibration
3374,3,single_head_calibration
3375,3,multihead_evaluation
3376,1,single_head_calibration
3377,0,single_head_calibration
3378,0,single_head_calibration
3379,2,single_head_calibration
3380,2,single_head_calibration
3381,2,single_head_calibration
3382,3,multihead_evaluation
3383,3,single_head_calibration
3384,0,single_head_calibration
3385,1,multihead_evaluation
3386,2,single_head_calibration
3387,1,multihead_evaluation
3388,0,single_head_calibration
3389,0,single_head_calibration
3390,2,single_head_calibration
3391,1,multihead_evaluation
3392,3,single_head_calibration
3393,0,single_head_calibration
3394,3,single_head_calibration
3395,3,multihead_evaluation
3396,2,single_head_calibration
3397,3,single_head_calibration
3398,0,single_head_calibration
3399,0,multihead_evaluation
3400,0,single_head_calibration
3401,3,single_head_calibration
3402,3,single_head_calibration
3403,2,single_head_calibration
3404,3,single_head_calibration
3405,3,single_head_calibration
3406,2,single_head_calibration
3407,0,single_head_calibration
3408,0,single_head_calibration
3409,2,single_head_calibration
3410,2,single_head_calibration
3411,2,single_head_calibration
3412,3,single_head_calibration
3413,1,single_head_calibration
3414,3,single_head_calibration
3415,2,single_head_calibration
3416,1,single_head_calibration
3417,3,single_head_calibration
3418,2,single_head_calibration
3419,2,single_head_calibration
3420,3,single_head_calibration
3421,3,single_head_calibration
3422,2,single_head_calibration
3423,2,single_head_calibration
3424,1,single_head_calibration
3425,1,single_head_calibration
3426,3,single_head_calibration
3427,2,single_head_calibration
3428,0,single_head_calibration
3429,3,multihead_evaluation
3430,2,single_head_calibration
3431,0,single_head_calibration
3432,2,single_head_calibration
3433,3,single_head_calibration
3434,0,single_head_calibration
3435,3,single_head_calibration
3436,0,multihead_evaluation
3437,2,multihead_evaluation
3438,3,single_head_calibration
3439,0,single_head_calibration
3440,2,single_head_calibration
3441,3,multihead_evaluation
3442,1,multihead_evaluation
3443,3,single_head_calibration
3444,0,single_head_calibration
3445,2,single_head_calibration
3446,0,single_head_calibration
3447,2,multihead_evaluation
3448,2,single_head_calibration
3449,3,single_head_calibration
3450,0,single_head_calibration
3451,0,single_head_calibration
3452,0,single_head_calibration
3453,0,multihead_evaluation
3454,0,single_head_calibration
3455,2,single_head_calibration
3456,3,single_head_calibration
3457,1,single_head_calibration
3458,2,single_head_calibration
3459,3,single_head_calibration
3460,3,single_head_calibration
3461,0,single_head_calibration
3462,1,single_head_calibration
3463,1,single_head_calibration
3464,1,multihead_evaluation
3465,2,single_head_calibration
3466,2,single_head_calibration
3467,3,single_head_calibration
3468,1,single_head_calibration
3469,2,single_head_calibration
3470,3,single_head_calibration
3471,2,single_head_calibration
3472,3,multihead_evaluation
3473,0,single_head_calibration
3474,0,multihead_evaluation
3475,3,single_head_calibration
3476,3,single_head_calibration
3477,0,single_head_calibration
3478,3,single_head_calibration
3479,0,single_head_calibration
3480,0,single_head_calibration
3481,0,single_head_calibration
3482,2,multihead_evaluation
3483,0,single_head_calibration
3484,0,single_head_calibration
3485,0,single_head_calibration
3486,3,single_head_calibration
3487,3,single_head_calibration
3488,2,single_head_calibration
3489,1,single_head_calibration
3490,1,single_head_calibration
3491,0,single_head_calibration
3492,2,single_head_calibration
3493,0,multihead_evaluation
3494,0,single_head_calibration
3495,2,single_head_calibration
3496,3,single_head_calibration
3497,3,single_head_calibration
3498,1,single_head_calibration
3499,1,single_head_calibration
3500,0,single_head_calibration
3501,3,single_head_calibration
3502,3,single_head_calibration
3503,0,single_head_calibration
3504,0,single_head_calibration
3505,0,single_head_calibration
3506,3,multihead_evaluation
3507,1,single_head_calibration
3508,2,single_head_calibration
3509,0,single_head_calibration
3510,0,multihead_evaluation
3511,0,single_head_calibration
3512,3,multihead_evaluation
3513,0,multihead_evaluation
3514,1,single_head_calibration
3515,0,single_head_calibration
3516,0,multihead_evaluation
3517,0,single_head_calibration
3518,0,single_head_calibration
3519,1,single_head_calibration
3520,1,single_head_calibration
3521,1,single_head_calibration
3522,1,single_head_calibration
3523,1,single_head_calibration
3524,0,single_head_calibration
3525,1,single_head_calibration
3526,0,single_head_calibration
3527,1,single_head_calibration
3528,0,single_head_calibration
3529,1,multihead_evaluation
3530,1,single_head_calibration
3531,0,single_head_calibration
3532,3,single_head_calibration
3533,0,multihead_evaluation
3534,1,single_head_calibration
3535,3,single_head_calibration
3536,0,single_head_calibration
3537,3,single_head_calibration
3538,2,single_head_calibration
3539,1,single_head_calibration
3540,0,single_head_calibration
3541,1,single_head_calibration
3542,2,multihead_evaluation
3543,1,single_head_calibration
3544,1,single_head_calibration
3545,0,single_head_calibration
3546,0,single_head_calibration
3547,0,single_head_calibration
3548,2,single_head_calibration
3549,0,single_head_calibration
3550,1,single_head_calibration
3551,1,single_head_calibration
3552,0,single_head_calibration
3553,2,single_head_calibration
3554,2,single_head_calibration
3555,0,single_head_calibration
3556,2,single_head_calibration
3557,1,single_head_calibration
3558,0,single_head_calibration
3559,1,multihead_evaluation
3560,1,single_head_calibration
3561,0,single_head_calibration
3562,1,single_head_calibration
3563,0,multihead_evaluation
3564,3,single_head_calibration
3565,0,single_head_calibration
3566,2,single_head_calibration
3567,3,single_head_calibration
3568,1,single_head_calibration
3569,0,single_head_calibration
3570,0,single_head_calibration
3571,2,single_head_calibration
3572,0,single_head_calibration
3573,2,single_head_calibration
3574,3,single_head_calibration
3575,2,single_head_calibration
3576,2,multihead_evaluation
3577,2,single_head_calibration
3578,1,single_head_calibration
3579,0,single_head_calibration
3580,2,single_head_calibration
3581,0,single_head_calibration
3582,2,single_head_calibration
3583,2,single_head_calibration
3584,1,single_head_calibration
3585,1,single_head_calibration
3586,1,multihead_evaluation
3587,0,single_head_calibration
3588,3,single_head_calibration
3589,2,multihead_evaluation
3590,0,single_head_calibration
3591,2,single_head_calibration
3592,2,multihead_evaluation
3593,2,single_head_calibration
3594,0,single_head_calibration
3595,2,single_head_calibration
3596,1,single_head_calibration
3597,1,single_head_calibration
3598,0,single_head_calibration
3599,1,single_head_calibration
3600,2,single_head_calibration
3601,1,multihead_evaluation
3602,3,single_head_calibration
3603,1,single_head_calibration
3604,0,single_head_calibration
3605,3,single_head_calibration
3606,0,single_head_calibration
3607,2,single_head_calibration
3608,0,multihead_evaluation
3609,0,single_head_calibration
3610,3,single_head_calibration
3611,0,single_head_calibration
3612,3,single_head_calibration
3613,0,single_head_calibration
3614,3,single_head_calibration
3615,0,single_head_calibration
3616,2,single_head_calibration
3617,2,single_head_calibration
3618,1,single_head_calibration
3619,0,single_head_calibration
3620,1,single_head_calibration
3621,1,multihead_evaluation
3622,0,single_head_calibration
3623,3,single_head_calibration
3624,2,multihead_evaluation
3625,0,single_head_calibration
3626,1,single_head_calibration
3627,0,single_head_calibration
3628,2,single_head_calibration
3629,0,single_head_calibration
3630,1,single_head_calibration
3631,2,multihead_evaluation
3632,2,single_head_calibration
3633,0,single_head_calibration
3634,2,single_head_calibration
3635,2,single_head_calibration
3636,1,single_head_calibration
3637,0,single_head_calibration
3638,0,single_head_calibration
3639,1,single_head_calibration
3640,2,single_head_calibration
3641,1,multihead_evaluation
3642,3,single_head_calibration
3643,3,single_head_calibration
3644,0,single_head_calibration
3645,3,single_head_calibration
3646,1,single_head_calibration
3647,1,single_head_calibration
3648,0,single_head_calibration
3649,0,multihead_evaluation
3650,0,single_head_calibration
3651,3,single_head_calibration
3652,3,single_head_calibration
3653,2,single_head_calibration
3654,0,single_head_calibration
3655,3,single_head_calibration
3656,2,single_head_calibration
3657,0,single_head_calibration
3658,2,single_head_calibration
3659,3,single_head_calibration
3660,0,single_head_calibration
3661,0,multihead_evaluation
3662,0,single_head_calibration
3663,2,single_head_calibration
3664,3,single_head_calibration
3665,0,single_head_calibration
3666,1,single_head_calibration
3667,3,single_head_calibration
3668,3,single_head_calibration
3669,0,single_head_calibration
3670,3,single_head_calibration
3671,2,single_head_calibration
3672,2,single_head_calibration
3673,0,single_head_calibration
3674,2,single_head_calibration
3675,3,single_head_calibration
3676,3,single_head_calibration
3677,1,multihead_evaluation
3678,0,single_head_calibration
3679,3,single_head_calibration
3680,2,single_head_calibration
3681,3,single_head_calibration
3682,2,single_head_calibration
3683,0,single_head_calibration
3684,2,single_head_calibration
3685,0,single_head_calibration
3686,0,single_head_calibration
3687,3,multihead_evaluation
3688,0,single_head_calibration
3689,3,single_head_calibration
3690,3,single_head_calibration
3691,3,single_head_calibration
3692,2,single_head_calibration
3693,1,single_head_calibration
3694,2,single_head_calibration
3695,1,single_head_calibration
3696,0,single_head_calibration
3697,0,single_head_calibration
3698,0,single_head_calibration
3699,2,single_head_calibration
3700,2,single_head_calibration
3701,2,single_head_calibration
3702,3,multihead_evaluation
3703,3,single_head_calibration
3704,1,single_head_calibration
3705,0,single_head_calibration
3706,3,single_head_calibration
3707,0,single_head_calibration
3708,3,multihead_evaluation
3709,1,single_head_calibration
3710,0,single_head_calibration
3711,2,single_head_calibration
3712,2,single_head_calibration
3713,2,single_head_calibration
3714,3,single_head_calibration
3715,3,single_head_calibration
3716,2,single_head_calibration
3717,3,single_head_calibration
3718,0,single_head_calibration
3719,1,single_head_calibration
3720,2,multihead_evaluation
3721,1,multihead_evaluation
3722,3,single_head_calibration
3723,2,multihead_evaluation
3724,2,single_head_calibration
3725,1,multihead_evaluation
3726,3,single_head_calibration
3727,0,single_head_calibration
3728,2,single_head_calibration
3729,2,single_head_calibration
3730,3,single_head_calibration
3731,3,single_head_calibration
3732,3,single_head_calibration
3733,1,single_head_calibration
3734,1,single_head_calibration
3735,0,single_head_calibration
3736,1,single_head_calibration
3737,0,multihead_evaluation
3738,3,single_head_calibration
3739,3,single_head_calibration
3740,1,single_head_calibration
3741,3,single_head_calibration
3742,2,single_head_calibration
3743,0,single_head_calibration
3744,1,multihead_evaluation
3745,1,multihead_evaluation
3746,0,single_head_calibration
3747,0,single_head_calibration
3748,1,single_head_calibration
3749,0,single_head_calibration
3750,2,single_head_calibration
3751,2,single_head_calibration
3752,2,single_head_calibration
3753,0,single_head_calibration
3754,2,single_head_calibration
3755,0,single_head_calibration
3756,0,single_head_calibration
3757,3,single_head_calibration
3758,0,single_head_calibration
3759,3,single_head_calibration
3760,3,single_head_calibration
3761,0,single_head_calibration
3762,0,single_head_calibration
3763,2,single_head_calibration
3764,2,single_head_calibration
3765,2,single_head_calibration
3766,3,multihead_evaluation
3767,0,single_head_calibration
3768,1,single_head_calibration
3769,2,single_head_calibration
3770,2,single_head_calibration
3771,1,single_head_calibration
3772,1,single_head_calibration
3773,1,single_head_calibration
3774,0,multihead_evaluation
3775,3,single_head_calibration
3776,3,single_head_calibration
3777,3,single_head_calibration
3778,2,single_head_calibration
3779,2,single_head_calibration
3780,3,single_head_calibration
3781,1,single_head_calibration
3782,0,single_head_calibration
3783,0,single_head_calibration
3784,0,single_head_calibration
3785,0,multihead_evaluation
3786,0,single_head_calibration
3787,3,single_head_calibration
3788,3,single_head_calibration
3789,2,single_head_calibration
3790,0,single_head_calibration
3791,1,single_head_calibration
3792,1,single_head_calibration
3793,3,multihead_evaluation
3794,1,single_head_calibration
3795,2,single_head_calibration
3796,2,single_head_calibration
3797,2,single_head_calibration
3798,1,single_head_calibration
3799,0,single_head_calibration
3800,3,multihead_evaluation
3801,3,single_head_calibration
3802,3,single_head_calibration
3803,1,single_head_calibration
3804,2,single_head_calibration
3805,0,single_head_calibration
3806,1,single_head_calibration
3807,2,multihead_evaluation
3808,1,single_head_calibration
3809,1,single_head_calibration
3810,0,single_head_calibration
3811,3,single_head_calibration
3812,2,single_head_calibration
3813,2,multihead_evaluation
3814,0,single_head_calibration
3815,3,single_head_calibration
3816,3,single_head_calibration
3817,2,single_head_calibration
3818,3,single_head_calibration
3819,2,single_head_calibration
3820,1,single_head_calibration
3821,0,single_head_calibration
3822,2,single_head_calibration
3823,2,single_head_calibration
3824,3,single_head_calibration
3825,1,single_head_calibration
3826,2,single_head_calibration
3827,3,single_head_calibration
3828,3,single_head_calibration
3829,2,multihead_evaluation
3830,3,single_head_calibration
3831,1,single_head_calibration
3832,0,single_head_calibration
3833,0,single_head_calibration
3834,3,single_head_calibration
3835,3,multihead_evaluation
3836,1,single_head_calibration
3837,1,multihead_evaluation
3838,0,single_head_calibration
3839,1,single_head_calibration
3840,1,single_head_calibration
3841,1,single_head_calibration
3842,2,single_head_calibration
3843,0,single_head_calibration
3844,0,single_head_calibration
3845,0,single_head_calibration
3846,3,single_head_calibration
3847,3,single_head_calibration
3848,1,single_head_calibration
3849,3,single_head_calibration
3850,0,single_head_calibration
3851,1,single_head_calibration
3852,1,single_head_calibration
3853,3,single_head_calibration
3854,2,single_head_calibration
3855,0,single_head_calibration
3856,0,single_head_calibration
3857,2,multihead_evaluation
3858,1,multihead_evaluation
3859,1,single_head_calibration
3860,0,single_head_calibration
3861,2,single_head_calibration
3862,2,single_head_calibration
3863,0,single_head_calibration
3864,2,single_head_calibration
3865,1,single_head_calibration
3866,2,single_head_calibration
3867,2,single_head_calibration
3868,2,single_head_calibration
3869,3,single_head_calibration
3870,2,single_head_calibration
3871,1,single_head_calibration
3872,3,single_head_calibration
3873,0,single_head_calibration
3874,0,single_head_calibration
3875,2,single_head_calibration
3876,0,single_head_calibration
3877,0,single_head_calibration
3878,0,single_head_calibration
3879,3,multihead_evaluation
3880,2,multihead_evaluation
3881,1,single_head_calibration
3882,0,single_head_calibration
3883,3,single_head_calibration
3884,1,single_head_calibration
3885,1,single_head_calibration
3886,0,single_head_calibration
3887,3,single_head_calibration
3888,3,single_head_calibration
3889,2,single_head_calibration
3890,2,multihead_evaluation
3891,3,single_head_calibration
3892,1,single_head_calibration
3893,0,single_head_calibration
3894,1,single_head_calibration
3895,3,single_head_calibration
3896,1,multihead_evaluation
3897,0,single_head_calibration
3898,1,single_head_calibration
3899,0,single_head_calibration
3900,0,single_head_calibration
3901,1,multihead_evaluation
3902,2,single_head_calibration
3903,0,single_head_calibration
3904,0,multihead_evaluation
3905,1,single_head_calibration
3906,0,single_head_calibration
3907,2,multihead_evaluation
3908,1,single_head_calibration
3909,0,single_head_calibration
3910,0,single_head_calibration
3911,0,single_head_calibration
3912,0,multihead_evaluation
3913,3,multihead_evaluation
3914,0,single_head_calibration
3915,0,multihead_evaluation
3916,0,multihead_evaluation
3917,1,single_head_calibration
3918,0,single_head_calibration
3919,1,multihead_evaluation
3920,0,multihead_evaluation
3921,1,single_head_calibration
3922,3,single_head_calibration
3923,1,single_head_calibration
3924,1,single_head_calibration
3925,0,single_head_calibration
3926,1,single_head_calibration
3927,1,single_head_calibration
3928,0,multihead_evaluation
3929,0,single_head_calibration
3930,0,single_head_calibration
3931,0,single_head_calibration
3932,1,single_head_calibration
3933,1,single_head_calibration
3934,2,single_head_calibration
3935,1,single_head_calibration
3936,1,single_head_calibration
3937,1,single_head_calibration
3938,1,single_head_calibration
3939,1,single_head_calibration
3940,2,single_head_calibration
3941,1,single_head_calibration
3942,1,single_head_calibration
3943,0,single_head_calibration
3944,1,single_head_calibration
3945,3,multihead_evaluation
3946,1,single_head_calibration
3947,1,single_head_calibration
3948,0,single_head_calibration
3949,2,single_head_calibration
3950,3,single_head_calibration
3951,1,single_head_calibration
3952,1,multihead_evaluation
3953,3,single_head_calibration
3954,3,single_head_calibration
3955,1,single_head_calibration
3956,0,single_head_calibration
3957,0,single_head_calibration
3958,0,multihead_evaluation
3959,1,single_head_calibration
3960,0,single_head_calibration
3961,1,single_head_calibration
3962,1,single_head_calibration
3963,1,single_head_calibration
3964,3,single_head_calibration
3965,1,multihead_evaluation
3966,1,single_head_calibration
3967,0,single_head_calibration
3968,2,single_head_calibration
3969,3,single_head_calibration
3970,2,single_head_calibration
3971,0,single_head_calibration
3972,1,multihead_evaluation
3973,1,single_head_calibration
3974,2,multihead_evaluation
3975,2,single_head_calibration
3976,2,multihead_evaluation
3977,2,single_head_calibration
3978,1,single_head_calibration
3979,0,single_head_calibration
3980,0,multihead_evaluation
3981,0,single_head_calibration
3982,1,single_head_calibration
3983,3,single_head_calibration
3984,3,single_head_calibration
3985,3,single_head_calibration
3986,3,single_head_calibration
3987,3,single_head_calibration
3988,2,single_head_calibration
3989,3,single_head_calibration
3990,2,single_head_calibration
3991,3,single_head_calibration
3992,0,single_head_calibration
3993,3,single_head_calibration
3994,3,single_head_calibration
3995,1,single_head_calibration
3996,1,single_head_calibration
3997,1,single_head_calibration
3998,3,single_head_calibration
3999,0,single_head_calibration
4000,2,multihead_evaluation
4001,0,single_head_calibration
4002,2,single_head_calibration
4003,2,single_head_calibration
4004,3,multihead_evaluation
4005,3,single_head_calibration
4006,2,single_head_calibration
4007,0,single_head_calibration
4008,2,single_head_calibration
4009,3,single_head_calibration
4010,0,single_head_calibration
4011,1,single_head_calibration
4012,3,single_head_calibration
4013,2,single_head_calibration
4014,2,single_head_calibration
4015,0,single_head_calibration
4016,3,single_head_calibration
4017,3,single_head_calibration
4018,1,single_head_calibration
4019,1,single_head_calibration
4020,2,single_head_calibration
4021,3,single_head_calibration
4022,2,single_head_calibration
4023,3,single_head_calibration
4024,2,multihead_evaluation
4025,2,single_head_calibration
4026,2,multihead_evaluation
4027,0,single_head_calibration
4028,0,single_head_calibration
4029,0,single_head_calibration
4030,3,single_head_calibration
4031,1,single_head_calibration
4032,0,multihead_evaluation
4033,2,single_head_calibration
4034,1,single_head_calibration
4035,2,single_head_calibration
4036,2,single_head_calibration
4037,1,single_head_calibration
4038,0,single_head_calibration
4039,0,single_head_calibration
4040,1,single_head_calibration
4041,1,single_head_calibration
4042,1,multihead_evaluation
4043,1,single_head_calibration
4044,0,single_head_calibration
4045,2,single_head_calibration
4046,1,single_head_calibration
4047,3,single_head_calibration
4048,3,single_head_calibration
4049,2,single_head_calibration
4050,1,single_head_calibration
4051,3,multihead_evaluation
4052,2,multihead_evaluation
4053,0,multihead_evaluation
4054,1,single_head_calibration
4055,2,single_head_calibration
4056,2,single_head_calibration
4057,3,single_head_calibration
4058,3,single_head_calibration
4059,2,single_head_calibration
4060,2,single_head_calibration
4061,1,single_head_calibration
4062,0,multihead_evaluation
4063,2,single_head_calibration
4064,1,single_head_calibration
4065,2,multihead_evaluation
4066,1,single_head_calibration
4067,0,single_head_calibration
4068,0,single_head_calibration
4069,3,single_head_calibration
4070,3,single_head_calibration
4071,1,single_head_calibration
4072,3,single_head_calibration
4073,3,single_head_calibration
4074,2,single_head_calibration
4075,3,single_head_calibration
4076,0,single_head_calibration
4077,0,single_head_calibration
4078,2,single_head_calibration
4079,2,single_head_calibration
4080,0,single_head_calibration
4081,3,single_head_calibration
4082,3,single_head_calibration
4083,3,single_head_calibration
4084,3,single_head_calibration
4085,3,single_head_calibration
4086,3,single_head_calibration
4087,0,single_head_calibration
4088,0,single_head_calibration
4089,2,single_head_calibration
4090,3,multihead_evaluation
4091,1,single_head_calibration
4092,1,single_head_calibration
4093,2,single_head_calibration
4094,1,multihead_evaluation
4095,0,multihead_evaluation
4096,2,single_head_calibration
4097,3,single_head_calibration
4098,2,single_head_calibration
4099,1,single_head_calibration
4100,3,single_head_calibration
4101,2,single_head_calibration
4102,0,single_head_calibration
4103,3,single_head_calibration
4104,0,single_head_calibration
4105,3,single_head_calibration
4106,0,multihead_evaluation
4107,3,single_head_calibration
4108,0,single_head_calibration
4109,2,single_head_calibration
4110,2,single_head_calibration
4111,3,multihead_evaluation
4112,1,single_head_calibration
4113,1,single_head_calibration
4114,3,single_head_calibration
4115,3,single_head_calibration
4116,2,single_head_calibration
4117,0,single_head_calibration
4118,0,single_head_calibration
4119,2,single_head_calibration
4120,3,single_head_calibration
4121,3,single_head_calibration
4122,3,single_head_calibration
4123,2,single_head_calibration
4124,1,single_head_calibration
4125,1,multihead_evaluation
4126,1,single_head_calibration
4127,0,single_head_calibration
4128,2,multihead_evaluation
4129,1,single_head_calibration
4130,2,single_head_calibration
4131,3,single_head_calibration
4132,2,single_head_calibration
4133,2,single_head_calibration
4134,0,single_head_calibration
4135,1,single_head_calibration
4136,2,single_head_calibration
4137,0,single_head_calibration
4138,2,single_head_calibration
4139,0,multihead_evaluation
4140,3,single_head_calibration
4141,1,single_head_calibration
4142,1,single_head_calibration
4143,0,single_head_calibration
4144,1,single_head_calibration
4145,3,single_head_calibration
4146,0,multihead_evaluation
4147,0,single_head_calibration
4148,3,single_head_calibration
4149,2,single_head_calibration
4150,3,single_head_calibration
4151,2,single_head_calibration
4152,3,single_head_calibration
4153,3,single_head_calibration
4154,0,single_head_calibration
4155,0,single_head_calibration
4156,0,single_head_calibration
4157,2,single_head_calibration
4158,2,single_head_calibration
4159,3,single_head_calibration
4160,2,single_head_calibration
4161,2,single_head_calibration
4162,0,multihead_evaluation
4163,3,single_head_calibration
4164,2,multihead_evaluation
4165,2,multihead_evaluation
4166,2,multihead_evaluation
4167,1,multihead_evaluation
4168,2,single_head_calibration
4169,0,single_head_calibration
4170,1,single_head_calibration
4171,0,single_head_calibration
4172,2,single_head_calibration
4173,3,single_head_calibration
4174,3,single_head_calibration
4175,1,single_head_calibration
4176,0,single_head_calibration
4177,3,single_head_calibration
4178,0,single_head_calibration
4179,1,single_head_calibration
4180,1,single_head_calibration
4181,2,multihead_evaluation
4182,0,single_head_calibration
4183,0,single_head_calibration
4184,3,single_head_calibration
4185,2,single_head_calibration
4186,3,single_head_calibration
4187,3,multihead_evaluation
4188,0,single_head_calibration
4189,2,single_head_calibration
4190,1,single_head_calibration
4191,2,single_head_calibration
4192,1,multihead_evaluation
4193,1,single_head_calibration
4194,3,single_head_calibration
4195,3,single_head_calibration
4196,1,single_head_calibration
4197,0,single_head_calibration
4198,2,single_head_calibration
4199,1,single_head_calibration
4200,3,single_head_calibration
4201,3,single_head_calibration
4202,1,single_head_calibration
4203,3,multihead_evaluation
4204,1,single_head_calibration
4205,2,single_head_calibration
4206,1,single_head_calibration
4207,1,single_head_calibration
4208,0,single_head_calibration
4209,0,single_head_calibration
4210,2,single_head_calibration
4211,0,multihead_evaluation
4212,0,single_head_calibration
4213,1,single_head_calibration
4214,2,single_head_calibration
4215,1,single_head_calibration
4216,2,single_head_calibration
4217,0,single_head_calibration
4218,3,single_head_calibration
4219,2,single_head_calibration
4220,1,single_head_calibration
4221,2,single_head_calibration
4222,3,single_head_calibration
4223,2,single_head_calibration
4224,1,single_head_calibration
4225,3,multihead_evaluation
4226,3,single_head_calibration
4227,0,single_head_calibration
4228,2,single_head_calibration
4229,0,multihead_evaluation
4230,3,single_head_calibration
4231,3,multihead_evaluation
4232,3,single_head_calibration
4233,2,single_head_calibration
4234,0,multihead_evaluation
4235,2,single_head_calibration
4236,2,single_head_calibration
4237,1,single_head_calibration
4238,1,single_head_calibration
4239,1,single_head_calibration
4240,1,single_head_calibration
4241,2,single_head_calibration
4242,2,single_head_calibration
4243,0,single_head_calibration
4244,3,single_head_calibration
4245,3,multihead_evaluation
4246,0,single_head_calibration
4247,0,single_head_calibration
4248,3,single_head_calibration
4249,2,single_head_calibration
4250,0,single_head_calibration
4251,0,multihead_evaluation
4252,3,single_head_calibration
4253,2,single_head_calibration
4254,2,single_head_calibration
4255,2,single_head_calibration
4256,2,single_head_calibration
4257,3,multihead_evaluation
4258,3,single_head_calibration
4259,3,single_head_calibration
4260,1,single_head_calibration
4261,0,single_head_calibration
4262,0,single_head_calibration
4263,2,single_head_calibration
4264,3,single_head_calibration
4265,1,single_head_calibration
4266,3,single_head_calibration
4267,3,single_head_calibration
4268,3,multihead_evaluation
4269,2,single_head_calibration
4270,3,single_head_calibration
4271,1,single_head_calibration
4272,3,single_head_calibration
4273,1,single_head_calibration
4274,1,single_head_calibration
4275,2,single_head_calibration
4276,1,single_head_calibration
4277,3,single_head_calibration
4278,3,single_head_calibration
4279,1,single_head_calibration
4280,1,multihead_evaluation
4281,1,single_head_calibration
4282,0,single_head_calibration
4283,1,single_head_calibration
4284,2,single_head_calibration
4285,3,single_head_calibration
4286,0,single_head_calibration
4287,2,single_head_calibration
4288,2,multihead_evaluation
4289,2,single_head_calibration
4290,0,multihead_evaluation
4291,0,single_head_calibration
4292,2,single_head_calibration
4293,2,single_head_calibration
4294,3,single_head_calibration
4295,0,single_head_calibration
4296,1,single_head_calibration
4297,2,single_head_calibration
4298,1,single_head_calibration
4299,0,multihead_evaluation
4300,1,single_head_calibration
4301,1,single_head_calibration
4302,0,multihead_evaluation
4303,0,single_head_calibration
4304,2,single_head_calibration
4305,3,single_head_calibration
4306,3,multihead_evaluation
4307,0,multihead_evaluation
4308,2,single_head_calibration
4309,2,single_head_calibration
4310,2,single_head_calibration
4311,2,single_head_calibration
4312,3,single_head_calibration
4313,0,single_head_calibration
4314,1,single_head_calibration
4315,0,single_head_calibration
4316,3,single_head_calibration
4317,2,single_head_calibration
4318,3,single_head_calibration
4319,3,single_head_calibration
4320,3,single_head_calibration
4321,1,multihead_evaluation
4322,3,single_head_calibration
4323,3,single_head_calibration
4324,3,single_head_calibration
4325,0,single_head_calibration
4326,2,single_head_calibration
4327,2,single_head_calibration
4328,1,multihead_evaluation
4329,1,single_head_calibration
4330,1,single_head_calibration
4331,0,multihead_evaluation
4332,3,single_head_calibration
4333,1,single_head_calibration
4334,0,single_head_calibration
4335,2,single_head_calibration
4336,0,single_head_calibration
4337,2,single_head_calibration
4338,0,single_head_calibration
4339,0,single_head_calibration
4340,2,single_head_calibration
4341,1,single_head_calibration
4342,3,single_head_calibration
4343,1,single_head_calibration
4344,0,single_head_calibration
4345,1,single_head_calibration
4346,3,multihead_evaluation
4347,1,single_head_calibration
4348,1,single_head_calibration
4349,2,single_head_calibration
4350,1,single_head_calibration
4351,3,single_head_calibration
4352,1,single_head_calibration
4353,0,single_head_calibration
4354,2,multihead_evaluation
4355,1,single_head_calibration
4356,2,single_head_calibration
4357,0,single_head_calibration
4358,0,single_head_calibration
4359,2,single_head_calibration
4360,0,single_head_calibration
4361,1,single_head_calibration
4362,1,single_head_calibration
4363,2,single_head_calibration
4364,1,single_head_calibration
4365,2,single_head_calibration
4366,2,single_head_calibration
4367,1,single_head_calibration
4368,1,multihead_evaluation
4369,3,single_head_calibration
4370,1,single_head_calibration
4371,0,multihead_evaluation
4372,0,single_head_calibration
4373,1,single_head_calibration
4374,0,single_head_calibration
4375,0,single_head_calibration
4376,0,single_head_calibration
4377,1,single_head_calibration
4378,0,single_head_calibration
4379,1,single_head_calibration
4380,0,multihead_evaluation
4381,3,single_head_calibration
4382,3,single_head_calibration
4383,2,single_head_calibration
4384,1,single_head_calibration
4385,0,single_head_calibration
4386,0,single_head_calibration
4387,1,single_head_calibration
4388,2,multihead_evaluation
4389,0,single_head_calibration
4390,2,single_head_calibration
4391,1,single_head_calibration
4392,2,single_head_calibration
4393,1,single_head_calibration
4394,2,multihead_evaluation
4395,3,single_head_calibration
4396,0,single_head_calibration
4397,1,single_head_calibration
4398,0,single_head_calibration
4399,0,single_head_calibration
4400,2,single_head_calibration
4401,0,multihead_evaluation
4402,2,single_head_calibration
4403,0,single_head_calibration
4404,1,single_head_calibration
4405,1,single_head_calibration
4406,0,multihead_evaluation
4407,1,single_head_calibration
4408,2,multihead_evaluation
4409,0,single_head_calibration
4410,1,single_head_calibration
4411,1,single_head_calibration
4412,2,multihead_evaluation
4413,2,single_head_calibration
4414,0,single_head_calibration
4415,0,single_head_calibration
4416,0,single_head_calibration
4417,0,single_head_calibration
4418,1,single_head_calibration
4419,0,single_head_calibration
4420,1,single_head_calibration
4421,1,single_head_calibration
4422,0,single_head_calibration
4423,0,single_head_calibration
4424,1,single_head_calibration
4425,0,multihead_evaluation
4426,0,single_head_calibration
4427,1,single_head_calibration
4428,1,single_head_calibration
4429,1,single_head_calibration
4430,0,single_head_calibration
4431,1,single_head_calibration
4432,1,single_head_calibration
4433,1,single_head_calibration
4434,1,single_head_calibration
4435,2,multihead_evaluation
4436,2,single_head_calibration
4437,2,single_head_calibration
4438,1,single_head_calibration
4439,0,single_head_calibration
4440,2,single_head_calibration
4441,3,single_head_calibration
4442,3,single_head_calibration
4443,1,single_head_calibration
4444,0,single_head_calibration
4445,1,single_head_calibration
4446,1,single_head_calibration
4447,0,single_head_calibration
4448,2,single_head_calibration
4449,1,single_head_calibration
4450,1,single_head_calibration
4451,3,single_head_calibration
4452,0,single_head_calibration
4453,0,single_head_calibration
4454,1,single_head_calibration
4455,0,single_head_calibration
4456,0,single_head_calibration
4457,1,multihead_evaluation
4458,1,single_head_calibration
4459,0,single_head_calibration
4460,1,single_head_calibration
4461,1,single_head_calibration
4462,0,single_head_calibration
4463,0,single_head_calibration
4464,3,single_head_calibration
4465,1,single_head_calibration
4466,0,single_head_calibration
4467,3,single_head_calibration
4468,0,single_head_calibration
4469,0,single_head_calibration
4470,3,multihead_evaluation
4471,0,single_head_calibration
4472,2,single_head_calibration
4473,2,single_head_calibration
4474,2,single_head_calibration
4475,1,single_head_calibration
4476,1,single_head_calibration
4477,2,single_head_calibration
4478,2,single_head_calibration
4479,2,single_head_calibration
4480,3,single_head_calibration
4481,0,single_head_calibration
4482,3,single_head_calibration
4483,3,multihead_evaluation
4484,0,single_head_calibration
4485,0,single_head_calibration
4486,2,multihead_evaluation
4487,2,single_head_calibration
4488,3,single_head_calibration
4489,3,single_head_calibration
4490,2,single_head_calibration
4491,3,single_head_calibration
4492,1,single_head_calibration
4493,3,single_head_calibration
4494,3,single_head_calibration
4495,0,single_head_calibration
4496,2,single_head_calibration
4497,0,single_head_calibration
4498,3,single_head_calibration
4499,3,multihead_evaluation
4500,1,single_head_calibration
4501,2,single_head_calibration
4502,3,single_head_calibration
4503,3,single_head_calibration
4504,2,single_head_calibration
4505,1,single_head_calibration
4506,3,single_head_calibration
4507,3,single_head_calibration
4508,2,single_head_calibration
4509,1,single_head_calibration
4510,2,single_head_calibration
4511,1,single_head_calibration
4512,0,single_head_calibration
4513,1,single_head_calibration
4514,3,single_head_calibration
4515,3,single_head_calibration
4516,1,single_head_calibration
4517,2,single_head_calibration
4518,2,single_head_calibration
4519,0,single_head_calibration
4520,0,single_head_calibration
4521,2,single_head_calibration
4522,1,single_head_calibration
4523,2,single_head_calibration
4524,1,multihead_evaluation
4525,3,single_head_calibration
4526,1,single_head_calibration
4527,3,single_head_calibration
4528,0,single_head_calibration
4529,1,single_head_calibration
4530,0,single_head_calibration
4531,2,single_head_calibration
4532,1,single_head_calibration
4533,2,single_head_calibration
4534,0,single_head_calibration
4535,1,single_head_calibration
4536,2,multihead_evaluation
4537,1,single_head_calibration
4538,0,single_head_calibration
4539,1,single_head_calibration
4540,1,single_head_calibration
4541,0,multihead_evaluation
4542,2,single_head_calibration
4543,1,single_head_calibration
4544,0,single_head_calibration
4545,0,multihead_evaluation
4546,3,single_head_calibration
4547,3,single_head_calibration
4548,0,single_head_calibration
4549,0,multihead_evaluation
4550,3,single_head_calibration
4551,3,single_head_calibration
4552,2,single_head_calibration
4553,3,multihead_evaluation
4554,2,single_head_calibration
4555,3,single_head_calibration
4556,2,single_head_calibration
4557,3,single_head_calibration
4558,0,single_head_calibration
4559,3,single_head_calibration
4560,2,single_head_calibration
4561,0,single_head_calibration
4562,2,single_head_calibration
4563,0,single_head_calibration
4564,3,single_head_calibration
4565,2,single_head_calibration
4566,2,single_head_calibration
4567,0,single_head_calibration
4568,2,multihead_evaluation
4569,3,single_head_calibration
4570,0,single_head_calibration
4571,2,single_head_calibration
4572,2,single_head_calibration
4573,1,single_head_calibration
4574,0,single_head_calibration
4575,0,single_head_calibration
4576,3,single_head_calibration
4577,0,single_head_calibration
4578,0,single_head_calibration
4579,2,multihead_evaluation
4580,2,single_head_calibration
4581,1,single_head_calibration
4582,3,single_head_calibration
4583,1,single_head_calibration
4584,3,single_head_calibration
4585,3,single_head_calibration
4586,1,single_head_calibration
4587,2,multihead_evaluation
4588,3,multihead_evaluation
4589,0,single_head_calibration
4590,0,single_head_calibration
4591,2,single_head_calibration
4592,2,single_head_calibration
4593,3,single_head_calibration
4594,3,single_head_calibration
4595,1,single_head_calibration
4596,3,single_head_calibration
4597,3,single_head_calibration
4598,0,single_head_calibration
4599,2,single_head_calibration
4600,3,single_head_calibration
4601,1,single_head_calibration
4602,0,single_head_calibration
4603,2,single_head_calibration
4604,3,single_head_calibration
4605,3,single_head_calibration
4606,1,single_head_calibration
4607,0,single_head_calibration
4608,3,single_head_calibration
4609,3,multihead_evaluation
4610,3,single_head_calibration
4611,2,single_head_calibration
4612,0,multihead_evaluation
4613,2,single_head_calibration
4614,1,single_head_calibration
4615,1,single_head_calibration
4616,0,single_head_calibration
4617,3,multihead_evaluation
4618,2,single_head_calibration
4619,1,single_head_calibration
4620,0,single_head_calibration
4621,0,single_head_calibration
4622,3,multihead_evaluation
4623,3,single_head_calibration
4624,0,single_head_calibration
4625,1,single_head_calibration
4626,1,single_head_calibration
4627,2,single_head_calibration
4628,1,single_head_calibration
4629,2,single_head_calibration
4630,1,single_head_calibration
4631,1,single_head_calibration
4632,1,single_head_calibration
4633,2,single_head_calibration
4634,1,single_head_calibration
4635,2,single_head_calibration
4636,1,single_head_calibration
4637,0,single_head_calibration
4638,2,single_head_calibration
4639,0,single_head_calibration
4640,1,single_head_calibration
4641,3,single_head_calibration
4642,0,single_head_calibration
4643,3,single_head_calibration
4644,0,single_head_calibration
4645,2,single_head_calibration
4646,1,single_head_calibration
4647,0,single_head_calibration
4648,3,multihead_evaluation
4649,1,single_head_calibration
4650,0,multihead_evaluation
4651,0,single_head_calibration
4652,2,single_head_calibration
4653,2,single_head_calibration
4654,0,single_head_calibration
4655,3,single_head_calibration
4656,0,single_head_calibration
4657,0,single_head_calibration
4658,1,single_head_calibration
4659,1,single_head_calibration
4660,1,multihead_evaluation
4661,2,single_head_calibration
4662,3,single_head_calibration
4663,3,single_head_calibration
4664,0,multihead_evaluation
4665,3,single_head_calibration
4666,0,single_head_calibration
4667,2,multihead_evaluation
4668,0,single_head_calibration
4669,0,single_head_calibration
4670,2,single_head_calibration
4671,3,single_head_calibration
4672,0,single_head_calibration
4673,2,single_head_calibration
4674,3,single_head_calibration
4675,0,single_head_calibration
4676,3,single_head_calibration
4677,0,single_head_calibration
4678,3,single_head_calibration
4679,0,single_head_calibration
4680,2,single_head_calibration
4681,2,single_head_calibration
4682,3,single_head_calibration
4683,0,single_head_calibration
4684,2,multihead_evaluation
4685,2,single_head_calibration
4686,2,single_head_calibration
4687,2,single_head_calibration
4688,2,single_head_calibration
4689,2,single_head_calibration
4690,1,single_head_calibration
4691,2,single_head_calibration
4692,0,multihead_evaluation
4693,1,single_head_calibration
4694,3,single_head_calibration
4695,1,single_head_calibration
4696,1,single_head_calibration
4697,0,single_head_calibration
4698,1,single_head_calibration
4699,0,single_head_calibration
4700,0,multihead_evaluation
4701,3,single_head_calibration
4702,1,single_head_calibration
4703,2,single_head_calibration
4704,3,single_head_calibration
4705,1,single_head_calibration
4706,3,multihead_evaluation
4707,1,single_head_calibration
4708,0,multihead_evaluation
4709,0,single_head_calibration
4710,1,single_head_calibration
4711,0,single_head_calibration
4712,0,single_head_calibration
4713,2,single_head_calibration
4714,3,single_head_calibration
4715,0,single_head_calibration
4716,0,single_head_calibration
4717,2,single_head_calibration
4718,0,single_head_calibration
4719,2,single_head_calibration
4720,0,single_head_calibration
4721,3,single_head_calibration
4722,2,single_head_calibration
4723,1,single_head_calibration
4724,1,single_head_calibration
4725,1,single_head_calibration
4726,0,single_head_calibration
4727,2,single_head_calibration
4728,1,multihead_evaluation
4729,1,single_head_calibration
4730,1,single_head_calibration
4731,1,single_head_calibration
4732,1,single_head_calibration
4733,1,single_head_calibration
4734,0,multihead_evaluation
4735,2,single_head_calibration
4736,0,single_head_calibration
4737,3,single_head_calibration
4738,3,single_head_calibration
4739,2,multihead_evaluation
4740,3,single_head_calibration
4741,3,single_head_calibration
4742,3,single_head_calibration
4743,1,multihead_evaluation
4744,3,single_head_calibration
4745,1,single_head_calibration
4746,2,single_head_calibration
4747,1,single_head_calibration
4748,0,single_head_calibration
4749,3,multihead_evaluation
4750,2,single_head_calibration
4751,2,single_head_calibration
4752,0,single_head_calibration
4753,2,single_head_calibration
4754,3,single_head_calibration
4755,1,single_head_calibration
4756,2,single_head_calibration
4757,0,single_head_calibration
4758,2,multihead_evaluation
4759,2,multihead_evaluation
4760,3,single_head_calibration
4761,0,single_head_calibration
4762,3,single_head_calibration
4763,3,single_head_calibration
4764,0,single_head_calibration
4765,2,single_head_calibration
4766,2,multihead_evaluation
4767,3,single_head_calibration
4768,2,single_head_calibration
4769,2,single_head_calibration
4770,1,multihead_evaluation
4771,3,single_head_calibration
4772,1,single_head_calibration
4773,2,single_head_calibration
4774,0,single_head_calibration
4775,3,single_head_calibration
4776,3,single_head_calibration
4777,1,single_head_calibration
4778,3,multihead_evaluation
4779,3,multihead_evaluation
4780,1,single_head_calibration
4781,1,single_head_calibration
4782,2,multihead_evaluation
4783,2,single_head_calibration
4784,3,single_head_calibration
4785,1,single_head_calibration
4786,1,single_head_calibration
4787,3,multihead_evaluation
4788,0,single_head_calibration
4789,3,single_head_calibration
4790,0,single_head_calibration
4791,3,multihead_evaluation
4792,3,single_head_calibration
4793,3,single_head_calibration
4794,2,multihead_evaluation
4795,2,single_head_calibration
4796,3,single_head_calibration
4797,0,single_head_calibration
4798,2,single_head_calibration
4799,0,single_head_calibration
4800,0,single_head_calibration
4801,3,single_head_calibration
4802,0,single_head_calibration
4803,3,single_head_calibration
4804,0,single_head_calibration
4805,1,multihead_evaluation
4806,3,single_head_calibration
4807,2,single_head_calibration
4808,1,single_head_calibration
4809,1,single_head_calibration
4810,2,single_head_calibration
4811,0,single_head_calibration
4812,0,single_head_calibration
4813,0,single_head_calibration
4814,0,single_head_calibration
4815,3,single_head_calibration
4816,0,single_head_calibration
4817,1,single_head_calibration
4818,3,single_head_calibration
4819,1,single_head_calibration
4820,0,multihead_evaluation
4821,0,single_head_calibration
4822,2,single_head_calibration
4823,1,single_head_calibration
4824,2,single_head_calibration
4825,1,single_head_calibration
4826,3,single_head_calibration
4827,1,multihead_evaluation
4828,2,single_head_calibration
4829,3,single_head_calibration
4830,1,single_head_calibration
4831,3,single_head_calibration
4832,2,single_head_calibration
4833,1,single_head_calibration
4834,0,single_head_calibration
4835,2,single_head_calibration
4836,2,single_head_calibration
4837,2,single_head_calibration
4838,0,single_head_calibration
4839,2,single_head_calibration
4840,2,single_head_calibration
4841,0,single_head_calibration
4842,1,single_head_calibration
4843,0,multihead_evaluation
4844,3,single_head_calibration
4845,1,single_head_calibration
4846,0,single_head_calibration
4847,3,single_head_calibration
4848,1,single_head_calibration
4849,2,single_head_calibration
4850,3,single_head_calibration
4851,1,single_head_calibration
4852,0,multihead_evaluation
4853,3,single_head_calibration
4854,1,single_head_calibration
4855,3,single_head_calibration
4856,2,single_head_calibration
4857,3,single_head_calibration
4858,0,single_head_calibration
4859,0,single_head_calibration
4860,3,single_head_calibration
4861,0,single_head_calibration
4862,2,single_head_calibration
4863,0,single_head_calibration
4864,2,single_head_calibration
4865,2,single_head_calibration
4866,3,single_head_calibration
4867,3,single_head_calibration
4868,1,single_head_calibration
4869,3,single_head_calibration
4870,3,single_head_calibration
4871,0,single_head_calibration
4872,3,multihead_evaluation
4873,0,single_head_calibration
4874,0,single_head_calibration
4875,1,single_head_calibration
4876,1,single_head_calibration
4877,3,single_head_calibration
4878,1,single_head_calibration
4879,1,single_head_calibration
4880,0,single_head_calibration
4881,0,multihead_evaluation
4882,1,single_head_calibration
4883,3,single_head_calibration
4884,1,multihead_evaluation
4885,3,single_head_calibration
4886,0,single_head_calibration
4887,1,multihead_evaluation
4888,3,single_head_calibration
4889,1,single_head_calibration
4890,0,single_head_calibration
4891,3,single_head_calibration
4892,1,single_head_calibration
4893,0,single_head_calibration
4894,1,single_head_calibration
4895,1,single_head_calibration
4896,1,single_head_calibration
4897,0,single_head_calibration
4898,3,multihead_evaluation
4899,1,single_head_calibration
4900,0,single_head_calibration
4901,1,single_head_calibration
4902,2,single_head_calibration
4903,1,multihead_evaluation
4904,3,single_head_calibration
4905,1,multihead_evaluation
4906,2,single_head_calibration
4907,1,multihead_evaluation
4908,2,multihead_evaluation
4909,0,single_head_calibration
4910,0,single_head_calibration
4911,1,single_head_calibration
4912,1,single_head_calibration
4913,1,single_head_calibration
4914,1,single_head_calibration
4915,3,single_head_calibration
4916,2,multihead_evaluation
4917,3,single_head_calibration
4918,0,single_head_calibration
4919,1,single_head_calibration
4920,1,single_head_calibration
4921,3,single_head_calibration
4922,0,single_head_calibration
4923,0,single_head_calibration
4924,0,single_head_calibration
4925,1,single_head_calibration
4926,0,single_head_calibration
4927,1,single_head_calibration
4928,3,single_head_calibration
4929,2,single_head_calibration
4930,1,single_head_calibration
4931,2,single_head_calibration
4932,3,single_head_calibration
4933,1,single_head_calibration
4934,2,single_head_calibration
4935,1,multihead_evaluation
4936,3,single_head_calibration
4937,0,single_head_calibration
4938,1,single_head_calibration
4939,0,single_head_calibration
4940,2,single_head_calibration
4941,2,single_head_calibration
4942,3,single_head_calibration
4943,2,single_head_calibration
4944,3,single_head_calibration
4945,0,multihead_evaluation
4946,1,single_head_calibration
4947,3,single_head_calibration
4948,0,single_head_calibration
4949,3,single_head_calibration
4950,2,single_head_calibration
4951,1,single_head_calibration
4952,2,single_head_calibration
4953,1,single_head_calibration
4954,1,single_head_calibration
4955,2,single_head_calibration
4956,1,single_head_calibration
4957,3,single_head_calibration
4958,3,single_head_calibration
4959,2,single_head_calibration
4960,3,single_head_calibration
4961,2,single_head_calibration
4962,2,multihead_evaluation
4963,2,single_head_calibration
4964,1,single_head_calibration
4965,3,multihead_evaluation
4966,2,single_head_calibration
4967,0,single_head_calibration
4968,1,single_head_calibration
4969,2,single_head_calibration
4970,1,single_head_calibration
4971,0,single_head_calibration
4972,2,single_head_calibration
4973,1,single_head_calibration
4974,1,single_head_calibration
4975,2,single_head_calibration
4976,2,single_head_calibration
4977,1,single_head_calibration
4978,3,single_head_calibration
4979,2,single_head_calibration
4980,2,single_head_calibration
4981,2,single_head_calibration
4982,0,single_head_calibration
4983,3,multihead_evaluation
4984,2,single_head_calibration
4985,1,single_head_calibration
4986,2,single_head_calibration
4987,2,single_head_calibration
4988,3,single_head_calibration
4989,2,single_head_calibration
4990,0,single_head_calibration
4991,2,single_head_calibration
4992,0,single_head_calibration
4993,1,single_head_calibration
4994,2,multihead_evaluation
4995,1,single_head_calibration
4996,1,single_head_calibration
4997,0,single_head_calibration
4998,1,single_head_calibration
4999,2,single_head_calibration
5000,2,single_head_calibration
5001,2,single_head_calibration
5002,1,single_head_calibration
5003,3,single_head_calibration
5004,2,multihead_evaluation
5005,1,multihead_evaluation
5006,3,single_head_calibration
5007,2,single_head_calibration
5008,0,single_head_calibration
5009,1,single_head_calibration
5010,0,single_head_calibration
5011,0,single_head_calibration
5012,0,single_head_calibration
5013,3,single_head_calibration
5014,0,multihead_evaluation
5015,1,single_head_calibration
5016,1,single_head_calibration
5017,1,single_head_calibration
5018,2,single_head_calibration
5019,2,single_head_calibration
5020,2,single_head_calibration
5021,1,single_head_calibration
5022,1,single_head_calibration
5023,3,single_head_calibration
5024,1,single_head_calibration
5025,2,single_head_calibration
5026,1,multihead_evaluation
5027,1,single_head_calibration
5028,2,single_head_calibration
5029,1,single_head_calibration
5030,1,single_head_calibration
5031,2,multihead_evaluation
5032,2,single_head_calibration
5033,0,single_head_calibration
5034,2,single_head_calibration
5035,2,single_head_calibration
5036,3,single_head_calibration
5037,1,single_head_calibration
5038,3,single_head_calibration
5039,0,single_head_calibration
5040,2,single_head_calibration
5041,0,single_head_calibration
5042,0,single_head_calibration
5043,3,single_head_calibration
5044,2,single_head_calibration
5045,3,single_head_calibration
5046,1,single_head_calibration
5047,2,single_head_calibration
5048,3,single_head_calibration
5049,1,multihead_evaluation
5050,2,single_head_calibration
5051,2,single_head_calibration
5052,1,single_head_calibration
5053,3,single_head_calibration
5054,2,single_head_calibration
5055,0,single_head_calibration
5056,3,single_head_calibration
5057,1,single_head_calibration
5058,1,single_head_calibration
5059,2,single_head_calibration
5060,3,single_head_calibration
5061,1,single_head_calibration
5062,2,single_head_calibration
5063,2,single_head_calibration
5064,2,single_head_calibration
5065,3,single_head_calibration
5066,1,single_head_calibration
5067,2,single_head_calibration
5068,0,single_head_calibration
5069,0,single_head_calibration
5070,2,single_head_calibration
5071,1,single_head_calibration
5072,3,single_head_calibration
5073,1,single_head_calibration
5074,2,multihead_evaluation
5075,2,single_head_calibration
5076,2,multihead_evaluation
5077,2,single_head_calibration
5078,0,single_head_calibration
5079,1,single_head_calibration
5080,3,single_head_calibration
5081,3,single_head_calibration
5082,0,single_head_calibration
5083,2,single_head_calibration
5084,2,single_head_calibration
5085,1,multihead_evaluation
5086,0,single_head_calibration
5087,2,single_head_calibration
5088,3,single_head_calibration
5089,0,single_head_calibration
5090,2,single_head_calibration
5091,3,single_head_calibration
5092,2,single_head_calibration
5093,3,single_head_calibration
5094,3,single_head_calibration
5095,1,multihead_evaluation
5096,0,single_head_calibration
5097,1,single_head_calibration
5098,1,single_head_calibration
5099,1,single_head_calibration
5100,3,multihead_evaluation
5101,3,single_head_calibration
5102,2,single_head_calibration
5103,3,multihead_evaluation
5104,1,multihead_evaluation
5105,2,single_head_calibration
5106,2,single_head_calibration
5107,0,single_head_calibration
5108,2,single_head_calibration
5109,2,single_head_calibration
5110,1,single_head_calibration
5111,3,multihead_evaluation
5112,0,single_head_calibration
5113,2,single_head_calibration
5114,3,single_head_calibration
5115,3,single_head_calibration
5116,0,multihead_evaluation
5117,2,single_head_calibration
5118,0,single_head_calibration
5119,2,single_head_calibration
5120,1,multihead_evaluation
5121,0,multihead_evaluation
5122,0,single_head_calibration
5123,3,single_head_calibration
5124,0,single_head_calibration
5125,0,single_head_calibration
5126,2,single_head_calibration
5127,3,single_head_calibration
5128,0,single_head_calibration
5129,2,single_head_calibration
5130,3,single_head_calibration
5131,3,single_head_calibration
5132,3,single_head_calibration
5133,2,single_head_calibration
5134,3,multihead_evaluation
5135,3,single_head_calibration
5136,3,single_head_calibration
5137,2,single_head_calibration
5138,3,single_head_calibration
5139,3,single_head_calibration
5140,3,single_head_calibration
5141,3,single_head_calibration
5142,0,single_head_calibration
5143,2,single_head_calibration
5144,3,single_head_calibration
5145,3,multihead_evaluation
5146,2,multihead_evaluation
5147,3,multihead_evaluation
5148,3,single_head_calibration
5149,2,single_head_calibration
5150,0,multihead_evaluation
5151,3,single_head_calibration
5152,3,single_head_calibration
5153,2,multihead_evaluation
5154,3,single_head_calibration
5155,0,single_head_calibration
5156,0,single_head_calibration
5157,1,single_head_calibration
5158,2,single_head_calibration
5159,3,single_head_calibration
5160,2,single_head_calibration
5161,3,single_head_calibration
5162,2,single_head_calibration
5163,0,single_head_calibration
5164,0,single_head_calibration
5165,2,single_head_calibration
5166,3,single_head_calibration
5167,3,single_head_calibration
5168,1,single_head_calibration
5169,0,multihead_evaluation
5170,3,single_head_calibration
5171,3,single_head_calibration
5172,2,single_head_calibration
5173,2,single_head_calibration
5174,0,single_head_calibration
5175,2,single_head_calibration
5176,2,single_head_calibration
5177,3,single_head_calibration
5178,1,single_head_calibration
5179,3,single_head_calibration
5180,3,single_head_calibration
5181,3,single_head_calibration
5182,3,single_head_calibration
5183,1,single_head_calibration
5184,0,single_head_calibration
5185,3,multihead_evaluation
5186,3,single_head_calibration
5187,3,single_head_calibration
5188,0,single_head_calibration
5189,3,single_head_calibration
5190,3,single_head_calibration
5191,0,single_head_calibration
5192,3,single_head_calibration
5193,0,single_head_calibration
5194,1,single_head_calibration
5195,1,multihead_evaluation
5196,3,single_head_calibration
5197,2,single_head_calibration
5198,1,multihead_evaluation
5199,2,single_head_calibration
5200,1,single_head_calibration
5201,0,single_head_calibration
5202,1,single_head_calibration
5203,0,single_head_calibration
5204,2,single_head_calibration
5205,1,multihead_evaluation
5206,0,single_head_calibration
5207,0,single_head_calibration
5208,0,single_head_calibration
5209,1,single_head_calibration
5210,1,single_head_calibration
5211,1,single_head_calibration
5212,1,single_head_calibration
5213,1,single_head_calibration
5214,1,single_head_calibration
5215,1,multihead_evaluation
5216,2,single_head_calibration
5217,2,single_head_calibration
5218,1,single_head_calibration
5219,0,single_head_calibration
5220,1,single_head_calibration
5221,0,single_head_calibration
5222,2,single_head_calibration
5223,2,single_head_calibration
5224,2,single_head_calibration
5225,2,single_head_calibration
5226,1,single_head_calibration
5227,0,single_head_calibration
5228,1,single_head_calibration
5229,1,single_head_calibration
5230,0,single_head_calibration
5231,0,single_head_calibration
5232,2,single_head_calibration
5233,3,single_head_calibration
5234,1,single_head_calibration
5235,0,multihead_evaluation
5236,0,single_head_calibration
5237,0,single_head_calibration
5238,3,single_head_calibration
5239,1,single_head_calibration
5240,1,single_head_calibration
5241,1,multihead_evaluation
5242,1,single_head_calibration
5243,0,single_head_calibration
5244,2,single_head_calibration
5245,0,single_head_calibration
5246,0,single_head_calibration
5247,0,single_head_calibration
5248,1,single_head_calibration
5249,0,single_head_calibration
5250,0,single_head_calibration
5251,0,single_head_calibration
5252,2,single_head_calibration
5253,1,single_head_calibration
5254,0,single_head_calibration
5255,0,single_head_calibration
5256,0,single_head_calibration
5257,0,single_head_calibration
5258,2,multihead_evaluation
5259,2,single_head_calibration
5260,3,single_head_calibration
5261,1,single_head_calibration
5262,1,single_head_calibration
5263,0,single_head_calibration
5264,3,single_head_calibration
5265,3,multihead_evaluation
5266,2,multihead_evaluation
5267,1,single_head_calibration
5268,1,single_head_calibration
5269,1,single_head_calibration
5270,2,single_head_calibration
5271,0,single_head_calibration
5272,0,single_head_calibration
5273,2,single_head_calibration
5274,0,single_head_calibration
5275,3,multihead_evaluation
5276,0,single_head_calibration
5277,2,multihead_evaluation
5278,1,single_head_calibration
5279,1,single_head_calibration
5280,2,single_head_calibration
5281,2,single_head_calibration
5282,2,single_head_calibration
5283,2,multihead_evaluation
5284,1,single_head_calibration
5285,2,multihead_evaluation
5286,0,single_head_calibration
5287,0,single_head_calibration
5288,3,multihead_evaluation
5289,1,single_head_calibration
5290,1,multihead_evaluation
5291,0,single_head_calibration
5292,2,multihead_evaluation
5293,3,single_head_calibration
5294,1,single_head_calibration
5295,2,single_head_calibration
5296,0,single_head_calibration
5297,3,multihead_evaluation
5298,3,single_head_calibration
5299,2,single_head_calibration
5300,2,single_head_calibration
5301,2,single_head_calibration
5302,2,single_head_calibration
5303,2,single_head_calibration
5304,0,multihead_evaluation
5305,3,single_head_calibration
5306,3,multihead_evaluation
5307,3,single_head_calibration
5308,2,single_head_calibration
5309,2,single_head_calibration
5310,0,single_head_calibration
5311,3,multihead_evaluation
5312,3,single_head_calibration
5313,2,single_head_calibration
5314,2,single_head_calibration
5315,2,single_head_calibration
5316,2,multihead_evaluation
5317,3,single_head_calibration
5318,3,single_head_calibration
5319,1,single_head_calibration
5320,0,single_head_calibration
5321,2,single_head_calibration
5322,3,single_head_calibration
5323,3,single_head_calibration
5324,3,single_head_calibration
5325,3,single_head_calibration
5326,3,single_head_calibration
5327,1,single_head_calibration
5328,3,single_head_calibration
5329,3,single_head_calibration
5330,3,single_head_calibration
5331,3,single_head_calibration
5332,1,single_head_calibration
5333,2,single_head_calibration
5334,1,single_head_calibration
5335,2,single_head_calibration
5336,2,single_head_calibration
5337,0,single_head_calibration
5338,3,single_head_calibration
5339,3,single_head_calibration
5340,3,single_head_calibration
5341,3,single_head_calibration
5342,3,single_head_calibration
5343,2,single_head_calibration
5344,2,single_head_calibration
5345,3,single_head_calibration
5346,2,single_head_calibration
5347,3,single_head_calibration
5348,1,single_head_calibration
5349,0,single_head_calibration
5350,2,single_head_calibration
5351,3,single_head_calibration
5352,1,single_head_calibration
5353,2,single_head_calibration
5354,3,single_head_calibration
5355,1,multihead_evaluation
5356,0,single_head_calibration
5357,3,single_head_calibration
5358,0,single_head_calibration
5359,0,single_head_calibration
5360,0,single_head_calibration
5361,3,single_head_calibration
5362,1,single_head_calibration
5363,2,single_head_calibration
5364,2,single_head_calibration
5365,2,single_head_calibration
5366,2,single_head_calibration
5367,3,single_head_calibration
5368,1,multihead_evaluation
5369,0,single_head_calibration
5370,2,single_head_calibration
5371,2,single_head_calibration
5372,3,single_head_calibration
5373,3,single_head_calibration
5374,2,single_head_calibration
5375,2,single_head_calibration
5376,3,single_head_calibration
5377,1,single_head_calibration
5378,0,single_head_calibration
5379,0,multihead_evaluation
5380,2,single_head_calibration
5381,2,single_head_calibration
5382,3,single_head_calibration
5383,0,multihead_evaluation
5384,0,single_head_calibration
5385,3,single_head_calibration
5386,3,single_head_calibration
5387,3,single_head_calibration
5388,3,single_head_calibration
5389,1,single_head_calibration
5390,3,multihead_evaluation
5391,3,single_head_calibration
5392,2,single_head_calibration
5393,3,single_head_calibration
5394,3,single_head_calibration
5395,3,single_head_calibration
5396,2,single_head_calibration
5397,3,single_head_calibration
5398,3,single_head_calibration
5399,2,single_head_calibration
5400,1,single_head_calibration
5401,1,single_head_calibration
5402,3,single_head_calibration
5403,2,single_head_calibration
5404,2,single_head_calibration
5405,2,single_head_calibration
5406,1,single_head_calibration
5407,1,single_head_calibration
5408,3,single_head_calibration
5409,3,single_head_calibration
5410,3,single_head_calibration
5411,3,single_head_calibration
5412,0,single_head_calibration
5413,2,single_head_calibration
5414,3,single_head_calibration
5415,0,single_head_calibration
5416,3,multihead_evaluation
5417,3,multihead_evaluation
5418,2,single_head_calibration
5419,2,single_head_calibration
5420,0,single_head_calibration
5421,3,single_head_calibration
5422,3,single_head_calibration
5423,2,single_head_calibration
5424,1,single_head_calibration
5425,1,single_head_calibration
5426,2,multihead_evaluation
5427,3,single_head_calibration
5428,3,multihead_evaluation
5429,0,single_head_calibration
5430,1,single_head_calibration
5431,2,single_head_calibration
5432,2,single_head_calibration
5433,2,single_head_calibration
5434,3,multihead_evaluation
5435,3,single_head_calibration
5436,3,single_head_calibration
5437,1,single_head_calibration
5438,3,single_head_calibration
5439,3,single_head_calibration
5440,0,single_head_calibration
5441,0,single_head_calibration
5442,3,single_head_calibration
5443,1,multihead_evaluation
5444,0,single_head_calibration
5445,0,single_head_calibration
5446,3,single_head_calibration
5447,2,single_head_calibration
5448,2,multihead_evaluation
5449,1,single_head_calibration
5450,2,single_head_calibration
5451,0,single_head_calibration
5452,3,single_head_calibration
5453,3,single_head_calibration
5454,0,multihead_evaluation
5455,3,single_head_calibration
5456,1,single_head_calibration
5457,3,single_head_calibration
5458,1,multihead_evaluation
5459,1,single_head_calibration
5460,2,multihead_evaluation
5461,3,single_head_calibration
5462,3,multihead_evaluation
5463,0,single_head_calibration
5464,3,single_head_calibration
5465,2,single_head_calibration
5466,3,single_head_calibration
5467,1,single_head_calibration
5468,3,single_head_calibration
5469,3,single_head_calibration
5470,2,single_head_calibration
5471,0,single_head_calibration
5472,2,multihead_evaluation
5473,1,single_head_calibration
5474,2,multihead_evaluation
5475,2,single_head_calibration
5476,2,single_head_calibration
5477,3,multihead_evaluation
5478,1,single_head_calibration
5479,2,single_head_calibration
5480,3,single_head_calibration
5481,2,single_head_calibration
5482,3,single_head_calibration
5483,2,single_head_calibration
5484,1,single_head_calibration
5485,3,multihead_evaluation
5486,3,multihead_evaluation
5487,0,single_head_calibration
5488,0,single_head_calibration
5489,2,single_head_calibration
5490,1,single_head_calibration
5491,1,single_head_calibration
5492,2,single_head_calibration
5493,2,single_head_calibration
5494,1,single_head_calibration
5495,2,single_head_calibration
5496,1,single_head_calibration
5497,0,single_head_calibration
5498,2,multihead_evaluation
5499,1,single_head_calibration
5500,0,single_head_calibration
5501,2,single_head_calibration
5502,2,single_head_calibration
5503,1,single_head_calibration
5504,2,single_head_calibration
5505,2,single_head_calibration
5506,2,single_head_calibration
5507,1,single_head_calibration
5508,3,multihead_evaluation
5509,1,single_head_calibration
5510,0,single_head_calibration
5511,3,single_head_calibration
5512,3,single_head_calibration
5513,0,single_head_calibration
5514,3,single_head_calibration
5515,3,multihead_evaluation
5516,0,multihead_evaluation
5517,0,multihead_evaluation
5518,2,multihead_evaluation
5519,2,single_head_calibration
5520,0,single_head_calibration
5521,0,single_head_calibration
5522,1,single_head_calibration
5523,2,single_head_calibration
5524,2,single_head_calibration
5525,3,single_head_calibration
5526,3,single_head_calibration
5527,0,single_head_calibration
5528,2,single_head_calibration
5529,1,single_head_calibration
5530,2,single_head_calibration
5531,3,single_head_calibration
5532,2,single_head_calibration
5533,3,single_head_calibration
5534,0,single_head_calibration
5535,2,single_head_calibration
5536,1,single_head_calibration
5537,3,single_head_calibration
5538,1,single_head_calibration
5539,0,single_head_calibration
5540,2,single_head_calibration
5541,2,single_head_calibration
5542,2,single_head_calibration
5543,1,single_head_calibration
5544,0,single_head_calibration
5545,3,single_head_calibration
5546,3,single_head_calibration
5547,1,multihead_evaluation
5548,2,single_head_calibration
5549,0,single_head_calibration
5550,0,single_head_calibration
5551,3,multihead_evaluation
5552,1,single_head_calibration
5553,0,single_head_calibration
5554,2,multihead_evaluation
5555,3,single_head_calibration
5556,3,single_head_calibration
5557,1,single_head_calibration
5558,3,single_head_calibration
5559,2,single_head_calibration
5560,1,single_head_calibration
5561,0,single_head_calibration
5562,2,single_head_calibration
5563,1,single_head_calibration
5564,0,single_head_calibration
5565,3,multihead_evaluation
5566,0,single_head_calibration
5567,3,single_head_calibration
5568,0,single_head_calibration
5569,1,single_head_calibration
5570,1,single_head_calibration
5571,1,single_head_calibration
5572,1,single_head_calibration
5573,2,single_head_calibration
5574,2,single_head_calibration
5575,0,single_head_calibration
5576,1,single_head_calibration
5577,1,single_head_calibration
5578,0,multihead_evaluation
5579,0,multihead_evaluation
5580,2,single_head_calibration
5581,3,single_head_calibration
5582,2,single_head_calibration
5583,1,single_head_calibration
5584,0,single_head_calibration
5585,1,single_head_calibration
5586,2,single_head_calibration
5587,3,single_head_calibration
5588,0,multihead_evaluation
5589,0,multihead_evaluation
5590,2,single_head_calibration
5591,2,single_head_calibration
5592,2,single_head_calibration
5593,2,single_head_calibration
5594,1,single_head_calibration
5595,0,single_head_calibration
5596,0,single_head_calibration
5597,0,single_head_calibration
5598,3,single_head_calibration
5599,1,single_head_calibration
5600,2,single_head_calibration
5601,2,single_head_calibration
5602,2,single_head_calibration
5603,3,single_head_calibration
5604,3,single_head_calibration
5605,3,single_head_calibration
5606,1,single_head_calibration
5607,0,single_head_calibration
5608,0,single_head_calibration
5609,3,single_head_calibration
5610,0,single_head_calibration
5611,3,multihead_evaluation
5612,0,single_head_calibration
5613,0,single_head_calibration
5614,0,single_head_calibration
5615,0,multihead_evaluation
5616,3,single_head_calibration
5617,0,single_head_calibration
5618,2,single_head_calibration
5619,3,single_head_calibration
5620,3,multihead_evaluation
5621,2,single_head_calibration
5622,3,single_head_calibration
5623,2,single_head_calibration
5624,1,single_head_calibration
5625,3,single_head_calibration
5626,3,single_head_calibration
5627,3,single_head_calibration
5628,2,single_head_calibration
5629,3,single_head_calibration
5630,0,single_head_calibration
5631,1,single_head_calibration
5632,0,single_head_calibration
5633,0,single_head_calibration
5634,3,multihead_evaluation
5635,2,single_head_calibration
5636,1,single_head_calibration
5637,0,multihead_evaluation
5638,2,single_head_calibration
5639,3,single_head_calibration
5640,2,single_head_calibration
5641,0,single_head_calibration
5642,0,single_head_calibration
5643,1,single_head_calibration
5644,0,single_head_calibration
5645,1,multihead_evaluation
5646,0,single_head_calibration
5647,0,single_head_calibration
5648,1,single_head_calibration
5649,0,single_head_calibration
5650,2,single_head_calibration
5651,3,single_head_calibration
5652,3,multihead_evaluation
5653,1,single_head_calibration
5654,1,single_head_calibration
5655,0,multihead_evaluation
5656,1,multihead_evaluation
5657,2,single_head_calibration
5658,1,single_head_calibration
5659,3,single_head_calibration
5660,0,single_head_calibration
5661,1,single_head_calibration
5662,3,single_head_calibration
5663,1,single_head_calibration
5664,1,single_head_calibration
5665,1,single_head_calibration
5666,2,single_head_calibration
5667,3,single_head_calibration
5668,1,single_head_calibration
5669,1,single_head_calibration
5670,1,single_head_calibration
5671,1,single_head_calibration
5672,0,single_head_calibration
5673,1,single_head_calibration
5674,2,multihead_evaluation
5675,1,single_head_calibration
5676,1,single_head_calibration
5677,1,single_head_calibration
5678,2,single_head_calibration
5679,1,multihead_evaluation
5680,1,single_head_calibration
5681,3,multihead_evaluation
5682,0,single_head_calibration
5683,3,multihead_evaluation
5684,3,multihead_evaluation
5685,0,single_head_calibration
5686,3,single_head_calibration
5687,3,single_head_calibration
5688,1,single_head_calibration
5689,0,single_head_calibration
5690,2,single_head_calibration
5691,3,single_head_calibration
5692,1,single_head_calibration
5693,1,single_head_calibration
5694,1,single_head_calibration
5695,0,single_head_calibration
5696,1,single_head_calibration
5697,3,single_head_calibration
5698,3,multihead_evaluation
5699,1,single_head_calibration
5700,0,single_head_calibration
5701,2,single_head_calibration
5702,1,single_head_calibration
5703,0,single_head_calibration
5704,3,single_head_calibration
5705,1,single_head_calibration
5706,1,single_head_calibration
5707,1,single_head_calibration
5708,2,single_head_calibration
5709,1,single_head_calibration
5710,0,single_head_calibration
5711,0,single_head_calibration
5712,1,single_head_calibration
5713,1,multihead_evaluation
5714,1,multihead_evaluation
5715,0,single_head_calibration
5716,0,multihead_evaluation
5717,0,single_head_calibration
5718,3,single_head_calibration
5719,3,single_head_calibration
5720,1,single_head_calibration
5721,1,multihead_evaluation
5722,0,single_head_calibration
5723,1,single_head_calibration
5724,1,single_head_calibration
5725,0,single_head_calibration
5726,0,multihead_evaluation
5727,3,single_head_calibration
5728,1,single_head_calibration
5729,2,single_head_calibration
5730,3,single_head_calibration
5731,1,single_head_calibration
5732,0,single_head_calibration
5733,3,single_head_calibration
5734,1,single_head_calibration
5735,1,single_head_calibration
5736,3,single_head_calibration
5737,3,single_head_calibration
5738,3,single_head_calibration
5739,2,single_head_calibration
5740,0,single_head_calibration
5741,2,single_head_calibration
5742,3,multihead_evaluation
5743,0,single_head_calibration
5744,0,single_head_calibration
5745,1,single_head_calibration
5746,0,multihead_evaluation
5747,3,single_head_calibration
5748,2,single_head_calibration
5749,1,single_head_calibration
5750,2,single_head_calibration
5751,2,single_head_calibration
5752,3,multihead_evaluation
5753,3,multihead_evaluation
5754,3,single_head_calibration
5755,2,single_head_calibration
5756,2,single_head_calibration
5757,3,single_head_calibration
5758,2,single_head_calibration
5759,3,single_head_calibration
5760,2,multihead_evaluation
5761,1,single_head_calibration
5762,3,single_head_calibration
5763,2,multihead_evaluation
5764,1,single_head_calibration
5765,1,multihead_evaluation
5766,2,single_head_calibration
5767,3,single_head_calibration
5768,3,single_head_calibration
5769,3,single_head_calibration
5770,0,single_head_calibration
5771,2,single_head_calibration
5772,3,multihead_evaluation
5773,2,single_head_calibration
5774,3,single_head_calibration
5775,2,single_head_calibration
5776,2,single_head_calibration
5777,2,single_head_calibration
5778,0,single_head_calibration
5779,3,single_head_calibration
5780,0,single_head_calibration
5781,1,single_head_calibration
5782,3,single_head_calibration
5783,3,single_head_calibration
5784,1,single_head_calibration
5785,2,single_head_calibration
5786,0,single_head_calibration
5787,3,multihead_evaluation
5788,3,single_head_calibration
5789,1,single_head_calibration
5790,1,single_head_calibration
5791,2,single_head_calibration
5792,3,single_head_calibration
5793,3,single_head_calibration
5794,3,single_head_calibration
5795,0,single_head_calibration
5796,0,single_head_calibration
5797,0,single_head_calibration
5798,1,multihead_evaluation
5799,0,single_head_calibration
5800,3,single_head_calibration
5801,1,single_head_calibration
5802,1,single_head_calibration
5803,1,single_head_calibration
5804,2,single_head_calibration
5805,0,single_head_calibration
5806,0,single_head_calibration
5807,2,single_head_calibration
5808,0,multihead_evaluation
5809,0,single_head_calibration
5810,3,single_head_calibration
5811,1,multihead_evaluation
5812,0,single_head_calibration
5813,2,single_head_calibration
5814,2,single_head_calibration
5815,0,single_head_calibration
5816,3,multihead_evaluation
5817,1,single_head_calibration
5818,0,single_head_calibration
5819,3,single_head_calibration
5820,1,single_head_calibration
5821,1,single_head_calibration
5822,0,single_head_calibration
5823,0,single_head_calibration
5824,0,single_head_calibration
5825,3,single_head_calibration
5826,3,single_head_calibration
5827,0,single_head_calibration
5828,2,single_head_calibration
5829,3,single_head_calibration
5830,2,multihead_evaluation
5831,3,single_head_calibration
5832,1,single_head_calibration
5833,0,single_head_calibration
5834,2,single_head_calibration
5835,2,single_head_calibration
5836,2,single_head_calibration
5837,2,single_head_calibration
5838,1,multihead_evaluation
5839,2,single_head_calibration
5840,2,single_head_calibration
5841,1,single_head_calibration
5842,2,single_head_calibration
5843,2,single_head_calibration
5844,1,single_head_calibration
5845,3,single_head_calibration
5846,3,single_head_calibration
5847,3,multihead_evaluation
5848,3,single_head_calibration
5849,3,single_head_calibration
5850,2,single_head_calibration
5851,2,multihead_evaluation
5852,3,single_head_calibration
5853,3,single_head_calibration
5854,3,single_head_calibration
5855,0,single_head_calibration
5856,2,single_head_calibration
5857,3,single_head_calibration
5858,3,single_head_calibration
5859,1,single_head_calibration
5860,3,single_head_calibration
5861,3,single_head_calibration
5862,2,single_head_calibration
5863,3,multihead_evaluation
5864,3,single_head_calibration
5865,2,single_head_calibration
5866,3,single_head_calibration
5867,2,single_head_calibration
5868,3,single_head_calibration
5869,2,single_head_calibration
5870,0,multihead_evaluation
5871,2,single_head_calibration
5872,1,single_head_calibration
5873,0,single_head_calibration
5874,0,single_head_calibration
5875,3,single_head_calibration
5876,3,single_head_calibration
5877,1,single_head_calibration
5878,0,single_head_calibration
5879,0,single_head_calibration
5880,3,single_head_calibration
5881,1,multihead_evaluation
5882,1,multihead_evaluation
5883,2,single_head_calibration
5884,0,single_head_calibration
5885,0,single_head_calibration
5886,0,single_head_calibration
5887,1,single_head_calibration
5888,0,single_head_calibration
5889,0,single_head_calibration
5890,3,single_head_calibration
5891,0,single_head_calibration
5892,0,single_head_calibration
5893,2,single_head_calibration
5894,0,single_head_calibration
5895,3,multihead_evaluation
5896,3,single_head_calibration
5897,0,single_head_calibration
5898,1,single_head_calibration
5899,3,single_head_calibration
5900,2,single_head_calibration
5901,2,multihead_evaluation
5902,3,single_head_calibration
5903,3,single_head_calibration
5904,1,single_head_calibration
5905,1,single_head_calibration
5906,3,multihead_evaluation
5907,2,single_head_calibration
5908,1,single_head_calibration
5909,0,single_head_calibration
5910,0,single_head_calibration
5911,3,single_head_calibration
5912,3,single_head_calibration
5913,0,single_head_calibration
5914,1,single_head_calibration
5915,2,single_head_calibration
5916,0,single_head_calibration
5917,3,multihead_evaluation
5918,3,single_head_calibration
5919,2,single_head_calibration
5920,0,single_head_calibration
5921,2,single_head_calibration
5922,0,single_head_calibration
5923,2,single_head_calibration
5924,3,single_head_calibration
5925,2,single_head_calibration
5926,3,single_head_calibration
5927,0,single_head_calibration
5928,0,single_head_calibration
5929,0,single_head_calibration
5930,3,single_head_calibration
5931,3,single_head_calibration
5932,2,single_head_calibration
5933,2,single_head_calibration
5934,2,single_head_calibration
5935,0,single_head_calibration
5936,2,single_head_calibration
5937,2,single_head_calibration
5938,0,single_head_calibration
5939,0,multihead_evaluation
5940,2,single_head_calibration
5941,0,single_head_calibration
5942,2,single_head_calibration
5943,2,single_head_calibration
5944,3,single_head_calibration
5945,0,single_head_calibration
5946,2,single_head_calibration
5947,3,single_head_calibration
5948,1,single_head_calibration
5949,1,multihead_evaluation
5950,2,single_head_calibration
5951,0,single_head_calibration
5952,2,single_head_calibration
5953,0,single_head_calibration
5954,1,single_head_calibration
5955,2,single_head_calibration
5956,0,single_head_calibration
5957,1,single_head_calibration
5958,0,multihead_evaluation
5959,1,single_head_calibration
5960,3,single_head_calibration
5961,0,multihead_evaluation
5962,2,single_head_calibration
5963,1,single_head_calibration
5964,3,single_head_calibration
5965,0,multihead_evaluation
5966,1,multihead_evaluation
5967,1,single_head_calibration
5968,3,single_head_calibration
5969,2,single_head_calibration
5970,1,single_head_calibration
5971,2,multihead_evaluation
5972,0,single_head_calibration
5973,0,single_head_calibration
5974,0,single_head_calibration
5975,1,multihead_evaluation
5976,1,single_head_calibration
5977,1,single_head_calibration
5978,2,single_head_calibration
5979,2,single_head_calibration
5980,1,single_head_calibration
5981,0,single_head_calibration
5982,0,single_head_calibration
5983,3,single_head_calibration
5984,0,single_head_calibration
5985,0,single_head_calibration
5986,2,single_head_calibration
5987,2,single_head_calibration
5988,3,multihead_evaluation
5989,0,single_head_calibration
5990,1,single_head_calibration
5991,0,single_head_calibration
5992,0,single_head_calibration
5993,0,single_head_calibration
5994,2,single_head_calibration
5995,2,single_head_calibration
5996,2,single_head_calibration
5997,1,single_head_calibration
5998,2,multihead_evaluation
5999,1,multihead_evaluation
6000,2,multihead_evaluation
6001,2,single_head_calibration
6002,0,single_head_calibration
6003,3,single_head_calibration
6004,1,single_head_calibration
6005,2,single_head_calibration
6006,2,single_head_calibration
6007,1,multihead_evaluation
6008,3,single_head_calibration
6009,3,single_head_calibration
6010,2,single_head_calibration
6011,3,single_head_calibration
6012,0,single_head_calibration
6013,2,single_head_calibration
6014,3,single_head_calibration
6015,2,multihead_evaluation
6016,3,single_head_calibration
6017,3,single_head_calibration
6018,3,single_head_calibration
6019,1,single_head_calibration
6020,3,single_head_calibration
6021,2,single_head_calibration
6022,2,single_head_calibration
6023,2,single_head_calibration
6024,2,single_head_calibration
6025,2,single_head_calibration
6026,3,multihead_evaluation
6027,2,multihead_evaluation
6028,2,single_head_calibration
6029,1,single_head_calibration
6030,3,single_head_calibration
6031,3,single_head_calibration
6032,0,single_head_calibration
6033,1,single_head_calibration
6034,3,single_head_calibration
6035,3,single_head_calibration
6036,3,single_head_calibration
6037,2,multihead_evaluation
6038,3,single_head_calibration
6039,1,single_head_calibration
6040,1,single_head_calibration
6041,0,single_head_calibration
6042,2,single_head_calibration
6043,2,single_head_calibration
6044,0,single_head_calibration
6045,0,single_head_calibration
6046,0,single_head_calibration
6047,0,single_head_calibration
6048,0,single_head_calibration
6049,2,single_head_calibration
6050,2,single_head_calibration
6051,2,single_head_calibration
6052,1,single_head_calibration
6053,2,single_head_calibration
6054,2,single_head_calibration
6055,3,single_head_calibration
6056,1,single_head_calibration
6057,1,single_head_calibration
6058,0,single_head_calibration
6059,3,multihead_evaluation
6060,1,single_head_calibration
6061,0,single_head_calibration
6062,3,single_head_calibration
6063,3,multihead_evaluation
6064,2,single_head_calibration
6065,0,single_head_calibration
6066,2,single_head_calibration
6067,2,single_head_calibration
6068,3,single_head_calibration
6069,2,single_head_calibration
6070,2,multihead_evaluation
6071,3,single_head_calibration
6072,2,single_head_calibration
6073,1,single_head_calibration
6074,2,single_head_calibration
6075,0,single_head_calibration
6076,1,single_head_calibration
6077,1,single_head_calibration
6078,3,single_head_calibration
6079,2,multihead_evaluation
6080,3,single_head_calibration
6081,3,multihead_evaluation
6082,3,single_head_calibration
6083,2,single_head_calibration
6084,2,single_head_calibration
6085,3,single_head_calibration
6086,3,single_head_calibration
6087,1,single_head_calibration
6088,3,single_head_calibration
6089,0,single_head_calibration
6090,1,multihead_evaluation
6091,2,single_head_calibration
6092,1,multihead_evaluation
6093,0,single_head_calibration
6094,3,single_head_calibration
6095,3,single_head_calibration
6096,2,multihead_evaluation
6097,3,single_head_calibration
6098,0,single_head_calibration
6099,0,multihead_evaluation
6100,2,multihead_evaluation
6101,2,multihead_evaluation
6102,1,single_head_calibration
6103,2,single_head_calibration
6104,2,single_head_calibration
6105,2,multihead_evaluation
6106,1,single_head_calibration
6107,0,single_head_calibration
6108,0,single_head_calibration
6109,2,single_head_calibration
6110,3,single_head_calibration
6111,1,single_head_calibration
6112,3,single_head_calibration
6113,2,single_head_calibration
6114,0,single_head_calibration
6115,3,single_head_calibration
6116,2,multihead_evaluation
6117,2,single_head_calibration
6118,1,single_head_calibration
6119,0,multihead_evaluation
6120,0,single_head_calibration
6121,1,single_head_calibration
6122,2,multihead_evaluation
6123,0,single_head_calibration
6124,2,single_head_calibration
6125,3,multihead_evaluation
6126,3,single_head_calibration
6127,1,multihead_evaluation
6128,1,single_head_calibration
6129,3,multihead_evaluation
6130,0,single_head_calibration
6131,2,single_head_calibration
6132,3,single_head_calibration
6133,0,single_head_calibration
6134,0,single_head_calibration
6135,1,single_head_calibration
6136,0,single_head_calibration
6137,2,single_head_calibration
6138,2,single_head_calibration
6139,3,single_head_calibration
6140,3,single_head_calibration
6141,3,single_head_calibration
6142,2,single_head_calibration
6143,0,multihead_evaluation
6144,3,single_head_calibration
6145,0,single_head_calibration
6146,1,single_head_calibration
6147,1,multihead_evaluation
6148,1,single_head_calibration
6149,0,multihead_evaluation
6150,0,single_head_calibration
6151,1,single_head_calibration
6152,1,single_head_calibration
6153,1,single_head_calibration
6154,3,single_head_calibration
6155,1,single_head_calibration
6156,1,single_head_calibration
6157,1,multihead_evaluation
6158,0,single_head_calibration
6159,0,single_head_calibration
6160,0,single_head_calibration
6161,2,single_head_calibration
6162,1,multihead_evaluation
6163,1,multihead_evaluation
6164,1,single_head_calibration
6165,2,single_head_calibration
6166,0,single_head_calibration
6167,3,single_head_calibration
6168,3,single_head_calibration
6169,2,single_head_calibration
6170,1,single_head_calibration
6171,1,single_head_calibration
6172,1,single_head_calibration
6173,2,single_head_calibration
6174,1,single_head_calibration
6175,0,single_head_calibration
6176,0,multihead_evaluation
6177,0,single_head_calibration
6178,1,single_head_calibration
6179,1,single_head_calibration
6180,2,single_head_calibration
6181,2,single_head_calibration
6182,1,single_head_calibration
6183,2,single_head_calibration
6184,1,single_head_calibration
6185,2,single_head_calibration
6186,1,single_head_calibration
6187,1,single_head_calibration
6188,1,single_head_calibration
6189,0,single_head_calibration
6190,1,single_head_calibration
6191,0,single_head_calibration
6192,2,single_head_calibration
6193,2,single_head_calibration
6194,1,multihead_evaluation
6195,1,single_head_calibration
6196,2,single_head_calibration
6197,0,single_head_calibration
6198,1,multihead_evaluation
6199,1,single_head_calibration
6200,3,single_head_calibration
6201,1,multihead_evaluation
6202,0,single_head_calibration
6203,2,single_head_calibration
6204,0,single_head_calibration
6205,0,single_head_calibration
6206,0,single_head_calibration
6207,2,single_head_calibration
6208,2,single_head_calibration
6209,1,single_head_calibration
6210,0,single_head_calibration
6211,0,single_head_calibration
6212,0,single_head_calibration
6213,0,single_head_calibration
6214,1,single_head_calibration
6215,0,single_head_calibration
6216,2,single_head_calibration
6217,1,single_head_calibration
6218,0,single_head_calibration
6219,3,single_head_calibration
6220,3,single_head_calibration
6221,0,single_head_calibration
6222,2,single_head_calibration
6223,1,single_head_calibration
6224,2,single_head_calibration
6225,1,single_head_calibration
6226,2,single_head_calibration
6227,1,single_head_calibration
6228,0,single_head_calibration
6229,2,single_head_calibration
6230,2,multihead_evaluation
6231,3,single_head_calibration
6232,1,single_head_calibration
6233,0,single_head_calibration
6234,2,single_head_calibration
6235,2,multihead_evaluation
6236,1,single_head_calibration
6237,1,single_head_calibration
6238,0,single_head_calibration
6239,0,single_head_calibration
6240,3,single_head_calibration
6241,2,single_head_calibration
6242,2,single_head_calibration
6243,2,single_head_calibration
6244,2,single_head_calibration
6245,2,single_head_calibration
6246,3,single_head_calibration
6247,3,single_head_calibration
6248,2,multihead_evaluation
6249,2,single_head_calibration
6250,3,single_head_calibration
6251,0,single_head_calibration
6252,0,single_head_calibration
6253,0,single_head_calibration
6254,0,single_head_calibration
6255,0,single_head_calibration
6256,2,single_head_calibration
6257,1,multihead_evaluation
6258,2,single_head_calibration
6259,3,single_head_calibration
6260,3,single_head_calibration
6261,3,single_head_calibration
6262,3,multihead_evaluation
6263,0,single_head_calibration
6264,1,single_head_calibration
6265,2,single_head_calibration
6266,0,single_head_calibration
6267,2,single_head_calibration
6268,3,single_head_calibration
6269,3,single_head_calibration
6270,1,single_head_calibration
6271,2,single_head_calibration
6272,2,multihead_evaluation
6273,2,single_head_calibration
6274,3,single_head_calibration
6275,3,single_head_calibration
6276,2,single_head_calibration
6277,1,single_head_calibration
6278,3,multihead_evaluation
6279,1,single_head_calibration
6280,3,single_head_calibration
6281,0,single_head_calibration
6282,3,single_head_calibration
6283,2,single_head_calibration
6284,2,single_head_calibration
6285,2,single_head_calibration
6286,0,single_head_calibration
6287,3,single_head_calibration
6288,3,multihead_evaluation
6289,1,single_head_calibration
6290,2,single_head_calibration
6291,2,multihead_evaluation
6292,0,single_head_calibration
6293,2,single_head_calibration
6294,3,multihead_evaluation
6295,1,single_head_calibration
6296,2,single_head_calibration
6297,3,multihead_evaluation
6298,1,single_head_calibration
6299,3,single_head_calibration
6300,2,single_head_calibration
6301,1,single_head_calibration
6302,1,single_head_calibration
6303,1,single_head_calibration
6304,1,single_head_calibration
6305,0,single_head_calibration
6306,3,single_head_calibration
6307,1,single_head_calibration
6308,0,single_head_calibration
6309,3,single_head_calibration
6310,2,single_head_calibration
6311,3,single_head_calibration
6312,3,single_head_calibration
6313,3,single_head_calibration
6314,3,single_head_calibration
6315,3,single_head_calibration
6316,0,single_head_calibration
6317,3,multihead_evaluation
6318,3,multihead_evaluation
6319,1,single_head_calibration
6320,3,multihead_evaluation
6321,0,single_head_calibration
6322,3,multihead_evaluation
6323,3,multihead_evaluation
6324,0,single_head_calibration
6325,3,single_head_calibration
6326,1,multihead_evaluation
6327,0,single_head_calibration
6328,1,single_head_calibration
6329,1,single_head_calibration
6330,1,single_head_calibration
6331,1,multihead_evaluation
6332,0,single_head_calibration
6333,1,single_head_calibration
6334,0,single_head_calibration
6335,2,single_head_calibration
6336,2,single_head_calibration
6337,0,single_head_calibration
6338,0,single_head_calibration
6339,0,single_head_calibration
6340,1,single_head_calibration
6341,0,single_head_calibration
6342,2,single_head_calibration
6343,0,single_head_calibration
6344,3,single_head_calibration
6345,2,single_head_calibration
6346,3,single_head_calibration
6347,2,multihead_evaluation
6348,2,single_head_calibration
6349,2,single_head_calibration
6350,3,single_head_calibration
6351,3,multihead_evaluation
6352,0,single_head_calibration
6353,0,multihead_evaluation
6354,2,multihead_evaluation
6355,3,multihead_evaluation
6356,1,single_head_calibration
6357,2,multihead_evaluation
6358,1,single_head_calibration
6359,2,single_head_calibration
6360,1,single_head_calibration
6361,0,single_head_calibration
6362,2,multihead_evaluation
6363,2,multihead_evaluation
6364,2,single_head_calibration
6365,3,single_head_calibration
6366,1,single_head_calibration
6367,1,single_head_calibration
6368,3,single_head_calibration
6369,2,single_head_calibration
6370,3,single_head_calibration
6371,3,single_head_calibration
6372,3,single_head_calibration
6373,2,multihead_evaluation
6374,1,multihead_evaluation
6375,1,single_head_calibration
6376,1,multihead_evaluation
6377,0,single_head_calibration
6378,2,single_head_calibration
6379,2,single_head_calibration
6380,2,single_head_calibration
6381,2,single_head_calibration
6382,2,single_head_calibration
6383,0,multihead_evaluation
6384,0,single_head_calibration
6385,2,single_head_calibration
6386,0,single_head_calibration
6387,1,multihead_evaluation
6388,3,single_head_calibration
6389,3,multihead_evaluation
6390,1,single_head_calibration
6391,3,single_head_calibration
6392,0,single_head_calibration
6393,3,single_head_calibration
6394,0,single_head_calibration
6395,1,single_head_calibration
6396,1,single_head_calibration
6397,2,multihead_evaluation
6398,2,single_head_calibration
6399,1,multihead_evaluation
6400,3,single_head_calibration
6401,0,single_head_calibration
6402,1,single_head_calibration
6403,0,single_head_calibration
6404,1,single_head_calibration
6405,1,single_head_calibration
6406,2,single_head_calibration
6407,1,multihead_evaluation
6408,1,single_head_calibration
6409,1,single_head_calibration
6410,3,single_head_calibration
6411,1,single_head_calibration
6412,0,single_head_calibration
6413,0,multihead_evaluation
6414,0,single_head_calibration
6415,2,single_head_calibration
6416,0,single_head_calibration
6417,0,single_head_calibration
6418,0,single_head_calibration
6419,1,single_head_calibration
6420,0,single_head_calibration
6421,1,single_head_calibration
6422,1,multihead_evaluation
6423,1,multihead_evaluation
6424,1,single_head_calibration
6425,1,single_head_calibration
6426,1,single_head_calibration
6427,2,single_head_calibration
6428,1,single_head_calibration
6429,0,multihead_evaluation
6430,0,single_head_calibration
6431,1,single_head_calibration
6432,0,single_head_calibration
6433,1,single_head_calibration
6434,0,single_head_calibration
6435,2,single_head_calibration
6436,3,single_head_calibration
6437,2,single_head_calibration
6438,2,single_head_calibration
6439,2,single_head_calibration
6440,3,single_head_calibration
6441,0,single_head_calibration
6442,2,single_head_calibration
6443,0,single_head_calibration
6444,1,single_head_calibration
6445,2,single_head_calibration
6446,3,single_head_calibration
6447,0,single_head_calibration
6448,0,single_head_calibration
6449,0,single_head_calibration
6450,3,single_head_calibration
6451,0,single_head_calibration
6452,1,single_head_calibration
6453,3,multihead_evaluation
6454,2,single_head_calibration
6455,1,single_head_calibration
6456,0,single_head_calibration
6457,2,multihead_evaluation
6458,2,single_head_calibration
6459,1,single_head_calibration
6460,2,single_head_calibration
6461,2,multihead_evaluation
6462,2,single_head_calibration
6463,3,single_head_calibration
6464,2,single_head_calibration
6465,0,single_head_calibration
6466,3,single_head_calibration
6467,0,single_head_calibration
6468,0,multihead_evaluation
6469,2,single_head_calibration
6470,1,single_head_calibration
6471,1,single_head_calibration
6472,1,single_head_calibration
6473,0,multihead_evaluation
6474,3,single_head_calibration
6475,2,single_head_calibration
6476,2,single_head_calibration
6477,2,single_head_calibration
6478,1,single_head_calibration
6479,0,single_head_calibration
6480,0,multihead_evaluation
6481,0,single_head_calibration
6482,1,multihead_evaluation
6483,0,single_head_calibration
6484,2,single_head_calibration
6485,3,single_head_calibration
6486,1,single_head_calibration
6487,0,single_head_calibration
6488,0,single_head_calibration
6489,0,single_head_calibration
6490,1,single_head_calibration
6491,2,single_head_calibration
6492,3,single_head_calibration
6493,2,multihead_evaluation
6494,1,single_head_calibration
6495,1,single_head_calibration
6496,3,single_head_calibration
6497,0,single_head_calibration
6498,1,single_head_calibration
6499,1,single_head_calibration
6500,3,single_head_calibration
6501,0,single_head_calibration
6502,1,single_head_calibration
6503,2,multihead_evaluation
6504,3,single_head_calibration
6505,1,single_head_calibration
6506,3,single_head_calibration
6507,1,single_head_calibration
6508,2,single_head_calibration
6509,0,single_head_calibration
6510,2,single_head_calibration
6511,2,single_head_calibration
6512,0,multihead_evaluation
6513,3,single_head_calibration
6514,0,single_head_calibration
6515,1,single_head_calibration
6516,0,single_head_calibration
6517,0,single_head_calibration
6518,0,single_head_calibration
6519,1,single_head_calibration
6520,1,single_head_calibration
6521,2,single_head_calibration
6522,1,single_head_calibration
6523,0,single_head_calibration
6524,2,single_head_calibration
6525,1,multihead_evaluation
6526,0,single_head_calibration
6527,1,single_head_calibration
6528,1,single_head_calibration
6529,1,single_head_calibration
6530,1,single_head_calibration
6531,3,single_head_calibration
6532,2,single_head_calibration
6533,1,multihead_evaluation
6534,1,single_head_calibration
6535,2,single_head_calibration
6536,1,single_head_calibration
6537,1,single_head_calibration
6538,1,single_head_calibration
6539,3,single_head_calibration
6540,2,multihead_evaluation
6541,1,multihead_evaluation
6542,2,single_head_calibration
6543,0,single_head_calibration
6544,0,single_head_calibration
6545,0,multihead_evaluation
6546,1,single_head_calibration
6547,1,single_head_calibration
6548,1,single_head_calibration
6549,0,single_head_calibration
6550,1,single_head_calibration
6551,0,single_head_calibration
6552,3,single_head_calibration
6553,1,single_head_calibration
6554,2,single_head_calibration
6555,2,single_head_calibration
6556,0,single_head_calibration
6557,3,single_head_calibration
6558,3,single_head_calibration
6559,0,multihead_evaluation
6560,3,single_head_calibration
6561,2,single_head_calibration
6562,3,single_head_calibration
6563,3,single_head_calibration
6564,0,single_head_calibration
6565,2,single_head_calibration
6566,2,single_head_calibration
6567,3,single_head_calibration
6568,3,single_head_calibration
6569,1,multihead_evaluation
6570,1,single_head_calibration
6571,3,single_head_calibration
6572,2,single_head_calibration
6573,1,single_head_calibration
6574,2,single_head_calibration
6575,3,multihead_evaluation
6576,0,single_head_calibration
6577,1,single_head_calibration
6578,0,single_head_calibration
6579,0,single_head_calibration
6580,0,single_head_calibration
6581,3,single_head_calibration
6582,2,single_head_calibration
6583,2,single_head_calibration
6584,1,single_head_calibration
6585,2,single_head_calibration
6586,2,single_head_calibration
6587,0,single_head_calibration
6588,0,single_head_calibration
6589,3,single_head_calibration
6590,1,multihead_evaluation
6591,2,single_head_calibration
6592,2,single_head_calibration
6593,2,single_head_calibration
6594,3,multihead_evaluation
6595,0,single_head_calibration
6596,2,single_head_calibration
6597,0,single_head_calibration
6598,2,single_head_calibration
6599,3,single_head_calibration
6600,1,single_head_calibration
6601,1,single_head_calibration
6602,0,single_head_calibration
6603,1,single_head_calibration
6604,3,single_head_calibration
6605,2,single_head_calibration
6606,1,single_head_calibration
6607,0,multihead_evaluation
6608,1,single_head_calibration
6609,1,single_head_calibration
6610,3,single_head_calibration
6611,1,single_head_calibration
6612,2,single_head_calibration
6613,3,single_head_calibration
6614,3,single_head_calibration
6615,0,single_head_calibration
6616,1,single_head_calibration
6617,3,single_head_calibration
6618,0,single_head_calibration
6619,0,multihead_evaluation
6620,1,single_head_calibration
6621,2,single_head_calibration
6622,1,single_head_calibration
6623,2,single_head_calibration
6624,1,single_head_calibration
6625,0,single_head_calibration
6626,0,single_head_calibration
6627,1,single_head_calibration
6628,1,single_head_calibration
6629,2,single_head_calibration
6630,2,single_head_calibration
6631,1,single_head_calibration
6632,0,single_head_calibration
6633,0,single_head_calibration
6634,2,single_head_calibration
6635,2,single_head_calibration
6636,2,single_head_calibration
6637,2,single_head_calibration
6638,0,single_head_calibration
6639,2,single_head_calibration
6640,0,single_head_calibration
6641,2,single_head_calibration
6642,3,single_head_calibration
6643,0,single_head_calibration
6644,2,single_head_calibration
6645,1,single_head_calibration
6646,2,single_head_calibration
6647,3,single_head_calibration
6648,3,single_head_calibration
6649,3,multihead_evaluation
6650,0,single_head_calibration
6651,3,single_head_calibration
6652,1,multihead_evaluation
6653,3,single_head_calibration
6654,1,multihead_evaluation
6655,3,single_head_calibration
6656,3,single_head_calibration
6657,1,single_head_calibration
6658,0,single_head_calibration
6659,3,single_head_calibration
6660,1,single_head_calibration
6661,2,single_head_calibration
6662,0,single_head_calibration
6663,2,single_head_calibration
6664,1,single_head_calibration
6665,2,multihead_evaluation
6666,2,single_head_calibration
6667,0,single_head_calibration
6668,1,single_head_calibration
6669,0,single_head_calibration
6670,3,single_head_calibration
6671,2,single_head_calibration
6672,3,single_head_calibration
6673,3,single_head_calibration
6674,2,single_head_calibration
6675,1,single_head_calibration
6676,1,single_head_calibration
6677,2,single_head_calibration
6678,0,single_head_calibration
6679,3,single_head_calibration
6680,2,single_head_calibration
6681,1,single_head_calibration
6682,0,multihead_evaluation
6683,2,single_head_calibration
6684,1,single_head_calibration
6685,3,single_head_calibration
6686,3,single_head_calibration
6687,1,single_head_calibration
6688,1,single_head_calibration
6689,0,single_head_calibration
6690,2,single_head_calibration
6691,2,single_head_calibration
6692,1,single_head_calibration
6693,2,single_head_calibration
6694,2,multihead_evaluation
6695,2,single_head_calibration
6696,1,single_head_calibration
6697,0,single_head_calibration
6698,0,multihead_evaluation
6699,0,single_head_calibration
6700,0,single_head_calibration
6701,3,single_head_calibration
6702,2,single_head_calibration
6703,1,single_head_calibration
6704,0,single_head_calibration
6705,2,single_head_calibration
6706,3,single_head_calibration
6707,2,single_head_calibration
6708,3,single_head_calibration
6709,1,single_head_calibration
6710,0,single_head_calibration
6711,2,single_head_calibration
6712,2,single_head_calibration
6713,2,multihead_evaluation
6714,3,single_head_calibration
6715,0,single_head_calibration
6716,0,single_head_calibration
6717,3,single_head_calibration
6718,0,single_head_calibration
6719,3,single_head_calibration
6720,3,single_head_calibration
6721,2,single_head_calibration
6722,1,single_head_calibration
6723,3,single_head_calibration
6724,2,single_head_calibration
6725,2,multihead_evaluation
6726,2,single_head_calibration
6727,1,single_head_calibration
6728,2,multihead_evaluation
6729,2,single_head_calibration
6730,3,single_head_calibration
6731,3,single_head_calibration
6732,1,single_head_calibration
6733,0,multihead_evaluation
6734,0,single_head_calibration
6735,1,single_head_calibration
6736,1,single_head_calibration
6737,2,single_head_calibration
6738,0,single_head_calibration
6739,2,single_head_calibration
6740,1,single_head_calibration
6741,1,multihead_evaluation
6742,2,multihead_evaluation
6743,0,single_head_calibration
6744,0,single_head_calibration
6745,0,single_head_calibration
6746,1,single_head_calibration
6747,1,single_head_calibration
6748,2,multihead_evaluation
6749,1,single_head_calibration
6750,3,single_head_calibration
6751,2,single_head_calibration
6752,3,multihead_evaluation
6753,3,multihead_evaluation
6754,1,single_head_calibration
6755,3,single_head_calibration
6756,0,single_head_calibration
6757,3,single_head_calibration
6758,3,single_head_calibration
6759,3,single_head_calibration
6760,3,multihead_evaluation
6761,3,single_head_calibration
6762,3,single_head_calibration
6763,3,single_head_calibration
6764,3,single_head_calibration
6765,3,single_head_calibration
6766,0,single_head_calibration
6767,2,single_head_calibration
6768,3,single_head_calibration
6769,1,single_head_calibration
6770,0,multihead_evaluation
6771,0,multihead_evaluation
6772,3,single_head_calibration
6773,3,single_head_calibration
6774,3,multihead_evaluation
6775,1,single_head_calibration
6776,0,single_head_calibration
6777,0,single_head_calibration
6778,2,single_head_calibration
6779,3,single_head_calibration
6780,3,single_head_calibration
6781,3,single_head_calibration
6782,3,single_head_calibration
6783,3,single_head_calibration
6784,2,single_head_calibration
6785,3,single_head_calibration
6786,1,single_head_calibration
6787,3,single_head_calibration
6788,1,multihead_evaluation
6789,2,single_head_calibration
6790,2,single_head_calibration
6791,2,single_head_calibration
6792,0,single_head_calibration
6793,2,single_head_calibration
6794,0,single_head_calibration
6795,0,single_head_calibration
6796,2,single_head_calibration
6797,2,single_head_calibration
6798,1,single_head_calibration
6799,1,multihead_evaluation
6800,3,single_head_calibration
6801,3,single_head_calibration
6802,1,single_head_calibration
6803,0,single_head_calibration
6804,0,single_head_calibration
6805,0,multihead_evaluation
6806,2,multihead_evaluation
6807,3,single_head_calibration
6808,3,multihead_evaluation
6809,3,single_head_calibration
6810,2,single_head_calibration
6811,1,single_head_calibration
6812,0,single_head_calibration
6813,3,single_head_calibration
6814,2,single_head_calibration
6815,3,single_head_calibration
6816,0,single_head_calibration
6817,2,single_head_calibration
6818,0,single_head_calibration
6819,2,single_head_calibration
6820,3,multihead_evaluation
6821,3,single_head_calibration
6822,1,single_head_calibration
6823,3,single_head_calibration
6824,0,single_head_calibration
6825,1,single_head_calibration
6826,2,single_head_calibration
6827,2,single_head_calibration
6828,3,single_head_calibration
6829,2,single_head_calibration
6830,1,single_head_calibration
6831,3,single_head_calibration
6832,0,single_head_calibration
6833,0,single_head_calibration
6834,3,single_head_calibration
6835,3,single_head_calibration
6836,2,multihead_evaluation
6837,0,single_head_calibration
6838,3,single_head_calibration
6839,0,single_head_calibration
6840,3,single_head_calibration
6841,3,single_head_calibration
6842,3,single_head_calibration
6843,3,multihead_evaluation
6844,3,single_head_calibration
6845,2,single_head_calibration
6846,2,single_head_calibration
6847,2,single_head_calibration
6848,2,single_head_calibration
6849,2,single_head_calibration
6850,2,single_head_calibration
6851,0,single_head_calibration
6852,0,single_head_calibration
6853,2,single_head_calibration
6854,0,single_head_calibration
6855,0,single_head_calibration
6856,0,multihead_evaluation
6857,1,single_head_calibration
6858,1,single_head_calibration
6859,1,single_head_calibration
6860,2,single_head_calibration
6861,1,single_head_calibration
6862,2,single_head_calibration
6863,1,single_head_calibration
6864,3,multihead_evaluation
6865,3,single_head_calibration
6866,3,single_head_calibration
6867,2,single_head_calibration
6868,2,single_head_calibration
6869,1,single_head_calibration
6870,3,single_head_calibration
6871,1,single_head_calibration
6872,1,multihead_evaluation
6873,3,multihead_evaluation
6874,1,single_head_calibration
6875,1,single_head_calibration
6876,1,single_head_calibration
6877,2,single_head_calibration
6878,2,single_head_calibration
6879,0,single_head_calibration
6880,0,single_head_calibration
6881,1,multihead_evaluation
6882,1,single_head_calibration
6883,1,single_head_calibration
6884,1,single_head_calibration
6885,0,single_head_calibration
6886,0,single_head_calibration
6887,2,single_head_calibration
6888,1,single_head_calibration
6889,1,single_head_calibration
6890,1,multihead_evaluation
6891,0,single_head_calibration
6892,1,single_head_calibration
6893,2,multihead_evaluation
6894,0,multihead_evaluation
6895,0,multihead_evaluation
6896,0,single_head_calibration
6897,1,single_head_calibration
6898,3,single_head_calibration
6899,0,single_head_calibration
6900,2,single_head_calibration
6901,1,multihead_evaluation
6902,0,single_head_calibration
6903,3,single_head_calibration
6904,3,single_head_calibration
6905,2,single_head_calibration
6906,2,single_head_calibration
6907,1,single_head_calibration
6908,3,single_head_calibration
6909,1,single_head_calibration
6910,3,single_head_calibration
6911,3,single_head_calibration
6912,3,single_head_calibration
6913,0,single_head_calibration
6914,0,single_head_calibration
6915,1,single_head_calibration
6916,2,single_head_calibration
6917,2,multihead_evaluation
6918,1,single_head_calibration
6919,0,single_head_calibration
6920,2,single_head_calibration
6921,2,multihead_evaluation
6922,1,single_head_calibration
6923,1,single_head_calibration
6924,1,single_head_calibration
6925,2,multihead_evaluation
6926,3,single_head_calibration
6927,1,single_head_calibration
6928,1,single_head_calibration
6929,0,single_head_calibration
6930,1,single_head_calibration
6931,2,multihead_evaluation
6932,1,single_head_calibration
6933,1,single_head_calibration
6934,2,single_head_calibration
6935,0,multihead_evaluation
6936,3,single_head_calibration
6937,2,single_head_calibration
6938,2,single_head_calibration
6939,1,single_head_calibration
6940,2,single_head_calibration
6941,1,single_head_calibration
6942,0,single_head_calibration
6943,3,single_head_calibration
6944,1,single_head_calibration
6945,0,single_head_calibration
6946,0,single_head_calibration
6947,2,single_head_calibration
6948,0,single_head_calibration
6949,0,single_head_calibration
6950,2,multihead_evaluation
6951,3,single_head_calibration
6952,0,single_head_calibration
6953,3,single_head_calibration
6954,2,single_head_calibration
6955,1,single_head_calibration
6956,3,single_head_calibration
6957,3,single_head_calibration
6958,3,multihead_evaluation
6959,2,single_head_calibration
6960,0,multihead_evaluation
6961,2,single_head_calibration
6962,0,single_head_calibration
6963,1,single_head_calibration
6964,0,single_head_calibration
6965,0,single_head_calibration
6966,2,single_head_calibration
6967,0,single_head_calibration
6968,3,single_head_calibration
6969,2,single_head_calibration
6970,2,single_head_calibration
6971,3,single_head_calibration
6972,3,single_head_calibration
6973,0,single_head_calibration
6974,2,single_head_calibration
6975,3,single_head_calibration
6976,0,multihead_evaluation
6977,1,single_head_calibration
6978,1,single_head_calibration
6979,1,single_head_calibration
6980,2,single_head_calibration
6981,2,single_head_calibration
6982,2,single_head_calibration
6983,0,single_head_calibration
6984,3,single_head_calibration
6985,0,single_head_calibration
6986,2,single_head_calibration
6987,0,single_head_calibration
6988,1,single_head_calibration
6989,2,single_head_calibration
6990,0,single_head_calibration
6991,3,single_head_calibration
6992,3,single_head_calibration
6993,2,single_head_calibration
6994,1,single_head_calibration
6995,1,single_head_calibration
6996,2,single_head_calibration
6997,2,multihead_evaluation
6998,0,single_head_calibration
6999,3,single_head_calibration
7000,3,single_head_calibration
7001,2,single_head_calibration
7002,3,single_head_calibration
7003,3,single_head_calibration
7004,3,single_head_calibration
7005,2,single_head_calibration
7006,1,single_head_calibration
7007,1,single_head_calibration
7008,2,single_head_calibration
7009,1,single_head_calibration
7010,1,single_head_calibration
7011,1,single_head_calibration
7012,1,single_head_calibration
7013,2,single_head_calibration
7014,3,single_head_calibration
7015,3,single_head_calibration
7016,1,single_head_calibration
7017,0,single_head_calibration
7018,0,single_head_calibration
7019,1,single_head_calibration
7020,2,single_head_calibration
7021,0,single_head_calibration
7022,0,single_head_calibration
7023,3,single_head_calibration
7024,0,single_head_calibration
7025,0,multihead_evaluation
7026,2,single_head_calibration
7027,3,single_head_calibration
7028,2,single_head_calibration
7029,0,multihead_evaluation
7030,2,single_head_calibration
7031,3,single_head_calibration
7032,0,single_head_calibration
7033,2,multihead_evaluation
7034,0,multihead_evaluation
7035,3,single_head_calibration
7036,3,multihead_evaluation
7037,0,single_head_calibration
7038,3,single_head_calibration
7039,2,multihead_evaluation
7040,3,multihead_evaluation
7041,0,single_head_calibration
7042,2,single_head_calibration
7043,2,single_head_calibration
7044,3,multihead_evaluation
7045,2,single_head_calibration
7046,2,single_head_calibration
7047,1,single_head_calibration
7048,3,multihead_evaluation
7049,3,single_head_calibration
7050,2,single_head_calibration
7051,2,single_head_calibration
7052,3,single_head_calibration
7053,0,single_head_calibration
7054,3,single_head_calibration
7055,3,multihead_evaluation
7056,2,single_head_calibration
7057,2,single_head_calibration
7058,0,single_head_calibration
7059,3,single_head_calibration
7060,3,single_head_calibration
7061,2,single_head_calibration
7062,3,single_head_calibration
7063,0,single_head_calibration
7064,1,multihead_evaluation
7065,0,single_head_calibration
7066,1,single_head_calibration
7067,3,single_head_calibration
7068,3,single_head_calibration
7069,1,multihead_evaluation
7070,2,single_head_calibration
7071,0,single_head_calibration
7072,1,single_head_calibration
7073,0,multihead_evaluation
7074,2,single_head_calibration
7075,2,single_head_calibration
7076,0,single_head_calibration
7077,0,single_head_calibration
7078,1,single_head_calibration
7079,0,single_head_calibration
7080,2,single_head_calibration
7081,2,single_head_calibration
7082,2,single_head_calibration
7083,3,single_head_calibration
7084,3,single_head_calibration
7085,1,multihead_evaluation
7086,0,single_head_calibration
7087,0,single_head_calibration
7088,1,single_head_calibration
7089,3,multihead_evaluation
7090,1,single_head_calibration
7091,0,single_head_calibration
7092,3,multihead_evaluation
7093,3,single_head_calibration
7094,1,single_head_calibration
7095,1,single_head_calibration
7096,3,single_head_calibration
7097,3,single_head_calibration
7098,2,single_head_calibration
7099,0,single_head_calibration
7100,2,single_head_calibration
7101,0,single_head_calibration
7102,3,single_head_calibration
7103,2,single_head_calibration
7104,2,single_head_calibration
7105,1,single_head_calibration
7106,2,single_head_calibration
7107,1,single_head_calibration
7108,2,single_head_calibration
7109,2,multihead_evaluation
7110,0,multihead_evaluation
7111,3,single_head_calibration
7112,3,single_head_calibration
7113,1,single_head_calibration
7114,2,single_head_calibration
7115,2,single_head_calibration
7116,2,single_head_calibration
7117,2,single_head_calibration
7118,0,single_head_calibration
7119,2,single_head_calibration
7120,3,single_head_calibration
7121,2,single_head_calibration
7122,3,single_head_calibration
7123,1,single_head_calibration
7124,2,single_head_calibration
7125,3,single_head_calibration
7126,3,single_head_calibration
7127,1,single_head_calibration
7128,1,multihead_evaluation
7129,3,single_head_calibration
7130,2,single_head_calibration
7131,2,single_head_calibration
7132,0,single_head_calibration
7133,0,single_head_calibration
7134,2,single_head_calibration
7135,2,single_head_calibration
7136,3,single_head_calibration
7137,0,single_head_calibration
7138,1,multihead_evaluation
7139,3,single_head_calibration
7140,0,single_head_calibration
7141,1,single_head_calibration
7142,1,single_head_calibration
7143,1,single_head_calibration
7144,0,single_head_calibration
7145,0,single_head_calibration
7146,2,single_head_calibration
7147,3,single_head_calibration
7148,3,single_head_calibration
7149,1,single_head_calibration
7150,1,single_head_calibration
7151,1,single_head_calibration
7152,1,single_head_calibration
7153,1,single_head_calibration
7154,3,single_head_calibration
7155,1,multihead_evaluation
7156,1,single_head_calibration
7157,3,single_head_calibration
7158,2,single_head_calibration
7159,0,single_head_calibration
7160,1,single_head_calibration
7161,1,multihead_evaluation
7162,1,single_head_calibration
7163,0,single_head_calibration
7164,1,single_head_calibration
7165,1,single_head_calibration
7166,1,single_head_calibration
7167,0,single_head_calibration
7168,1,single_head_calibration
7169,1,single_head_calibration
7170,0,single_head_calibration
7171,0,single_head_calibration
7172,0,single_head_calibration
7173,2,single_head_calibration
7174,1,single_head_calibration
7175,1,multihead_evaluation
7176,0,single_head_calibration
7177,3,single_head_calibration
7178,0,single_head_calibration
7179,0,single_head_calibration
7180,0,single_head_calibration
7181,2,single_head_calibration
7182,1,single_head_calibration
7183,1,single_head_calibration
7184,1,single_head_calibration
7185,1,single_head_calibration
7186,1,single_head_calibration
7187,0,single_head_calibration
7188,1,single_head_calibration
7189,2,single_head_calibration
7190,1,single_head_calibration
7191,1,single_head_calibration
7192,1,single_head_calibration
7193,1,single_head_calibration
7194,3,single_head_calibration
7195,0,single_head_calibration
7196,1,single_head_calibration
7197,0,single_head_calibration
7198,0,single_head_calibration
7199,1,single_head_calibration
7200,0,single_head_calibration
7201,1,single_head_calibration
7202,3,single_head_calibration
7203,0,single_head_calibration
7204,2,single_head_calibration
7205,3,single_head_calibration
7206,3,multihead_evaluation
7207,3,single_head_calibration
7208,0,single_head_calibration
7209,2,single_head_calibration
7210,2,single_head_calibration
7211,1,single_head_calibration
7212,1,single_head_calibration
7213,1,single_head_calibration
7214,2,single_head_calibration
7215,3,single_head_calibration
7216,2,single_head_calibration
7217,2,single_head_calibration
7218,1,multihead_evaluation
7219,0,single_head_calibration
7220,0,single_head_calibration
7221,1,single_head_calibration
7222,1,single_head_calibration
7223,2,single_head_calibration
7224,0,single_head_calibration
7225,0,single_head_calibration
7226,0,single_head_calibration
7227,2,multihead_evaluation
7228,2,single_head_calibration
7229,0,single_head_calibration
7230,2,multihead_evaluation
7231,3,single_head_calibration
7232,1,single_head_calibration
7233,2,single_head_calibration
7234,1,single_head_calibration
7235,1,single_head_calibration
7236,2,single_head_calibration
7237,0,multihead_evaluation
7238,0,single_head_calibration
7239,0,single_head_calibration
7240,2,single_head_calibration
7241,2,single_head_calibration
7242,2,multihead_evaluation
7243,1,single_head_calibration
7244,0,single_head_calibration
7245,0,single_head_calibration
7246,3,multihead_evaluation
7247,3,single_head_calibration
7248,0,single_head_calibration
7249,2,single_head_calibration
7250,2,single_head_calibration
7251,2,single_head_calibration
7252,0,single_head_calibration
7253,0,single_head_calibration
7254,1,multihead_evaluation
7255,3,single_head_calibration
7256,0,single_head_calibration
7257,0,multihead_evaluation
7258,2,single_head_calibration
7259,2,single_head_calibration
7260,3,single_head_calibration
7261,1,single_head_calibration
7262,3,single_head_calibration
7263,2,single_head_calibration
7264,0,single_head_calibration
7265,2,single_head_calibration
7266,2,single_head_calibration
7267,0,multihead_evaluation
7268,3,single_head_calibration
7269,1,single_head_calibration
7270,3,single_head_calibration
7271,3,multihead_evaluation
7272,3,single_head_calibration
7273,3,single_head_calibration
7274,3,single_head_calibration
7275,3,single_head_calibration
7276,1,single_head_calibration
7277,0,single_head_calibration
7278,1,multihead_evaluation
7279,1,multihead_evaluation
7280,0,single_head_calibration
7281,1,single_head_calibration
7282,2,single_head_calibration
7283,1,single_head_calibration
7284,0,multihead_evaluation
7285,0,single_head_calibration
7286,2,multihead_evaluation
7287,1,single_head_calibration
7288,1,single_head_calibration
7289,1,single_head_calibration
7290,2,single_head_calibration
7291,3,multihead_evaluation
7292,0,single_head_calibration
7293,3,multihead_evaluation
7294,2,single_head_calibration
7295,0,single_head_calibration
7296,3,single_head_calibration
7297,3,single_head_calibration
7298,1,single_head_calibration
7299,0,single_head_calibration
7300,2,single_head_calibration
7301,2,single_head_calibration
7302,3,single_head_calibration
7303,2,single_head_calibration
7304,3,single_head_calibration
7305,3,single_head_calibration
7306,3,single_head_calibration
7307,3,single_head_calibration
7308,1,single_head_calibration
7309,2,single_head_calibration
7310,1,single_head_calibration
7311,3,single_head_calibration
7312,0,single_head_calibration
7313,0,single_head_calibration
7314,0,single_head_calibration
7315,1,single_head_calibration
7316,1,multihead_evaluation
7317,1,single_head_calibration
7318,2,single_head_calibration
7319,3,single_head_calibration
7320,0,single_head_calibration
7321,2,single_head_calibration
7322,3,single_head_calibration
7323,3,single_head_calibration
7324,3,single_head_calibration
7325,3,multihead_evaluation
7326,1,single_head_calibration
7327,0,single_head_calibration
7328,2,single_head_calibration
7329,2,single_head_calibration
7330,2,single_head_calibration
7331,0,single_head_calibration
7332,3,single_head_calibration
7333,2,single_head_calibration
7334,2,multihead_evaluation
7335,3,single_head_calibration
7336,0,single_head_calibration
7337,2,single_head_calibration
7338,3,single_head_calibration
7339,2,single_head_calibration
7340,3,single_head_calibration
7341,0,single_head_calibration
7342,1,single_head_calibration
7343,1,single_head_calibration
7344,0,single_head_calibration
7345,1,single_head_calibration
7346,3,single_head_calibration
7347,1,single_head_calibration
7348,3,single_head_calibration
7349,2,single_head_calibration
7350,1,single_head_calibration
7351,2,single_head_calibration
7352,1,single_head_calibration
7353,0,single_head_calibration
7354,1,single_head_calibration
7355,1,single_head_calibration
7356,0,single_head_calibration
7357,0,single_head_calibration
7358,3,single_head_calibration
7359,1,single_head_calibration
7360,3,single_head_calibration
7361,2,single_head_calibration
7362,0,single_head_calibration
7363,0,single_head_calibration
7364,0,single_head_calibration
7365,3,single_head_calibration
7366,3,single_head_calibration
7367,1,single_head_calibration
7368,0,single_head_calibration
7369,2,single_head_calibration
7370,2,multihead_evaluation
7371,0,single_head_calibration
7372,3,single_head_calibration
7373,1,single_head_calibration
7374,3,single_head_calibration
7375,0,single_head_calibration
7376,2,single_head_calibration
7377,2,single_head_calibration
7378,3,single_head_calibration
7379,1,single_head_calibration
7380,1,single_head_calibration
7381,1,single_head_calibration
7382,0,single_head_calibration
7383,1,single_head_calibration
7384,1,single_head_calibration
7385,0,single_head_calibration
7386,2,single_head_calibration
7387,2,single_head_calibration
7388,3,single_head_calibration
7389,3,single_head_calibration
7390,0,single_head_calibration
7391,2,single_head_calibration
7392,3,single_head_calibration
7393,3,multihead_evaluation
7394,1,single_head_calibration
7395,1,single_head_calibration
7396,0,single_head_calibration
7397,1,single_head_calibration
7398,3,single_head_calibration
7399,0,single_head_calibration
7400,2,multihead_evaluation
7401,3,single_head_calibration
7402,1,single_head_calibration
7403,1,single_head_calibration
7404,2,single_head_calibration
7405,2,single_head_calibration
7406,3,single_head_calibration
7407,0,single_head_calibration
7408,0,single_head_calibration
7409,3,single_head_calibration
7410,3,single_head_calibration
7411,3,single_head_calibration
7412,3,single_head_calibration
7413,2,multihead_evaluation
7414,1,single_head_calibration
7415,2,single_head_calibration
7416,3,single_head_calibration
7417,3,single_head_calibration
7418,3,single_head_calibration
7419,0,single_head_calibration
7420,2,single_head_calibration
7421,3,single_head_calibration
7422,2,multihead_evaluation
7423,1,single_head_calibration
7424,1,single_head_calibration
7425,2,single_head_calibration
7426,3,single_head_calibration
7427,3,single_head_calibration
7428,1,single_head_calibration
7429,3,single_head_calibration
7430,2,single_head_calibration
7431,2,single_head_calibration
7432,1,single_head_calibration
7433,1,single_head_calibration
7434,1,multihead_evaluation
7435,1,single_head_calibration
7436,0,single_head_calibration
7437,3,single_head_calibration
7438,2,single_head_calibration
7439,3,single_head_calibration
7440,3,single_head_calibration
7441,2,single_head_calibration
7442,1,single_head_calibration
7443,0,single_head_calibration
7444,2,single_head_calibration
7445,1,single_head_calibration
7446,2,single_head_calibration
7447,1,single_head_calibration
7448,2,single_head_calibration
7449,2,multihead_evaluation
7450,2,multihead_evaluation
7451,2,single_head_calibration
7452,2,single_head_calibration
7453,3,single_head_calibration
7454,1,single_head_calibration
7455,2,single_head_calibration
7456,3,single_head_calibration
7457,1,single_head_calibration
7458,0,single_head_calibration
7459,0,single_head_calibration
7460,0,single_head_calibration
7461,3,single_head_calibration
7462,2,single_head_calibration
7463,2,single_head_calibration
7464,2,single_head_calibration
7465,2,single_head_calibration
7466,3,single_head_calibration
7467,0,single_head_calibration
7468,2,single_head_calibration
7469,3,multihead_evaluation
7470,2,single_head_calibration
7471,0,multihead_evaluation
7472,3,single_head_calibration
7473,0,multihead_evaluation
7474,0,single_head_calibration
7475,1,single_head_calibration
7476,0,single_head_calibration
7477,0,single_head_calibration
7478,3,single_head_calibration
7479,1,single_head_calibration
7480,2,single_head_calibration
7481,3,single_head_calibration
7482,0,single_head_calibration
7483,0,single_head_calibration
7484,1,single_head_calibration
7485,3,single_head_calibration
7486,1,single_head_calibration
7487,1,single_head_calibration
7488,2,single_head_calibration
7489,1,single_head_calibration
7490,0,single_head_calibration
7491,3,single_head_calibration
7492,2,single_head_calibration
7493,3,single_head_calibration
7494,3,single_head_calibration
7495,0,multihead_evaluation
7496,2,single_head_calibration
7497,3,single_head_calibration
7498,3,single_head_calibration
7499,3,single_head_calibration
7500,1,single_head_calibration
7501,2,single_head_calibration
7502,0,single_head_calibration
7503,2,single_head_calibration
7504,3,single_head_calibration
7505,0,single_head_calibration
7506,1,single_head_calibration
7507,2,single_head_calibration
7508,2,single_head_calibration
7509,0,single_head_calibration
7510,0,single_head_calibration
7511,2,single_head_calibration
7512,0,single_head_calibration
7513,3,single_head_calibration
7514,3,single_head_calibration
7515,2,single_head_calibration
7516,0,multihead_evaluation
7517,1,multihead_evaluation
7518,3,single_head_calibration
7519,0,single_head_calibration
7520,3,single_head_calibration
7521,3,single_head_calibration
7522,3,multihead_evaluation
7523,2,single_head_calibration
7524,2,single_head_calibration
7525,1,single_head_calibration
7526,0,multihead_evaluation
7527,3,single_head_calibration
7528,1,multihead_evaluation
7529,0,single_head_calibration
7530,2,single_head_calibration
7531,1,single_head_calibration
7532,1,single_head_calibration
7533,0,single_head_calibration
7534,0,single_head_calibration
7535,2,single_head_calibration
7536,0,single_head_calibration
7537,2,single_head_calibration
7538,0,single_head_calibration
7539,0,single_head_calibration
7540,0,single_head_calibration
7541,3,single_head_calibration
7542,3,single_head_calibration
7543,2,multihead_evaluation
7544,0,multihead_evaluation
7545,0,single_head_calibration
7546,3,single_head_calibration
7547,2,single_head_calibration
7548,2,single_head_calibration
7549,2,single_head_calibration
7550,1,multihead_evaluation
7551,1,single_head_calibration
7552,0,single_head_calibration
7553,2,single_head_calibration
7554,2,single_head_calibration
7555,2,single_head_calibration
7556,2,single_head_calibration
7557,2,single_head_calibration
7558,2,single_head_calibration
7559,3,single_head_calibration
7560,0,single_head_calibration
7561,2,single_head_calibration
7562,1,single_head_calibration
7563,1,single_head_calibration
7564,2,single_head_calibration
7565,3,single_head_calibration
7566,3,single_head_calibration
7567,3,single_head_calibration
7568,0,single_head_calibration
7569,3,single_head_calibration
7570,0,single_head_calibration
7571,1,single_head_calibration
7572,1,single_head_calibration
7573,3,single_head_calibration
7574,3,single_head_calibration
7575,1,single_head_calibration
7576,1,single_head_calibration
7577,1,single_head_calibration
7578,0,multihead_evaluation
7579,2,single_head_calibration
7580,1,single_head_calibration
7581,2,single_head_calibration
7582,3,single_head_calibration
7583,1,single_head_calibration
7584,1,single_head_calibration
7585,0,multihead_evaluation
7586,1,single_head_calibration
7587,3,single_head_calibration
7588,3,single_head_calibration
7589,1,single_head_calibration
7590,1,single_head_calibration
7591,0,single_head_calibration
7592,0,multihead_evaluation
7593,1,single_head_calibration
7594,0,single_head_calibration
7595,0,single_head_calibration
7596,1,single_head_calibration
7597,1,single_head_calibration
7598,2,single_head_calibration
7599,2,single_head_calibration
